-- ============================================================
-- PREMIUM CONTENT SEED — Level B2
-- Generated for 72 lessons across 12 modules
-- ============================================================


INSERT INTO public.lesson_expressions (lesson_id, german, english_translation, arabic_translation, usage_context, formality, is_idiom, literal_translation, order_index) VALUES
  ('2e9cf866-3e72-4cb8-9ef5-43ce3f8d2c6e', 'Guten Morgen!', 'Good morning!', 'صباح الخير!', 'Used in Präsentationen und Vorträge', 'formal', false, NULL, 1),
  ('2e9cf866-3e72-4cb8-9ef5-43ce3f8d2c6e', 'Guten Tag!', 'Good day!', 'يوم سعيد!', 'Used in Präsentationen und Vorträge', 'formal', false, NULL, 2),
  ('2e9cf866-3e72-4cb8-9ef5-43ce3f8d2c6e', 'Hallo!', 'Hello!', 'مرحباً!', 'Used in Präsentationen und Vorträge', 'informal', false, NULL, 3),
  ('2e9cf866-3e72-4cb8-9ef5-43ce3f8d2c6e', 'Tschüss!', 'Bye!', 'مع السلامة!', 'Used in Präsentationen und Vorträge', 'informal', false, NULL, 4),
  ('2e9cf866-3e72-4cb8-9ef5-43ce3f8d2c6e', 'Auf Wiedersehen!', 'Goodbye!', 'إلى اللقاء!', 'Used in Präsentationen und Vorträge', 'formal', false, NULL, 5),
  ('2e9cf866-3e72-4cb8-9ef5-43ce3f8d2c6e', 'Wie geht es Ihnen?', 'How are you? (formal)', 'كيف حالك؟ (رسمي)', 'Used in Präsentationen und Vorträge', 'formal', false, NULL, 6),
  ('2e9cf866-3e72-4cb8-9ef5-43ce3f8d2c6e', 'Wie geht es dir?', 'How are you? (informal)', 'كيف حالك؟ (غير رسمي)', 'Used in Präsentationen und Vorträge', 'informal', false, NULL, 7),
  ('2e9cf866-3e72-4cb8-9ef5-43ce3f8d2c6e', 'Mir geht es gut, danke.', 'I''m fine, thanks.', 'أنا بخير، شكراً.', 'Used in Präsentationen und Vorträge', 'neutral', false, NULL, 8),
  ('2e9cf866-3e72-4cb8-9ef5-43ce3f8d2c6e', 'Freut mich!', 'Nice to meet you!', 'يسعدني!', 'Used in Präsentationen und Vorträge', 'neutral', false, NULL, 9),
  ('2e9cf866-3e72-4cb8-9ef5-43ce3f8d2c6e', 'Bis später!', 'See you later!', 'أراك لاحقاً!', 'Used in Präsentationen und Vorträge', 'informal', false, NULL, 10);

INSERT INTO public.lesson_flashcards (lesson_id, front, back, hint, category, order_index) VALUES
  ('2e9cf866-3e72-4cb8-9ef5-43ce3f8d2c6e', 'Guten Morgen', 'Good morning', 'Used before noon', 'expression', 1),
  ('2e9cf866-3e72-4cb8-9ef5-43ce3f8d2c6e', 'Guten Abend', 'Good evening', 'Used after 6 PM', 'expression', 2),
  ('2e9cf866-3e72-4cb8-9ef5-43ce3f8d2c6e', 'Tschüss', 'Bye (informal)', 'With friends', 'expression', 3),
  ('2e9cf866-3e72-4cb8-9ef5-43ce3f8d2c6e', 'Auf Wiedersehen', 'Goodbye (formal)', 'Formal situations', 'expression', 4),
  ('2e9cf866-3e72-4cb8-9ef5-43ce3f8d2c6e', 'Bis später', 'See you later', 'Soon again', 'expression', 5),
  ('2e9cf866-3e72-4cb8-9ef5-43ce3f8d2c6e', 'Willkommen', 'Welcome', 'First meeting', 'expression', 6),
  ('2e9cf866-3e72-4cb8-9ef5-43ce3f8d2c6e', 'Entschuldigung', 'Excuse me / Sorry', 'Apology or attention', 'expression', 7),
  ('2e9cf866-3e72-4cb8-9ef5-43ce3f8d2c6e', 'Vielen Dank', 'Thank you very much', 'Gratitude', 'expression', 8);

INSERT INTO public.lesson_homework (lesson_id, title, description, homework_type, tasks, estimated_minutes, order_index) VALUES
  ('2e9cf866-3e72-4cb8-9ef5-43ce3f8d2c6e', 'Homework: Präsentationsstruktur und -technik', 'Complete these tasks to reinforce "Präsentationsstruktur und -technik" (Präsentationen und Vorträge).', 'vocabulary', '[{"description":"Review all vocabulary from \"Präsentationsstruktur und -technik\" — write each word with its article and plural form."},{"description":"Write 5 sentences using the key words from this lesson."},{"description":"Practice the dialogue aloud 3 times and record yourself."}]', 15, 1);

INSERT INTO public.lesson_reviews (lesson_id, summary, key_points, grammar_summary, vocabulary_focus, common_mistakes_summary, tips) VALUES
  ('2e9cf866-3e72-4cb8-9ef5-43ce3f8d2c6e', 'In this lesson on "Präsentationsstruktur und -technik" (Präsentationen und Vorträge), you learned key vocabulary concepts at B2 level. Regular practice will help reinforce your understanding and build fluency.', '["Mastered the core vocabulary and expressions of \"Präsentationsstruktur und -technik\"","Understood and practiced the grammar structures taught","Developed vocabulary skills through targeted exercises","Built confidence in using German in practical situations","Identified areas for further practice and improvement","Connected new knowledge with previously learned material"]', '[{"title":"Key Grammar Points","summary":"Review the grammar rules and structures from this lesson on \"Präsentationsstruktur und -technik\""}]', ARRAY['"Präsentationsstruktur und -technik" core vocabulary', 'Präsentationen und Vorträge key terms']::text[], ARRAY['Pay attention to article gender (der/die/das)', 'Verb is always in second position in main clauses', 'Remember: German nouns are always capitalized']::text[], ARRAY['Practice 15-20 minutes daily for best results', 'Use new vocabulary in real sentences immediately', 'Speak out loud to improve pronunciation and fluency', 'Review previous lessons before starting new material']::text[]);

INSERT INTO public.lesson_speaking (lesson_id, title, prompt, scenario, tips, vocabulary_hints, min_duration_seconds, order_index) VALUES
  ('2e9cf866-3e72-4cb8-9ef5-43ce3f8d2c6e', 'Präsentationsstruktur und -technik — Speaking 1', 'Practice the key vocabulary and phrases from "Präsentationsstruktur und -technik" aloud. Focus on correct pronunciation.', 'Speaking practice for Präsentationen und Vorträge', ARRAY['Speak slowly and clearly', 'Use full sentences', 'Don''t worry about mistakes', 'Practice 3 times']::text[], ARRAY['Use this lesson''s vocabulary', 'Apply correct grammar']::text[], 30, 1);

INSERT INTO public.lesson_speaking (lesson_id, title, prompt, scenario, tips, vocabulary_hints, min_duration_seconds, order_index) VALUES
  ('2e9cf866-3e72-4cb8-9ef5-43ce3f8d2c6e', 'Präsentationsstruktur und -technik — Speaking 2', 'Role-play: Imagine you are in a situation related to Präsentationen und Vorträge. Have a dialogue with a partner.', 'Speaking practice for Präsentationen und Vorträge', ARRAY['Speak slowly and clearly', 'Use full sentences', 'Don''t worry about mistakes', 'Practice 3 times']::text[], ARRAY['Use this lesson''s vocabulary', 'Apply correct grammar']::text[], 60, 2);

INSERT INTO public.lesson_writing (lesson_id, title, task, tips, vocabulary_hints, grammar_focus, word_limit_min, word_limit_max, order_index) VALUES
  ('2e9cf866-3e72-4cb8-9ef5-43ce3f8d2c6e', 'Präsentationsstruktur und -technik — Writing Task 1', 'Write a short text (50-100 words) about präsentationsstruktur und -technik. Use at least 5 vocabulary words from this lesson. Focus on correct sentence structure.', ARRAY['Use vocabulary from this lesson', 'Check your grammar', 'Write complete sentences']::text[], ARRAY['Apply new vocabulary', 'Use correct articles']::text[], ARRAY['Sentence structure', 'Verb conjugation', 'Article-noun agreement']::text[], 50, 150, 1);

INSERT INTO public.lesson_conversations (lesson_id, title, scenario, role_user, role_ai, context, opening_line, vocabulary_hints, difficulty, order_index) VALUES
  ('2e9cf866-3e72-4cb8-9ef5-43ce3f8d2c6e', 'Präsentationsstruktur und -technik — Conversation 1', 'Practice a realistic conversation about präsentationsstruktur und -technik in the context of Präsentationen und Vorträge.', 'Student', 'Teacher', 'You are a student at B2 level. Practice having a natural German conversation about this lesson''s topic.', 'Hallo! Lass uns über "Präsentationsstruktur und -technik" sprechen. Bist du bereit?', ARRAY[]::text[], 'intermediate', 1);

INSERT INTO public.lesson_conversations (lesson_id, title, scenario, role_user, role_ai, context, opening_line, vocabulary_hints, difficulty, order_index) VALUES
  ('2e9cf866-3e72-4cb8-9ef5-43ce3f8d2c6e', 'Präsentationsstruktur und -technik — Conversation 2', 'Practice a realistic conversation about präsentationsstruktur und -technik in the context of Präsentationen und Vorträge.', 'Customer', 'Assistant', 'You are a student at B2 level. Practice having a natural German conversation about this lesson''s topic.', 'Hallo! Lass uns über "Präsentationsstruktur und -technik" sprechen. Bist du bereit?', ARRAY[]::text[], 'intermediate', 2);

INSERT INTO public.lesson_ai_challenges (lesson_id, title, question, scenario, expected_elements, tips, difficulty, order_index) VALUES
  ('2e9cf866-3e72-4cb8-9ef5-43ce3f8d2c6e', 'Präsentationsstruktur und -technik — Creative Application', 'Create a short dialogue or story using at least 10 vocabulary words and grammar structures from "Präsentationsstruktur und -technik". The dialogue should be realistic and related to Präsentationen und Vorträge.', 'Creative practice for Präsentationsstruktur und -technik', ARRAY['10+ vocabulary words from the lesson', 'Correct grammar application', 'Realistic and natural dialogue', 'Creative and original content']::text[], ARRAY['Review the lesson material first', 'Take your time to think', 'Be creative and original']::text[], 'easy', 1);

INSERT INTO public.lesson_ai_challenges (lesson_id, title, question, scenario, expected_elements, tips, difficulty, order_index) VALUES
  ('2e9cf866-3e72-4cb8-9ef5-43ce3f8d2c6e', 'Präsentationsstruktur und -technik — Deep Understanding', 'Explain the most important concepts from "Präsentationsstruktur und -technik" in your own words. Give 3 original examples for each main concept. What did you find most challenging and why?', 'Creative practice for Präsentationsstruktur und -technik', ARRAY['All key concepts covered thoroughly', 'Original examples provided', 'Self-reflection on learning process', 'Questions for the teacher identified']::text[], ARRAY['Review the lesson material first', 'Take your time to think', 'Be creative and original']::text[], 'medium', 2);

INSERT INTO public.lesson_reading (lesson_id, title, content, english_translation, arabic_translation, word_count, difficulty_rating, audio_url, source) VALUES
  ('2e9cf866-3e72-4cb8-9ef5-43ce3f8d2c6e', 'Präsentationsstruktur und -technik — Reading Practice', 'This is a B2-level reading passage about präsentationsstruktur und -technik in the context of Präsentationen und Vorträge.

Präsentationsstruktur und -technik is an important topic for German learners. In this lesson, you will learn key vocabulary and grammar structures that will help you communicate effectively in real-life situations.

The module "Präsentationen und Vorträge" provides a comprehensive introduction to this topic. By studying this material carefully and practicing regularly, you will build confidence in your German language skills.

Try to read the passage without translating every word. Focus on understanding the main ideas first. Then read again for details. Finally, practice reading aloud to improve your pronunciation.', NULL, NULL, 102, 1, NULL, 'DeutschMentor Curriculum');

INSERT INTO public.lesson_listening (lesson_id, title, transcript, english_translation, arabic_translation, audio_url, duration_seconds, speaker_count, scenario) VALUES
  ('2e9cf866-3e72-4cb8-9ef5-43ce3f8d2c6e', 'Präsentationsstruktur und -technik — Listening Exercise', '[Teacher]: Hallo! Willkommen zur Lektion "Präsentationsstruktur und -technik" aus dem Modul "Präsentationen und Vorträge".

[Teacher]: Heute lernen wir wichtige Wörter und Sätze. Bitte hören Sie gut zu und wiederholen Sie.

[Student]: Ich bin bereit! Was lernen wir zuerst?

[Teacher]: Wir beginnen mit den Grundlagen. Wiederholen Sie bitte jedes Wort nach mir.

[Student]: Das ist eine gute Übung. Kann ich die Wörter auch in Sätzen hören?

[Teacher]: Natürlich! Ich zeige Ihnen Beispiele für jeden Satz. Dann üben wir zusammen.

[Student]: Perfekt! Vielen Dank für die Hilfe.

[Teacher]: Gern geschehen! Üben Sie zu Hause weiter. Viel Erfolg!', NULL, NULL, NULL, 120, 2, 'Präsentationen und Vorträge');

INSERT INTO public.lesson_expressions (lesson_id, german, english_translation, arabic_translation, usage_context, formality, is_idiom, literal_translation, order_index) VALUES
  ('ec8a026d-86cf-40c6-a7a5-cb5003c2b208', 'Was sind Sie von Beruf?', 'What do you do for a living?', 'ما هي مهنتك؟', 'Used in Berufliche Kommunikation', 'formal', false, NULL, 1),
  ('ec8a026d-86cf-40c6-a7a5-cb5003c2b208', 'Ich arbeite als Ingenieur.', 'I work as an engineer.', 'أعمل كمهندس.', 'Used in Berufliche Kommunikation', 'neutral', false, NULL, 2),
  ('ec8a026d-86cf-40c6-a7a5-cb5003c2b208', 'Wo arbeiten Sie?', 'Where do you work?', 'أين تعمل؟', 'Used in Berufliche Kommunikation', 'formal', false, NULL, 3),
  ('ec8a026d-86cf-40c6-a7a5-cb5003c2b208', 'Ich bin selbstständig.', 'I am self-employed.', 'أنا مستقل.', 'Used in Berufliche Kommunikation', 'neutral', false, NULL, 4),
  ('ec8a026d-86cf-40c6-a7a5-cb5003c2b208', 'Ich bin Angestellte bei einer Firma.', 'I am an employee at a company.', 'أنا موظفة في شركة.', 'Used in Berufliche Kommunikation', 'neutral', false, NULL, 5),
  ('ec8a026d-86cf-40c6-a7a5-cb5003c2b208', 'Mein Büro ist im Zentrum.', 'My office is in the center.', 'مكتبي في المركز.', 'Used in Berufliche Kommunikation', 'neutral', false, NULL, 6),
  ('ec8a026d-86cf-40c6-a7a5-cb5003c2b208', 'Ich arbeite von 9 bis 17 Uhr.', 'I work from 9 to 5.', 'أعمل من 9 إلى 5.', 'Used in Berufliche Kommunikation', 'neutral', false, NULL, 7);

INSERT INTO public.lesson_flashcards (lesson_id, front, back, hint, category, order_index) VALUES
  ('ec8a026d-86cf-40c6-a7a5-cb5003c2b208', 'der Beruf', 'profession', 'Job title', 'vocabulary', 1),
  ('ec8a026d-86cf-40c6-a7a5-cb5003c2b208', 'die Arbeit', 'work', 'What you do', 'vocabulary', 2),
  ('ec8a026d-86cf-40c6-a7a5-cb5003c2b208', 'das Büro', 'office', 'Where you work', 'vocabulary', 3),
  ('ec8a026d-86cf-40c6-a7a5-cb5003c2b208', 'der Chef', 'boss', 'Your supervisor', 'vocabulary', 4),
  ('ec8a026d-86cf-40c6-a7a5-cb5003c2b208', 'die Firma', 'company', 'Business', 'vocabulary', 5),
  ('ec8a026d-86cf-40c6-a7a5-cb5003c2b208', 'der Kollege', 'colleague', 'Work together', 'vocabulary', 6),
  ('ec8a026d-86cf-40c6-a7a5-cb5003c2b208', 'das Gehalt', 'salary', 'Monthly payment', 'vocabulary', 7),
  ('ec8a026d-86cf-40c6-a7a5-cb5003c2b208', 'die Bewerbung', 'application', 'For a job', 'vocabulary', 8);

INSERT INTO public.lesson_homework (lesson_id, title, description, homework_type, tasks, estimated_minutes, order_index) VALUES
  ('ec8a026d-86cf-40c6-a7a5-cb5003c2b208', 'Homework: Büro und Arbeitsplatz', 'Complete these tasks to reinforce "Büro und Arbeitsplatz" (Berufliche Kommunikation).', 'writing', '[{"description":"Review all vocabulary from \"Büro und Arbeitsplatz\" — write each word with its article and plural form."},{"description":"Write 5 sentences using the key words from this lesson."},{"description":"Practice the dialogue aloud 3 times and record yourself."}]', 20, 1);

INSERT INTO public.lesson_reviews (lesson_id, summary, key_points, grammar_summary, vocabulary_focus, common_mistakes_summary, tips) VALUES
  ('ec8a026d-86cf-40c6-a7a5-cb5003c2b208', 'In this lesson on "Büro und Arbeitsplatz" (Berufliche Kommunikation), you learned key vocabulary concepts at B2 level. Regular practice will help reinforce your understanding and build fluency.', '["Mastered the core vocabulary and expressions of \"Büro und Arbeitsplatz\"","Understood and practiced the grammar structures taught","Developed vocabulary skills through targeted exercises","Built confidence in using German in practical situations","Identified areas for further practice and improvement","Connected new knowledge with previously learned material"]', '[{"title":"Key Grammar Points","summary":"Review the grammar rules and structures from this lesson on \"Büro und Arbeitsplatz\""}]', ARRAY['"Büro und Arbeitsplatz" core vocabulary', 'Berufliche Kommunikation key terms']::text[], ARRAY['Pay attention to article gender (der/die/das)', 'Verb is always in second position in main clauses', 'Remember: German nouns are always capitalized']::text[], ARRAY['Practice 15-20 minutes daily for best results', 'Use new vocabulary in real sentences immediately', 'Speak out loud to improve pronunciation and fluency', 'Review previous lessons before starting new material']::text[]);

INSERT INTO public.lesson_speaking (lesson_id, title, prompt, scenario, tips, vocabulary_hints, min_duration_seconds, order_index) VALUES
  ('ec8a026d-86cf-40c6-a7a5-cb5003c2b208', 'Büro und Arbeitsplatz — Speaking 1', 'Practice the key vocabulary and phrases from "Büro und Arbeitsplatz" aloud. Focus on correct pronunciation.', 'Speaking practice for Berufliche Kommunikation', ARRAY['Speak slowly and clearly', 'Use full sentences', 'Don''t worry about mistakes', 'Practice 3 times']::text[], ARRAY['Use this lesson''s vocabulary', 'Apply correct grammar']::text[], 30, 1);

INSERT INTO public.lesson_speaking (lesson_id, title, prompt, scenario, tips, vocabulary_hints, min_duration_seconds, order_index) VALUES
  ('ec8a026d-86cf-40c6-a7a5-cb5003c2b208', 'Büro und Arbeitsplatz — Speaking 2', 'Role-play: Imagine you are in a situation related to Berufliche Kommunikation. Have a dialogue with a partner.', 'Speaking practice for Berufliche Kommunikation', ARRAY['Speak slowly and clearly', 'Use full sentences', 'Don''t worry about mistakes', 'Practice 3 times']::text[], ARRAY['Use this lesson''s vocabulary', 'Apply correct grammar']::text[], 60, 2);

INSERT INTO public.lesson_writing (lesson_id, title, task, tips, vocabulary_hints, grammar_focus, word_limit_min, word_limit_max, order_index) VALUES
  ('ec8a026d-86cf-40c6-a7a5-cb5003c2b208', 'Büro und Arbeitsplatz — Writing Task 1', 'Write a short text (50-100 words) about büro und arbeitsplatz. Use at least 5 vocabulary words from this lesson. Focus on correct sentence structure.', ARRAY['Use vocabulary from this lesson', 'Check your grammar', 'Write complete sentences']::text[], ARRAY['Apply new vocabulary', 'Use correct articles']::text[], ARRAY['Sentence structure', 'Verb conjugation', 'Article-noun agreement']::text[], 50, 150, 1);

INSERT INTO public.lesson_conversations (lesson_id, title, scenario, role_user, role_ai, context, opening_line, vocabulary_hints, difficulty, order_index) VALUES
  ('ec8a026d-86cf-40c6-a7a5-cb5003c2b208', 'Büro und Arbeitsplatz — Conversation 1', 'Practice a realistic conversation about büro und arbeitsplatz in the context of Berufliche Kommunikation.', 'Student', 'Teacher', 'You are a student at B2 level. Practice having a natural German conversation about this lesson''s topic.', 'Hallo! Lass uns über "Büro und Arbeitsplatz" sprechen. Bist du bereit?', ARRAY[]::text[], 'intermediate', 1);

INSERT INTO public.lesson_conversations (lesson_id, title, scenario, role_user, role_ai, context, opening_line, vocabulary_hints, difficulty, order_index) VALUES
  ('ec8a026d-86cf-40c6-a7a5-cb5003c2b208', 'Büro und Arbeitsplatz — Conversation 2', 'Practice a realistic conversation about büro und arbeitsplatz in the context of Berufliche Kommunikation.', 'Customer', 'Assistant', 'You are a student at B2 level. Practice having a natural German conversation about this lesson''s topic.', 'Hallo! Lass uns über "Büro und Arbeitsplatz" sprechen. Bist du bereit?', ARRAY[]::text[], 'intermediate', 2);

INSERT INTO public.lesson_ai_challenges (lesson_id, title, question, scenario, expected_elements, tips, difficulty, order_index) VALUES
  ('ec8a026d-86cf-40c6-a7a5-cb5003c2b208', 'Büro und Arbeitsplatz — Creative Application', 'Create a short dialogue or story using at least 10 vocabulary words and grammar structures from "Büro und Arbeitsplatz". The dialogue should be realistic and related to Berufliche Kommunikation.', 'Creative practice for Büro und Arbeitsplatz', ARRAY['10+ vocabulary words from the lesson', 'Correct grammar application', 'Realistic and natural dialogue', 'Creative and original content']::text[], ARRAY['Review the lesson material first', 'Take your time to think', 'Be creative and original']::text[], 'easy', 1);

INSERT INTO public.lesson_ai_challenges (lesson_id, title, question, scenario, expected_elements, tips, difficulty, order_index) VALUES
  ('ec8a026d-86cf-40c6-a7a5-cb5003c2b208', 'Büro und Arbeitsplatz — Deep Understanding', 'Explain the most important concepts from "Büro und Arbeitsplatz" in your own words. Give 3 original examples for each main concept. What did you find most challenging and why?', 'Creative practice for Büro und Arbeitsplatz', ARRAY['All key concepts covered thoroughly', 'Original examples provided', 'Self-reflection on learning process', 'Questions for the teacher identified']::text[], ARRAY['Review the lesson material first', 'Take your time to think', 'Be creative and original']::text[], 'medium', 2);

INSERT INTO public.lesson_reading (lesson_id, title, content, english_translation, arabic_translation, word_count, difficulty_rating, audio_url, source) VALUES
  ('ec8a026d-86cf-40c6-a7a5-cb5003c2b208', 'Büro und Arbeitsplatz — Reading Practice', 'This is a B2-level reading passage about büro und arbeitsplatz in the context of Berufliche Kommunikation.

Büro und Arbeitsplatz is an important topic for German learners. In this lesson, you will learn key vocabulary and grammar structures that will help you communicate effectively in real-life situations.

The module "Berufliche Kommunikation" provides a comprehensive introduction to this topic. By studying this material carefully and practicing regularly, you will build confidence in your German language skills.

Try to read the passage without translating every word. Focus on understanding the main ideas first. Then read again for details. Finally, practice reading aloud to improve your pronunciation.', NULL, NULL, 100, 1, NULL, 'DeutschMentor Curriculum');

INSERT INTO public.lesson_listening (lesson_id, title, transcript, english_translation, arabic_translation, audio_url, duration_seconds, speaker_count, scenario) VALUES
  ('ec8a026d-86cf-40c6-a7a5-cb5003c2b208', 'Büro und Arbeitsplatz — Listening Exercise', '[Teacher]: Hallo! Willkommen zur Lektion "Büro und Arbeitsplatz" aus dem Modul "Berufliche Kommunikation".

[Teacher]: Heute lernen wir wichtige Wörter und Sätze. Bitte hören Sie gut zu und wiederholen Sie.

[Student]: Ich bin bereit! Was lernen wir zuerst?

[Teacher]: Wir beginnen mit den Grundlagen. Wiederholen Sie bitte jedes Wort nach mir.

[Student]: Das ist eine gute Übung. Kann ich die Wörter auch in Sätzen hören?

[Teacher]: Natürlich! Ich zeige Ihnen Beispiele für jeden Satz. Dann üben wir zusammen.

[Student]: Perfekt! Vielen Dank für die Hilfe.

[Teacher]: Gern geschehen! Üben Sie zu Hause weiter. Viel Erfolg!', NULL, NULL, NULL, 120, 2, 'Berufliche Kommunikation');

INSERT INTO public.lesson_expressions (lesson_id, german, english_translation, arabic_translation, usage_context, formality, is_idiom, literal_translation, order_index) VALUES
  ('25f58f28-057a-4817-a76a-50d22f2dc99e', 'Guten Morgen!', 'Good morning!', 'صباح الخير!', 'Used in Diskussion und Argumentation', 'formal', false, NULL, 1),
  ('25f58f28-057a-4817-a76a-50d22f2dc99e', 'Guten Tag!', 'Good day!', 'يوم سعيد!', 'Used in Diskussion und Argumentation', 'formal', false, NULL, 2),
  ('25f58f28-057a-4817-a76a-50d22f2dc99e', 'Hallo!', 'Hello!', 'مرحباً!', 'Used in Diskussion und Argumentation', 'informal', false, NULL, 3),
  ('25f58f28-057a-4817-a76a-50d22f2dc99e', 'Tschüss!', 'Bye!', 'مع السلامة!', 'Used in Diskussion und Argumentation', 'informal', false, NULL, 4),
  ('25f58f28-057a-4817-a76a-50d22f2dc99e', 'Auf Wiedersehen!', 'Goodbye!', 'إلى اللقاء!', 'Used in Diskussion und Argumentation', 'formal', false, NULL, 5),
  ('25f58f28-057a-4817-a76a-50d22f2dc99e', 'Wie geht es Ihnen?', 'How are you? (formal)', 'كيف حالك؟ (رسمي)', 'Used in Diskussion und Argumentation', 'formal', false, NULL, 6),
  ('25f58f28-057a-4817-a76a-50d22f2dc99e', 'Wie geht es dir?', 'How are you? (informal)', 'كيف حالك؟ (غير رسمي)', 'Used in Diskussion und Argumentation', 'informal', false, NULL, 7),
  ('25f58f28-057a-4817-a76a-50d22f2dc99e', 'Mir geht es gut, danke.', 'I''m fine, thanks.', 'أنا بخير، شكراً.', 'Used in Diskussion und Argumentation', 'neutral', false, NULL, 8),
  ('25f58f28-057a-4817-a76a-50d22f2dc99e', 'Freut mich!', 'Nice to meet you!', 'يسعدني!', 'Used in Diskussion und Argumentation', 'neutral', false, NULL, 9),
  ('25f58f28-057a-4817-a76a-50d22f2dc99e', 'Bis später!', 'See you later!', 'أراك لاحقاً!', 'Used in Diskussion und Argumentation', 'informal', false, NULL, 10);

INSERT INTO public.lesson_flashcards (lesson_id, front, back, hint, category, order_index) VALUES
  ('25f58f28-057a-4817-a76a-50d22f2dc99e', 'Guten Morgen', 'Good morning', 'Used before noon', 'expression', 1),
  ('25f58f28-057a-4817-a76a-50d22f2dc99e', 'Guten Abend', 'Good evening', 'Used after 6 PM', 'expression', 2),
  ('25f58f28-057a-4817-a76a-50d22f2dc99e', 'Tschüss', 'Bye (informal)', 'With friends', 'expression', 3),
  ('25f58f28-057a-4817-a76a-50d22f2dc99e', 'Auf Wiedersehen', 'Goodbye (formal)', 'Formal situations', 'expression', 4),
  ('25f58f28-057a-4817-a76a-50d22f2dc99e', 'Bis später', 'See you later', 'Soon again', 'expression', 5),
  ('25f58f28-057a-4817-a76a-50d22f2dc99e', 'Willkommen', 'Welcome', 'First meeting', 'expression', 6),
  ('25f58f28-057a-4817-a76a-50d22f2dc99e', 'Entschuldigung', 'Excuse me / Sorry', 'Apology or attention', 'expression', 7),
  ('25f58f28-057a-4817-a76a-50d22f2dc99e', 'Vielen Dank', 'Thank you very much', 'Gratitude', 'expression', 8);

INSERT INTO public.lesson_homework (lesson_id, title, description, homework_type, tasks, estimated_minutes, order_index) VALUES
  ('25f58f28-057a-4817-a76a-50d22f2dc99e', 'Homework: Debatte und Meinungsäußerung', 'Complete these tasks to reinforce "Debatte und Meinungsäußerung" (Diskussion und Argumentation).', 'speaking', '[{"description":"Review all vocabulary from \"Debatte und Meinungsäußerung\" — write each word with its article and plural form."},{"description":"Write 5 sentences using the key words from this lesson."},{"description":"Practice the dialogue aloud 3 times and record yourself."}]', 25, 1);

INSERT INTO public.lesson_reviews (lesson_id, summary, key_points, grammar_summary, vocabulary_focus, common_mistakes_summary, tips) VALUES
  ('25f58f28-057a-4817-a76a-50d22f2dc99e', 'In this lesson on "Debatte und Meinungsäußerung" (Diskussion und Argumentation), you learned key vocabulary concepts at B2 level. Regular practice will help reinforce your understanding and build fluency.', '["Mastered the core vocabulary and expressions of \"Debatte und Meinungsäußerung\"","Understood and practiced the grammar structures taught","Developed vocabulary skills through targeted exercises","Built confidence in using German in practical situations","Identified areas for further practice and improvement","Connected new knowledge with previously learned material"]', '[{"title":"Key Grammar Points","summary":"Review the grammar rules and structures from this lesson on \"Debatte und Meinungsäußerung\""}]', ARRAY['"Debatte und Meinungsäußerung" core vocabulary', 'Diskussion und Argumentation key terms']::text[], ARRAY['Pay attention to article gender (der/die/das)', 'Verb is always in second position in main clauses', 'Remember: German nouns are always capitalized']::text[], ARRAY['Practice 15-20 minutes daily for best results', 'Use new vocabulary in real sentences immediately', 'Speak out loud to improve pronunciation and fluency', 'Review previous lessons before starting new material']::text[]);

INSERT INTO public.lesson_speaking (lesson_id, title, prompt, scenario, tips, vocabulary_hints, min_duration_seconds, order_index) VALUES
  ('25f58f28-057a-4817-a76a-50d22f2dc99e', 'Debatte und Meinungsäußerung — Speaking 1', 'Practice the key vocabulary and phrases from "Debatte und Meinungsäußerung" aloud. Focus on correct pronunciation.', 'Speaking practice for Diskussion und Argumentation', ARRAY['Speak slowly and clearly', 'Use full sentences', 'Don''t worry about mistakes', 'Practice 3 times']::text[], ARRAY['Use this lesson''s vocabulary', 'Apply correct grammar']::text[], 30, 1);

INSERT INTO public.lesson_speaking (lesson_id, title, prompt, scenario, tips, vocabulary_hints, min_duration_seconds, order_index) VALUES
  ('25f58f28-057a-4817-a76a-50d22f2dc99e', 'Debatte und Meinungsäußerung — Speaking 2', 'Role-play: Imagine you are in a situation related to Diskussion und Argumentation. Have a dialogue with a partner.', 'Speaking practice for Diskussion und Argumentation', ARRAY['Speak slowly and clearly', 'Use full sentences', 'Don''t worry about mistakes', 'Practice 3 times']::text[], ARRAY['Use this lesson''s vocabulary', 'Apply correct grammar']::text[], 60, 2);

INSERT INTO public.lesson_writing (lesson_id, title, task, tips, vocabulary_hints, grammar_focus, word_limit_min, word_limit_max, order_index) VALUES
  ('25f58f28-057a-4817-a76a-50d22f2dc99e', 'Debatte und Meinungsäußerung — Writing Task 1', 'Write a short text (50-100 words) about debatte und meinungsäußerung. Use at least 5 vocabulary words from this lesson. Focus on correct sentence structure.', ARRAY['Use vocabulary from this lesson', 'Check your grammar', 'Write complete sentences']::text[], ARRAY['Apply new vocabulary', 'Use correct articles']::text[], ARRAY['Sentence structure', 'Verb conjugation', 'Article-noun agreement']::text[], 50, 150, 1);

INSERT INTO public.lesson_conversations (lesson_id, title, scenario, role_user, role_ai, context, opening_line, vocabulary_hints, difficulty, order_index) VALUES
  ('25f58f28-057a-4817-a76a-50d22f2dc99e', 'Debatte und Meinungsäußerung — Conversation 1', 'Practice a realistic conversation about debatte und meinungsäußerung in the context of Diskussion und Argumentation.', 'Student', 'Teacher', 'You are a student at B2 level. Practice having a natural German conversation about this lesson''s topic.', 'Hallo! Lass uns über "Debatte und Meinungsäußerung" sprechen. Bist du bereit?', ARRAY[]::text[], 'intermediate', 1);

INSERT INTO public.lesson_conversations (lesson_id, title, scenario, role_user, role_ai, context, opening_line, vocabulary_hints, difficulty, order_index) VALUES
  ('25f58f28-057a-4817-a76a-50d22f2dc99e', 'Debatte und Meinungsäußerung — Conversation 2', 'Practice a realistic conversation about debatte und meinungsäußerung in the context of Diskussion und Argumentation.', 'Customer', 'Assistant', 'You are a student at B2 level. Practice having a natural German conversation about this lesson''s topic.', 'Hallo! Lass uns über "Debatte und Meinungsäußerung" sprechen. Bist du bereit?', ARRAY[]::text[], 'intermediate', 2);

INSERT INTO public.lesson_ai_challenges (lesson_id, title, question, scenario, expected_elements, tips, difficulty, order_index) VALUES
  ('25f58f28-057a-4817-a76a-50d22f2dc99e', 'Debatte und Meinungsäußerung — Creative Application', 'Create a short dialogue or story using at least 10 vocabulary words and grammar structures from "Debatte und Meinungsäußerung". The dialogue should be realistic and related to Diskussion und Argumentation.', 'Creative practice for Debatte und Meinungsäußerung', ARRAY['10+ vocabulary words from the lesson', 'Correct grammar application', 'Realistic and natural dialogue', 'Creative and original content']::text[], ARRAY['Review the lesson material first', 'Take your time to think', 'Be creative and original']::text[], 'easy', 1);

INSERT INTO public.lesson_ai_challenges (lesson_id, title, question, scenario, expected_elements, tips, difficulty, order_index) VALUES
  ('25f58f28-057a-4817-a76a-50d22f2dc99e', 'Debatte und Meinungsäußerung — Deep Understanding', 'Explain the most important concepts from "Debatte und Meinungsäußerung" in your own words. Give 3 original examples for each main concept. What did you find most challenging and why?', 'Creative practice for Debatte und Meinungsäußerung', ARRAY['All key concepts covered thoroughly', 'Original examples provided', 'Self-reflection on learning process', 'Questions for the teacher identified']::text[], ARRAY['Review the lesson material first', 'Take your time to think', 'Be creative and original']::text[], 'medium', 2);

INSERT INTO public.lesson_reading (lesson_id, title, content, english_translation, arabic_translation, word_count, difficulty_rating, audio_url, source) VALUES
  ('25f58f28-057a-4817-a76a-50d22f2dc99e', 'Debatte und Meinungsäußerung — Reading Practice', 'This is a B2-level reading passage about debatte und meinungsäußerung in the context of Diskussion und Argumentation.

Debatte und Meinungsäußerung is an important topic for German learners. In this lesson, you will learn key vocabulary and grammar structures that will help you communicate effectively in real-life situations.

The module "Diskussion und Argumentation" provides a comprehensive introduction to this topic. By studying this material carefully and practicing regularly, you will build confidence in your German language skills.

Try to read the passage without translating every word. Focus on understanding the main ideas first. Then read again for details. Finally, practice reading aloud to improve your pronunciation.', NULL, NULL, 102, 1, NULL, 'DeutschMentor Curriculum');

INSERT INTO public.lesson_listening (lesson_id, title, transcript, english_translation, arabic_translation, audio_url, duration_seconds, speaker_count, scenario) VALUES
  ('25f58f28-057a-4817-a76a-50d22f2dc99e', 'Debatte und Meinungsäußerung — Listening Exercise', '[Teacher]: Hallo! Willkommen zur Lektion "Debatte und Meinungsäußerung" aus dem Modul "Diskussion und Argumentation".

[Teacher]: Heute lernen wir wichtige Wörter und Sätze. Bitte hören Sie gut zu und wiederholen Sie.

[Student]: Ich bin bereit! Was lernen wir zuerst?

[Teacher]: Wir beginnen mit den Grundlagen. Wiederholen Sie bitte jedes Wort nach mir.

[Student]: Das ist eine gute Übung. Kann ich die Wörter auch in Sätzen hören?

[Teacher]: Natürlich! Ich zeige Ihnen Beispiele für jeden Satz. Dann üben wir zusammen.

[Student]: Perfekt! Vielen Dank für die Hilfe.

[Teacher]: Gern geschehen! Üben Sie zu Hause weiter. Viel Erfolg!', NULL, NULL, NULL, 120, 2, 'Diskussion und Argumentation');

INSERT INTO public.lesson_expressions (lesson_id, german, english_translation, arabic_translation, usage_context, formality, is_idiom, literal_translation, order_index) VALUES
  ('d8bc20ca-2a1c-4586-8c55-beb91bda73d7', 'Guten Morgen!', 'Good morning!', 'صباح الخير!', 'Used in Wirtschaft und Politik', 'formal', false, NULL, 1),
  ('d8bc20ca-2a1c-4586-8c55-beb91bda73d7', 'Guten Tag!', 'Good day!', 'يوم سعيد!', 'Used in Wirtschaft und Politik', 'formal', false, NULL, 2),
  ('d8bc20ca-2a1c-4586-8c55-beb91bda73d7', 'Hallo!', 'Hello!', 'مرحباً!', 'Used in Wirtschaft und Politik', 'informal', false, NULL, 3),
  ('d8bc20ca-2a1c-4586-8c55-beb91bda73d7', 'Tschüss!', 'Bye!', 'مع السلامة!', 'Used in Wirtschaft und Politik', 'informal', false, NULL, 4),
  ('d8bc20ca-2a1c-4586-8c55-beb91bda73d7', 'Auf Wiedersehen!', 'Goodbye!', 'إلى اللقاء!', 'Used in Wirtschaft und Politik', 'formal', false, NULL, 5),
  ('d8bc20ca-2a1c-4586-8c55-beb91bda73d7', 'Wie geht es Ihnen?', 'How are you? (formal)', 'كيف حالك؟ (رسمي)', 'Used in Wirtschaft und Politik', 'formal', false, NULL, 6),
  ('d8bc20ca-2a1c-4586-8c55-beb91bda73d7', 'Wie geht es dir?', 'How are you? (informal)', 'كيف حالك؟ (غير رسمي)', 'Used in Wirtschaft und Politik', 'informal', false, NULL, 7),
  ('d8bc20ca-2a1c-4586-8c55-beb91bda73d7', 'Mir geht es gut, danke.', 'I''m fine, thanks.', 'أنا بخير، شكراً.', 'Used in Wirtschaft und Politik', 'neutral', false, NULL, 8),
  ('d8bc20ca-2a1c-4586-8c55-beb91bda73d7', 'Freut mich!', 'Nice to meet you!', 'يسعدني!', 'Used in Wirtschaft und Politik', 'neutral', false, NULL, 9),
  ('d8bc20ca-2a1c-4586-8c55-beb91bda73d7', 'Bis später!', 'See you later!', 'أراك لاحقاً!', 'Used in Wirtschaft und Politik', 'informal', false, NULL, 10);

INSERT INTO public.lesson_flashcards (lesson_id, front, back, hint, category, order_index) VALUES
  ('d8bc20ca-2a1c-4586-8c55-beb91bda73d7', 'Guten Morgen', 'Good morning', 'Used before noon', 'expression', 1),
  ('d8bc20ca-2a1c-4586-8c55-beb91bda73d7', 'Guten Abend', 'Good evening', 'Used after 6 PM', 'expression', 2),
  ('d8bc20ca-2a1c-4586-8c55-beb91bda73d7', 'Tschüss', 'Bye (informal)', 'With friends', 'expression', 3),
  ('d8bc20ca-2a1c-4586-8c55-beb91bda73d7', 'Auf Wiedersehen', 'Goodbye (formal)', 'Formal situations', 'expression', 4),
  ('d8bc20ca-2a1c-4586-8c55-beb91bda73d7', 'Bis später', 'See you later', 'Soon again', 'expression', 5),
  ('d8bc20ca-2a1c-4586-8c55-beb91bda73d7', 'Willkommen', 'Welcome', 'First meeting', 'expression', 6),
  ('d8bc20ca-2a1c-4586-8c55-beb91bda73d7', 'Entschuldigung', 'Excuse me / Sorry', 'Apology or attention', 'expression', 7),
  ('d8bc20ca-2a1c-4586-8c55-beb91bda73d7', 'Vielen Dank', 'Thank you very much', 'Gratitude', 'expression', 8);

INSERT INTO public.lesson_homework (lesson_id, title, description, homework_type, tasks, estimated_minutes, order_index) VALUES
  ('d8bc20ca-2a1c-4586-8c55-beb91bda73d7', 'Homework: Wirtschaftsgrundlagen', 'Complete these tasks to reinforce "Wirtschaftsgrundlagen" (Wirtschaft und Politik).', 'reading', '[{"description":"Review all vocabulary from \"Wirtschaftsgrundlagen\" — write each word with its article and plural form."},{"description":"Write 5 sentences using the key words from this lesson."},{"description":"Practice the dialogue aloud 3 times and record yourself."}]', 15, 1);

INSERT INTO public.lesson_reviews (lesson_id, summary, key_points, grammar_summary, vocabulary_focus, common_mistakes_summary, tips) VALUES
  ('d8bc20ca-2a1c-4586-8c55-beb91bda73d7', 'In this lesson on "Wirtschaftsgrundlagen" (Wirtschaft und Politik), you learned key vocabulary concepts at B2 level. Regular practice will help reinforce your understanding and build fluency.', '["Mastered the core vocabulary and expressions of \"Wirtschaftsgrundlagen\"","Understood and practiced the grammar structures taught","Developed vocabulary skills through targeted exercises","Built confidence in using German in practical situations","Identified areas for further practice and improvement","Connected new knowledge with previously learned material"]', '[{"title":"Key Grammar Points","summary":"Review the grammar rules and structures from this lesson on \"Wirtschaftsgrundlagen\""}]', ARRAY['"Wirtschaftsgrundlagen" core vocabulary', 'Wirtschaft und Politik key terms']::text[], ARRAY['Pay attention to article gender (der/die/das)', 'Verb is always in second position in main clauses', 'Remember: German nouns are always capitalized']::text[], ARRAY['Practice 15-20 minutes daily for best results', 'Use new vocabulary in real sentences immediately', 'Speak out loud to improve pronunciation and fluency', 'Review previous lessons before starting new material']::text[]);

INSERT INTO public.lesson_speaking (lesson_id, title, prompt, scenario, tips, vocabulary_hints, min_duration_seconds, order_index) VALUES
  ('d8bc20ca-2a1c-4586-8c55-beb91bda73d7', 'Wirtschaftsgrundlagen — Speaking 1', 'Practice the key vocabulary and phrases from "Wirtschaftsgrundlagen" aloud. Focus on correct pronunciation.', 'Speaking practice for Wirtschaft und Politik', ARRAY['Speak slowly and clearly', 'Use full sentences', 'Don''t worry about mistakes', 'Practice 3 times']::text[], ARRAY['Use this lesson''s vocabulary', 'Apply correct grammar']::text[], 30, 1);

INSERT INTO public.lesson_speaking (lesson_id, title, prompt, scenario, tips, vocabulary_hints, min_duration_seconds, order_index) VALUES
  ('d8bc20ca-2a1c-4586-8c55-beb91bda73d7', 'Wirtschaftsgrundlagen — Speaking 2', 'Role-play: Imagine you are in a situation related to Wirtschaft und Politik. Have a dialogue with a partner.', 'Speaking practice for Wirtschaft und Politik', ARRAY['Speak slowly and clearly', 'Use full sentences', 'Don''t worry about mistakes', 'Practice 3 times']::text[], ARRAY['Use this lesson''s vocabulary', 'Apply correct grammar']::text[], 60, 2);

INSERT INTO public.lesson_writing (lesson_id, title, task, tips, vocabulary_hints, grammar_focus, word_limit_min, word_limit_max, order_index) VALUES
  ('d8bc20ca-2a1c-4586-8c55-beb91bda73d7', 'Wirtschaftsgrundlagen — Writing Task 1', 'Write a short text (50-100 words) about wirtschaftsgrundlagen. Use at least 5 vocabulary words from this lesson. Focus on correct sentence structure.', ARRAY['Use vocabulary from this lesson', 'Check your grammar', 'Write complete sentences']::text[], ARRAY['Apply new vocabulary', 'Use correct articles']::text[], ARRAY['Sentence structure', 'Verb conjugation', 'Article-noun agreement']::text[], 50, 150, 1);

INSERT INTO public.lesson_conversations (lesson_id, title, scenario, role_user, role_ai, context, opening_line, vocabulary_hints, difficulty, order_index) VALUES
  ('d8bc20ca-2a1c-4586-8c55-beb91bda73d7', 'Wirtschaftsgrundlagen — Conversation 1', 'Practice a realistic conversation about wirtschaftsgrundlagen in the context of Wirtschaft und Politik.', 'Student', 'Teacher', 'You are a student at B2 level. Practice having a natural German conversation about this lesson''s topic.', 'Hallo! Lass uns über "Wirtschaftsgrundlagen" sprechen. Bist du bereit?', ARRAY[]::text[], 'intermediate', 1);

INSERT INTO public.lesson_conversations (lesson_id, title, scenario, role_user, role_ai, context, opening_line, vocabulary_hints, difficulty, order_index) VALUES
  ('d8bc20ca-2a1c-4586-8c55-beb91bda73d7', 'Wirtschaftsgrundlagen — Conversation 2', 'Practice a realistic conversation about wirtschaftsgrundlagen in the context of Wirtschaft und Politik.', 'Customer', 'Assistant', 'You are a student at B2 level. Practice having a natural German conversation about this lesson''s topic.', 'Hallo! Lass uns über "Wirtschaftsgrundlagen" sprechen. Bist du bereit?', ARRAY[]::text[], 'intermediate', 2);

INSERT INTO public.lesson_ai_challenges (lesson_id, title, question, scenario, expected_elements, tips, difficulty, order_index) VALUES
  ('d8bc20ca-2a1c-4586-8c55-beb91bda73d7', 'Wirtschaftsgrundlagen — Creative Application', 'Create a short dialogue or story using at least 10 vocabulary words and grammar structures from "Wirtschaftsgrundlagen". The dialogue should be realistic and related to Wirtschaft und Politik.', 'Creative practice for Wirtschaftsgrundlagen', ARRAY['10+ vocabulary words from the lesson', 'Correct grammar application', 'Realistic and natural dialogue', 'Creative and original content']::text[], ARRAY['Review the lesson material first', 'Take your time to think', 'Be creative and original']::text[], 'easy', 1);

INSERT INTO public.lesson_ai_challenges (lesson_id, title, question, scenario, expected_elements, tips, difficulty, order_index) VALUES
  ('d8bc20ca-2a1c-4586-8c55-beb91bda73d7', 'Wirtschaftsgrundlagen — Deep Understanding', 'Explain the most important concepts from "Wirtschaftsgrundlagen" in your own words. Give 3 original examples for each main concept. What did you find most challenging and why?', 'Creative practice for Wirtschaftsgrundlagen', ARRAY['All key concepts covered thoroughly', 'Original examples provided', 'Self-reflection on learning process', 'Questions for the teacher identified']::text[], ARRAY['Review the lesson material first', 'Take your time to think', 'Be creative and original']::text[], 'medium', 2);

INSERT INTO public.lesson_reading (lesson_id, title, content, english_translation, arabic_translation, word_count, difficulty_rating, audio_url, source) VALUES
  ('d8bc20ca-2a1c-4586-8c55-beb91bda73d7', 'Wirtschaftsgrundlagen — Reading Practice', 'This is a B2-level reading passage about wirtschaftsgrundlagen in the context of Wirtschaft und Politik.

Wirtschaftsgrundlagen is an important topic for German learners. In this lesson, you will learn key vocabulary and grammar structures that will help you communicate effectively in real-life situations.

The module "Wirtschaft und Politik" provides a comprehensive introduction to this topic. By studying this material carefully and practicing regularly, you will build confidence in your German language skills.

Try to read the passage without translating every word. Focus on understanding the main ideas first. Then read again for details. Finally, practice reading aloud to improve your pronunciation.', NULL, NULL, 98, 1, NULL, 'DeutschMentor Curriculum');

INSERT INTO public.lesson_listening (lesson_id, title, transcript, english_translation, arabic_translation, audio_url, duration_seconds, speaker_count, scenario) VALUES
  ('d8bc20ca-2a1c-4586-8c55-beb91bda73d7', 'Wirtschaftsgrundlagen — Listening Exercise', '[Teacher]: Hallo! Willkommen zur Lektion "Wirtschaftsgrundlagen" aus dem Modul "Wirtschaft und Politik".

[Teacher]: Heute lernen wir wichtige Wörter und Sätze. Bitte hören Sie gut zu und wiederholen Sie.

[Student]: Ich bin bereit! Was lernen wir zuerst?

[Teacher]: Wir beginnen mit den Grundlagen. Wiederholen Sie bitte jedes Wort nach mir.

[Student]: Das ist eine gute Übung. Kann ich die Wörter auch in Sätzen hören?

[Teacher]: Natürlich! Ich zeige Ihnen Beispiele für jeden Satz. Dann üben wir zusammen.

[Student]: Perfekt! Vielen Dank für die Hilfe.

[Teacher]: Gern geschehen! Üben Sie zu Hause weiter. Viel Erfolg!', NULL, NULL, NULL, 120, 2, 'Wirtschaft und Politik');

INSERT INTO public.lesson_expressions (lesson_id, german, english_translation, arabic_translation, usage_context, formality, is_idiom, literal_translation, order_index) VALUES
  ('c16362ef-e045-4fc4-a546-3a2ab78496b5', 'Guten Morgen!', 'Good morning!', 'صباح الخير!', 'Used in Präsentationen und Vorträge', 'formal', false, NULL, 1),
  ('c16362ef-e045-4fc4-a546-3a2ab78496b5', 'Guten Tag!', 'Good day!', 'يوم سعيد!', 'Used in Präsentationen und Vorträge', 'formal', false, NULL, 2),
  ('c16362ef-e045-4fc4-a546-3a2ab78496b5', 'Hallo!', 'Hello!', 'مرحباً!', 'Used in Präsentationen und Vorträge', 'informal', false, NULL, 3),
  ('c16362ef-e045-4fc4-a546-3a2ab78496b5', 'Tschüss!', 'Bye!', 'مع السلامة!', 'Used in Präsentationen und Vorträge', 'informal', false, NULL, 4),
  ('c16362ef-e045-4fc4-a546-3a2ab78496b5', 'Auf Wiedersehen!', 'Goodbye!', 'إلى اللقاء!', 'Used in Präsentationen und Vorträge', 'formal', false, NULL, 5),
  ('c16362ef-e045-4fc4-a546-3a2ab78496b5', 'Wie geht es Ihnen?', 'How are you? (formal)', 'كيف حالك؟ (رسمي)', 'Used in Präsentationen und Vorträge', 'formal', false, NULL, 6),
  ('c16362ef-e045-4fc4-a546-3a2ab78496b5', 'Wie geht es dir?', 'How are you? (informal)', 'كيف حالك؟ (غير رسمي)', 'Used in Präsentationen und Vorträge', 'informal', false, NULL, 7),
  ('c16362ef-e045-4fc4-a546-3a2ab78496b5', 'Mir geht es gut, danke.', 'I''m fine, thanks.', 'أنا بخير، شكراً.', 'Used in Präsentationen und Vorträge', 'neutral', false, NULL, 8),
  ('c16362ef-e045-4fc4-a546-3a2ab78496b5', 'Freut mich!', 'Nice to meet you!', 'يسعدني!', 'Used in Präsentationen und Vorträge', 'neutral', false, NULL, 9),
  ('c16362ef-e045-4fc4-a546-3a2ab78496b5', 'Bis später!', 'See you later!', 'أراك لاحقاً!', 'Used in Präsentationen und Vorträge', 'informal', false, NULL, 10);

INSERT INTO public.lesson_flashcards (lesson_id, front, back, hint, category, order_index) VALUES
  ('c16362ef-e045-4fc4-a546-3a2ab78496b5', 'Guten Morgen', 'Good morning', 'Used before noon', 'expression', 1),
  ('c16362ef-e045-4fc4-a546-3a2ab78496b5', 'Guten Abend', 'Good evening', 'Used after 6 PM', 'expression', 2),
  ('c16362ef-e045-4fc4-a546-3a2ab78496b5', 'Tschüss', 'Bye (informal)', 'With friends', 'expression', 3),
  ('c16362ef-e045-4fc4-a546-3a2ab78496b5', 'Auf Wiedersehen', 'Goodbye (formal)', 'Formal situations', 'expression', 4),
  ('c16362ef-e045-4fc4-a546-3a2ab78496b5', 'Bis später', 'See you later', 'Soon again', 'expression', 5),
  ('c16362ef-e045-4fc4-a546-3a2ab78496b5', 'Willkommen', 'Welcome', 'First meeting', 'expression', 6),
  ('c16362ef-e045-4fc4-a546-3a2ab78496b5', 'Entschuldigung', 'Excuse me / Sorry', 'Apology or attention', 'expression', 7),
  ('c16362ef-e045-4fc4-a546-3a2ab78496b5', 'Vielen Dank', 'Thank you very much', 'Gratitude', 'expression', 8);

INSERT INTO public.lesson_homework (lesson_id, title, description, homework_type, tasks, estimated_minutes, order_index) VALUES
  ('c16362ef-e045-4fc4-a546-3a2ab78496b5', 'Homework: Präsentationsstruktur und -technik', 'Complete these tasks to reinforce "Präsentationsstruktur und -technik" (Präsentationen und Vorträge).', 'grammar', '[{"description":"Review all vocabulary from \"Präsentationsstruktur und -technik\" — write each word with its article and plural form."},{"description":"Write 5 sentences using the key words from this lesson."},{"description":"Practice the dialogue aloud 3 times and record yourself."}]', 20, 1);

INSERT INTO public.lesson_reviews (lesson_id, summary, key_points, grammar_summary, vocabulary_focus, common_mistakes_summary, tips) VALUES
  ('c16362ef-e045-4fc4-a546-3a2ab78496b5', 'In this lesson on "Präsentationsstruktur und -technik" (Präsentationen und Vorträge), you learned key vocabulary concepts at B2 level. Regular practice will help reinforce your understanding and build fluency.', '["Mastered the core vocabulary and expressions of \"Präsentationsstruktur und -technik\"","Understood and practiced the grammar structures taught","Developed vocabulary skills through targeted exercises","Built confidence in using German in practical situations","Identified areas for further practice and improvement","Connected new knowledge with previously learned material"]', '[{"title":"Key Grammar Points","summary":"Review the grammar rules and structures from this lesson on \"Präsentationsstruktur und -technik\""}]', ARRAY['"Präsentationsstruktur und -technik" core vocabulary', 'Präsentationen und Vorträge key terms']::text[], ARRAY['Pay attention to article gender (der/die/das)', 'Verb is always in second position in main clauses', 'Remember: German nouns are always capitalized']::text[], ARRAY['Practice 15-20 minutes daily for best results', 'Use new vocabulary in real sentences immediately', 'Speak out loud to improve pronunciation and fluency', 'Review previous lessons before starting new material']::text[]);

INSERT INTO public.lesson_speaking (lesson_id, title, prompt, scenario, tips, vocabulary_hints, min_duration_seconds, order_index) VALUES
  ('c16362ef-e045-4fc4-a546-3a2ab78496b5', 'Präsentationsstruktur und -technik — Speaking 1', 'Practice the key vocabulary and phrases from "Präsentationsstruktur und -technik" aloud. Focus on correct pronunciation.', 'Speaking practice for Präsentationen und Vorträge', ARRAY['Speak slowly and clearly', 'Use full sentences', 'Don''t worry about mistakes', 'Practice 3 times']::text[], ARRAY['Use this lesson''s vocabulary', 'Apply correct grammar']::text[], 30, 1);

INSERT INTO public.lesson_speaking (lesson_id, title, prompt, scenario, tips, vocabulary_hints, min_duration_seconds, order_index) VALUES
  ('c16362ef-e045-4fc4-a546-3a2ab78496b5', 'Präsentationsstruktur und -technik — Speaking 2', 'Role-play: Imagine you are in a situation related to Präsentationen und Vorträge. Have a dialogue with a partner.', 'Speaking practice for Präsentationen und Vorträge', ARRAY['Speak slowly and clearly', 'Use full sentences', 'Don''t worry about mistakes', 'Practice 3 times']::text[], ARRAY['Use this lesson''s vocabulary', 'Apply correct grammar']::text[], 60, 2);

INSERT INTO public.lesson_writing (lesson_id, title, task, tips, vocabulary_hints, grammar_focus, word_limit_min, word_limit_max, order_index) VALUES
  ('c16362ef-e045-4fc4-a546-3a2ab78496b5', 'Präsentationsstruktur und -technik — Writing Task 1', 'Write a short text (50-100 words) about präsentationsstruktur und -technik. Use at least 5 vocabulary words from this lesson. Focus on correct sentence structure.', ARRAY['Use vocabulary from this lesson', 'Check your grammar', 'Write complete sentences']::text[], ARRAY['Apply new vocabulary', 'Use correct articles']::text[], ARRAY['Sentence structure', 'Verb conjugation', 'Article-noun agreement']::text[], 50, 150, 1);

INSERT INTO public.lesson_conversations (lesson_id, title, scenario, role_user, role_ai, context, opening_line, vocabulary_hints, difficulty, order_index) VALUES
  ('c16362ef-e045-4fc4-a546-3a2ab78496b5', 'Präsentationsstruktur und -technik — Conversation 1', 'Practice a realistic conversation about präsentationsstruktur und -technik in the context of Präsentationen und Vorträge.', 'Student', 'Teacher', 'You are a student at B2 level. Practice having a natural German conversation about this lesson''s topic.', 'Hallo! Lass uns über "Präsentationsstruktur und -technik" sprechen. Bist du bereit?', ARRAY[]::text[], 'intermediate', 1);

INSERT INTO public.lesson_conversations (lesson_id, title, scenario, role_user, role_ai, context, opening_line, vocabulary_hints, difficulty, order_index) VALUES
  ('c16362ef-e045-4fc4-a546-3a2ab78496b5', 'Präsentationsstruktur und -technik — Conversation 2', 'Practice a realistic conversation about präsentationsstruktur und -technik in the context of Präsentationen und Vorträge.', 'Customer', 'Assistant', 'You are a student at B2 level. Practice having a natural German conversation about this lesson''s topic.', 'Hallo! Lass uns über "Präsentationsstruktur und -technik" sprechen. Bist du bereit?', ARRAY[]::text[], 'intermediate', 2);

INSERT INTO public.lesson_ai_challenges (lesson_id, title, question, scenario, expected_elements, tips, difficulty, order_index) VALUES
  ('c16362ef-e045-4fc4-a546-3a2ab78496b5', 'Präsentationsstruktur und -technik — Creative Application', 'Create a short dialogue or story using at least 10 vocabulary words and grammar structures from "Präsentationsstruktur und -technik". The dialogue should be realistic and related to Präsentationen und Vorträge.', 'Creative practice for Präsentationsstruktur und -technik', ARRAY['10+ vocabulary words from the lesson', 'Correct grammar application', 'Realistic and natural dialogue', 'Creative and original content']::text[], ARRAY['Review the lesson material first', 'Take your time to think', 'Be creative and original']::text[], 'easy', 1);

INSERT INTO public.lesson_ai_challenges (lesson_id, title, question, scenario, expected_elements, tips, difficulty, order_index) VALUES
  ('c16362ef-e045-4fc4-a546-3a2ab78496b5', 'Präsentationsstruktur und -technik — Deep Understanding', 'Explain the most important concepts from "Präsentationsstruktur und -technik" in your own words. Give 3 original examples for each main concept. What did you find most challenging and why?', 'Creative practice for Präsentationsstruktur und -technik', ARRAY['All key concepts covered thoroughly', 'Original examples provided', 'Self-reflection on learning process', 'Questions for the teacher identified']::text[], ARRAY['Review the lesson material first', 'Take your time to think', 'Be creative and original']::text[], 'medium', 2);

INSERT INTO public.lesson_reading (lesson_id, title, content, english_translation, arabic_translation, word_count, difficulty_rating, audio_url, source) VALUES
  ('c16362ef-e045-4fc4-a546-3a2ab78496b5', 'Präsentationsstruktur und -technik — Reading Practice', 'This is a B2-level reading passage about präsentationsstruktur und -technik in the context of Präsentationen und Vorträge.

Präsentationsstruktur und -technik is an important topic for German learners. In this lesson, you will learn key vocabulary and grammar structures that will help you communicate effectively in real-life situations.

The module "Präsentationen und Vorträge" provides a comprehensive introduction to this topic. By studying this material carefully and practicing regularly, you will build confidence in your German language skills.

Try to read the passage without translating every word. Focus on understanding the main ideas first. Then read again for details. Finally, practice reading aloud to improve your pronunciation.', NULL, NULL, 102, 1, NULL, 'DeutschMentor Curriculum');

INSERT INTO public.lesson_listening (lesson_id, title, transcript, english_translation, arabic_translation, audio_url, duration_seconds, speaker_count, scenario) VALUES
  ('c16362ef-e045-4fc4-a546-3a2ab78496b5', 'Präsentationsstruktur und -technik — Listening Exercise', '[Teacher]: Hallo! Willkommen zur Lektion "Präsentationsstruktur und -technik" aus dem Modul "Präsentationen und Vorträge".

[Teacher]: Heute lernen wir wichtige Wörter und Sätze. Bitte hören Sie gut zu und wiederholen Sie.

[Student]: Ich bin bereit! Was lernen wir zuerst?

[Teacher]: Wir beginnen mit den Grundlagen. Wiederholen Sie bitte jedes Wort nach mir.

[Student]: Das ist eine gute Übung. Kann ich die Wörter auch in Sätzen hören?

[Teacher]: Natürlich! Ich zeige Ihnen Beispiele für jeden Satz. Dann üben wir zusammen.

[Student]: Perfekt! Vielen Dank für die Hilfe.

[Teacher]: Gern geschehen! Üben Sie zu Hause weiter. Viel Erfolg!', NULL, NULL, NULL, 120, 2, 'Präsentationen und Vorträge');

INSERT INTO public.lesson_expressions (lesson_id, german, english_translation, arabic_translation, usage_context, formality, is_idiom, literal_translation, order_index) VALUES
  ('2c7431bd-3946-4eeb-bb88-2e2e972d9fa5', 'Guten Morgen!', 'Good morning!', 'صباح الخير!', 'Used in Kultur und Gesellschaft', 'formal', false, NULL, 1),
  ('2c7431bd-3946-4eeb-bb88-2e2e972d9fa5', 'Guten Tag!', 'Good day!', 'يوم سعيد!', 'Used in Kultur und Gesellschaft', 'formal', false, NULL, 2),
  ('2c7431bd-3946-4eeb-bb88-2e2e972d9fa5', 'Hallo!', 'Hello!', 'مرحباً!', 'Used in Kultur und Gesellschaft', 'informal', false, NULL, 3),
  ('2c7431bd-3946-4eeb-bb88-2e2e972d9fa5', 'Tschüss!', 'Bye!', 'مع السلامة!', 'Used in Kultur und Gesellschaft', 'informal', false, NULL, 4),
  ('2c7431bd-3946-4eeb-bb88-2e2e972d9fa5', 'Auf Wiedersehen!', 'Goodbye!', 'إلى اللقاء!', 'Used in Kultur und Gesellschaft', 'formal', false, NULL, 5),
  ('2c7431bd-3946-4eeb-bb88-2e2e972d9fa5', 'Wie geht es Ihnen?', 'How are you? (formal)', 'كيف حالك؟ (رسمي)', 'Used in Kultur und Gesellschaft', 'formal', false, NULL, 6),
  ('2c7431bd-3946-4eeb-bb88-2e2e972d9fa5', 'Wie geht es dir?', 'How are you? (informal)', 'كيف حالك؟ (غير رسمي)', 'Used in Kultur und Gesellschaft', 'informal', false, NULL, 7),
  ('2c7431bd-3946-4eeb-bb88-2e2e972d9fa5', 'Mir geht es gut, danke.', 'I''m fine, thanks.', 'أنا بخير، شكراً.', 'Used in Kultur und Gesellschaft', 'neutral', false, NULL, 8),
  ('2c7431bd-3946-4eeb-bb88-2e2e972d9fa5', 'Freut mich!', 'Nice to meet you!', 'يسعدني!', 'Used in Kultur und Gesellschaft', 'neutral', false, NULL, 9),
  ('2c7431bd-3946-4eeb-bb88-2e2e972d9fa5', 'Bis später!', 'See you later!', 'أراك لاحقاً!', 'Used in Kultur und Gesellschaft', 'informal', false, NULL, 10);

INSERT INTO public.lesson_flashcards (lesson_id, front, back, hint, category, order_index) VALUES
  ('2c7431bd-3946-4eeb-bb88-2e2e972d9fa5', 'Guten Morgen', 'Good morning', 'Used before noon', 'expression', 1),
  ('2c7431bd-3946-4eeb-bb88-2e2e972d9fa5', 'Guten Abend', 'Good evening', 'Used after 6 PM', 'expression', 2),
  ('2c7431bd-3946-4eeb-bb88-2e2e972d9fa5', 'Tschüss', 'Bye (informal)', 'With friends', 'expression', 3),
  ('2c7431bd-3946-4eeb-bb88-2e2e972d9fa5', 'Auf Wiedersehen', 'Goodbye (formal)', 'Formal situations', 'expression', 4),
  ('2c7431bd-3946-4eeb-bb88-2e2e972d9fa5', 'Bis später', 'See you later', 'Soon again', 'expression', 5),
  ('2c7431bd-3946-4eeb-bb88-2e2e972d9fa5', 'Willkommen', 'Welcome', 'First meeting', 'expression', 6),
  ('2c7431bd-3946-4eeb-bb88-2e2e972d9fa5', 'Entschuldigung', 'Excuse me / Sorry', 'Apology or attention', 'expression', 7),
  ('2c7431bd-3946-4eeb-bb88-2e2e972d9fa5', 'Vielen Dank', 'Thank you very much', 'Gratitude', 'expression', 8);

INSERT INTO public.lesson_homework (lesson_id, title, description, homework_type, tasks, estimated_minutes, order_index) VALUES
  ('2c7431bd-3946-4eeb-bb88-2e2e972d9fa5', 'Homework: Gesellschaftliche Themen', 'Complete these tasks to reinforce "Gesellschaftliche Themen" (Kultur und Gesellschaft).', 'mixed', '[{"description":"Review all vocabulary from \"Gesellschaftliche Themen\" — write each word with its article and plural form."},{"description":"Write 5 sentences using the key words from this lesson."},{"description":"Practice the dialogue aloud 3 times and record yourself."}]', 25, 1);

INSERT INTO public.lesson_reviews (lesson_id, summary, key_points, grammar_summary, vocabulary_focus, common_mistakes_summary, tips) VALUES
  ('2c7431bd-3946-4eeb-bb88-2e2e972d9fa5', 'In this lesson on "Gesellschaftliche Themen" (Kultur und Gesellschaft), you learned key vocabulary concepts at B2 level. Regular practice will help reinforce your understanding and build fluency.', '["Mastered the core vocabulary and expressions of \"Gesellschaftliche Themen\"","Understood and practiced the grammar structures taught","Developed vocabulary skills through targeted exercises","Built confidence in using German in practical situations","Identified areas for further practice and improvement","Connected new knowledge with previously learned material"]', '[{"title":"Key Grammar Points","summary":"Review the grammar rules and structures from this lesson on \"Gesellschaftliche Themen\""}]', ARRAY['"Gesellschaftliche Themen" core vocabulary', 'Kultur und Gesellschaft key terms']::text[], ARRAY['Pay attention to article gender (der/die/das)', 'Verb is always in second position in main clauses', 'Remember: German nouns are always capitalized']::text[], ARRAY['Practice 15-20 minutes daily for best results', 'Use new vocabulary in real sentences immediately', 'Speak out loud to improve pronunciation and fluency', 'Review previous lessons before starting new material']::text[]);

INSERT INTO public.lesson_speaking (lesson_id, title, prompt, scenario, tips, vocabulary_hints, min_duration_seconds, order_index) VALUES
  ('2c7431bd-3946-4eeb-bb88-2e2e972d9fa5', 'Gesellschaftliche Themen — Speaking 1', 'Practice the key vocabulary and phrases from "Gesellschaftliche Themen" aloud. Focus on correct pronunciation.', 'Speaking practice for Kultur und Gesellschaft', ARRAY['Speak slowly and clearly', 'Use full sentences', 'Don''t worry about mistakes', 'Practice 3 times']::text[], ARRAY['Use this lesson''s vocabulary', 'Apply correct grammar']::text[], 30, 1);

INSERT INTO public.lesson_speaking (lesson_id, title, prompt, scenario, tips, vocabulary_hints, min_duration_seconds, order_index) VALUES
  ('2c7431bd-3946-4eeb-bb88-2e2e972d9fa5', 'Gesellschaftliche Themen — Speaking 2', 'Role-play: Imagine you are in a situation related to Kultur und Gesellschaft. Have a dialogue with a partner.', 'Speaking practice for Kultur und Gesellschaft', ARRAY['Speak slowly and clearly', 'Use full sentences', 'Don''t worry about mistakes', 'Practice 3 times']::text[], ARRAY['Use this lesson''s vocabulary', 'Apply correct grammar']::text[], 60, 2);

INSERT INTO public.lesson_writing (lesson_id, title, task, tips, vocabulary_hints, grammar_focus, word_limit_min, word_limit_max, order_index) VALUES
  ('2c7431bd-3946-4eeb-bb88-2e2e972d9fa5', 'Gesellschaftliche Themen — Writing Task 1', 'Write a short text (50-100 words) about gesellschaftliche themen. Use at least 5 vocabulary words from this lesson. Focus on correct sentence structure.', ARRAY['Use vocabulary from this lesson', 'Check your grammar', 'Write complete sentences']::text[], ARRAY['Apply new vocabulary', 'Use correct articles']::text[], ARRAY['Sentence structure', 'Verb conjugation', 'Article-noun agreement']::text[], 50, 150, 1);

INSERT INTO public.lesson_conversations (lesson_id, title, scenario, role_user, role_ai, context, opening_line, vocabulary_hints, difficulty, order_index) VALUES
  ('2c7431bd-3946-4eeb-bb88-2e2e972d9fa5', 'Gesellschaftliche Themen — Conversation 1', 'Practice a realistic conversation about gesellschaftliche themen in the context of Kultur und Gesellschaft.', 'Student', 'Teacher', 'You are a student at B2 level. Practice having a natural German conversation about this lesson''s topic.', 'Hallo! Lass uns über "Gesellschaftliche Themen" sprechen. Bist du bereit?', ARRAY[]::text[], 'intermediate', 1);

INSERT INTO public.lesson_conversations (lesson_id, title, scenario, role_user, role_ai, context, opening_line, vocabulary_hints, difficulty, order_index) VALUES
  ('2c7431bd-3946-4eeb-bb88-2e2e972d9fa5', 'Gesellschaftliche Themen — Conversation 2', 'Practice a realistic conversation about gesellschaftliche themen in the context of Kultur und Gesellschaft.', 'Customer', 'Assistant', 'You are a student at B2 level. Practice having a natural German conversation about this lesson''s topic.', 'Hallo! Lass uns über "Gesellschaftliche Themen" sprechen. Bist du bereit?', ARRAY[]::text[], 'intermediate', 2);

INSERT INTO public.lesson_ai_challenges (lesson_id, title, question, scenario, expected_elements, tips, difficulty, order_index) VALUES
  ('2c7431bd-3946-4eeb-bb88-2e2e972d9fa5', 'Gesellschaftliche Themen — Creative Application', 'Create a short dialogue or story using at least 10 vocabulary words and grammar structures from "Gesellschaftliche Themen". The dialogue should be realistic and related to Kultur und Gesellschaft.', 'Creative practice for Gesellschaftliche Themen', ARRAY['10+ vocabulary words from the lesson', 'Correct grammar application', 'Realistic and natural dialogue', 'Creative and original content']::text[], ARRAY['Review the lesson material first', 'Take your time to think', 'Be creative and original']::text[], 'easy', 1);

INSERT INTO public.lesson_ai_challenges (lesson_id, title, question, scenario, expected_elements, tips, difficulty, order_index) VALUES
  ('2c7431bd-3946-4eeb-bb88-2e2e972d9fa5', 'Gesellschaftliche Themen — Deep Understanding', 'Explain the most important concepts from "Gesellschaftliche Themen" in your own words. Give 3 original examples for each main concept. What did you find most challenging and why?', 'Creative practice for Gesellschaftliche Themen', ARRAY['All key concepts covered thoroughly', 'Original examples provided', 'Self-reflection on learning process', 'Questions for the teacher identified']::text[], ARRAY['Review the lesson material first', 'Take your time to think', 'Be creative and original']::text[], 'medium', 2);

INSERT INTO public.lesson_reading (lesson_id, title, content, english_translation, arabic_translation, word_count, difficulty_rating, audio_url, source) VALUES
  ('2c7431bd-3946-4eeb-bb88-2e2e972d9fa5', 'Gesellschaftliche Themen — Reading Practice', 'This is a B2-level reading passage about gesellschaftliche themen in the context of Kultur und Gesellschaft.

Gesellschaftliche Themen is an important topic for German learners. In this lesson, you will learn key vocabulary and grammar structures that will help you communicate effectively in real-life situations.

The module "Kultur und Gesellschaft" provides a comprehensive introduction to this topic. By studying this material carefully and practicing regularly, you will build confidence in your German language skills.

Try to read the passage without translating every word. Focus on understanding the main ideas first. Then read again for details. Finally, practice reading aloud to improve your pronunciation.', NULL, NULL, 100, 1, NULL, 'DeutschMentor Curriculum');

INSERT INTO public.lesson_listening (lesson_id, title, transcript, english_translation, arabic_translation, audio_url, duration_seconds, speaker_count, scenario) VALUES
  ('2c7431bd-3946-4eeb-bb88-2e2e972d9fa5', 'Gesellschaftliche Themen — Listening Exercise', '[Teacher]: Hallo! Willkommen zur Lektion "Gesellschaftliche Themen" aus dem Modul "Kultur und Gesellschaft".

[Teacher]: Heute lernen wir wichtige Wörter und Sätze. Bitte hören Sie gut zu und wiederholen Sie.

[Student]: Ich bin bereit! Was lernen wir zuerst?

[Teacher]: Wir beginnen mit den Grundlagen. Wiederholen Sie bitte jedes Wort nach mir.

[Student]: Das ist eine gute Übung. Kann ich die Wörter auch in Sätzen hören?

[Teacher]: Natürlich! Ich zeige Ihnen Beispiele für jeden Satz. Dann üben wir zusammen.

[Student]: Perfekt! Vielen Dank für die Hilfe.

[Teacher]: Gern geschehen! Üben Sie zu Hause weiter. Viel Erfolg!', NULL, NULL, NULL, 120, 2, 'Kultur und Gesellschaft');

INSERT INTO public.lesson_expressions (lesson_id, german, english_translation, arabic_translation, usage_context, formality, is_idiom, literal_translation, order_index) VALUES
  ('7976573b-3be5-4ba4-b380-1b5d5e3e61ac', 'Guten Morgen!', 'Good morning!', 'صباح الخير!', 'Used in Fachsprache und Terminologie', 'formal', false, NULL, 1),
  ('7976573b-3be5-4ba4-b380-1b5d5e3e61ac', 'Guten Tag!', 'Good day!', 'يوم سعيد!', 'Used in Fachsprache und Terminologie', 'formal', false, NULL, 2),
  ('7976573b-3be5-4ba4-b380-1b5d5e3e61ac', 'Hallo!', 'Hello!', 'مرحباً!', 'Used in Fachsprache und Terminologie', 'informal', false, NULL, 3),
  ('7976573b-3be5-4ba4-b380-1b5d5e3e61ac', 'Tschüss!', 'Bye!', 'مع السلامة!', 'Used in Fachsprache und Terminologie', 'informal', false, NULL, 4),
  ('7976573b-3be5-4ba4-b380-1b5d5e3e61ac', 'Auf Wiedersehen!', 'Goodbye!', 'إلى اللقاء!', 'Used in Fachsprache und Terminologie', 'formal', false, NULL, 5),
  ('7976573b-3be5-4ba4-b380-1b5d5e3e61ac', 'Wie geht es Ihnen?', 'How are you? (formal)', 'كيف حالك؟ (رسمي)', 'Used in Fachsprache und Terminologie', 'formal', false, NULL, 6),
  ('7976573b-3be5-4ba4-b380-1b5d5e3e61ac', 'Wie geht es dir?', 'How are you? (informal)', 'كيف حالك؟ (غير رسمي)', 'Used in Fachsprache und Terminologie', 'informal', false, NULL, 7),
  ('7976573b-3be5-4ba4-b380-1b5d5e3e61ac', 'Mir geht es gut, danke.', 'I''m fine, thanks.', 'أنا بخير، شكراً.', 'Used in Fachsprache und Terminologie', 'neutral', false, NULL, 8),
  ('7976573b-3be5-4ba4-b380-1b5d5e3e61ac', 'Freut mich!', 'Nice to meet you!', 'يسعدني!', 'Used in Fachsprache und Terminologie', 'neutral', false, NULL, 9),
  ('7976573b-3be5-4ba4-b380-1b5d5e3e61ac', 'Bis später!', 'See you later!', 'أراك لاحقاً!', 'Used in Fachsprache und Terminologie', 'informal', false, NULL, 10);

INSERT INTO public.lesson_flashcards (lesson_id, front, back, hint, category, order_index) VALUES
  ('7976573b-3be5-4ba4-b380-1b5d5e3e61ac', 'Guten Morgen', 'Good morning', 'Used before noon', 'expression', 1),
  ('7976573b-3be5-4ba4-b380-1b5d5e3e61ac', 'Guten Abend', 'Good evening', 'Used after 6 PM', 'expression', 2),
  ('7976573b-3be5-4ba4-b380-1b5d5e3e61ac', 'Tschüss', 'Bye (informal)', 'With friends', 'expression', 3),
  ('7976573b-3be5-4ba4-b380-1b5d5e3e61ac', 'Auf Wiedersehen', 'Goodbye (formal)', 'Formal situations', 'expression', 4),
  ('7976573b-3be5-4ba4-b380-1b5d5e3e61ac', 'Bis später', 'See you later', 'Soon again', 'expression', 5),
  ('7976573b-3be5-4ba4-b380-1b5d5e3e61ac', 'Willkommen', 'Welcome', 'First meeting', 'expression', 6),
  ('7976573b-3be5-4ba4-b380-1b5d5e3e61ac', 'Entschuldigung', 'Excuse me / Sorry', 'Apology or attention', 'expression', 7),
  ('7976573b-3be5-4ba4-b380-1b5d5e3e61ac', 'Vielen Dank', 'Thank you very much', 'Gratitude', 'expression', 8);

INSERT INTO public.lesson_homework (lesson_id, title, description, homework_type, tasks, estimated_minutes, order_index) VALUES
  ('7976573b-3be5-4ba4-b380-1b5d5e3e61ac', 'Homework: Wissenschaftliche Fachsprache', 'Complete these tasks to reinforce "Wissenschaftliche Fachsprache" (Fachsprache und Terminologie).', 'vocabulary', '[{"description":"Review all vocabulary from \"Wissenschaftliche Fachsprache\" — write each word with its article and plural form."},{"description":"Write 5 sentences using the key words from this lesson."},{"description":"Practice the dialogue aloud 3 times and record yourself."}]', 15, 1);

INSERT INTO public.lesson_reviews (lesson_id, summary, key_points, grammar_summary, vocabulary_focus, common_mistakes_summary, tips) VALUES
  ('7976573b-3be5-4ba4-b380-1b5d5e3e61ac', 'In this lesson on "Wissenschaftliche Fachsprache" (Fachsprache und Terminologie), you learned key vocabulary concepts at B2 level. Regular practice will help reinforce your understanding and build fluency.', '["Mastered the core vocabulary and expressions of \"Wissenschaftliche Fachsprache\"","Understood and practiced the grammar structures taught","Developed vocabulary skills through targeted exercises","Built confidence in using German in practical situations","Identified areas for further practice and improvement","Connected new knowledge with previously learned material"]', '[{"title":"Key Grammar Points","summary":"Review the grammar rules and structures from this lesson on \"Wissenschaftliche Fachsprache\""}]', ARRAY['"Wissenschaftliche Fachsprache" core vocabulary', 'Fachsprache und Terminologie key terms']::text[], ARRAY['Pay attention to article gender (der/die/das)', 'Verb is always in second position in main clauses', 'Remember: German nouns are always capitalized']::text[], ARRAY['Practice 15-20 minutes daily for best results', 'Use new vocabulary in real sentences immediately', 'Speak out loud to improve pronunciation and fluency', 'Review previous lessons before starting new material']::text[]);

INSERT INTO public.lesson_speaking (lesson_id, title, prompt, scenario, tips, vocabulary_hints, min_duration_seconds, order_index) VALUES
  ('7976573b-3be5-4ba4-b380-1b5d5e3e61ac', 'Wissenschaftliche Fachsprache — Speaking 1', 'Practice the key vocabulary and phrases from "Wissenschaftliche Fachsprache" aloud. Focus on correct pronunciation.', 'Speaking practice for Fachsprache und Terminologie', ARRAY['Speak slowly and clearly', 'Use full sentences', 'Don''t worry about mistakes', 'Practice 3 times']::text[], ARRAY['Use this lesson''s vocabulary', 'Apply correct grammar']::text[], 30, 1);

INSERT INTO public.lesson_speaking (lesson_id, title, prompt, scenario, tips, vocabulary_hints, min_duration_seconds, order_index) VALUES
  ('7976573b-3be5-4ba4-b380-1b5d5e3e61ac', 'Wissenschaftliche Fachsprache — Speaking 2', 'Role-play: Imagine you are in a situation related to Fachsprache und Terminologie. Have a dialogue with a partner.', 'Speaking practice for Fachsprache und Terminologie', ARRAY['Speak slowly and clearly', 'Use full sentences', 'Don''t worry about mistakes', 'Practice 3 times']::text[], ARRAY['Use this lesson''s vocabulary', 'Apply correct grammar']::text[], 60, 2);

INSERT INTO public.lesson_writing (lesson_id, title, task, tips, vocabulary_hints, grammar_focus, word_limit_min, word_limit_max, order_index) VALUES
  ('7976573b-3be5-4ba4-b380-1b5d5e3e61ac', 'Wissenschaftliche Fachsprache — Writing Task 1', 'Write a short text (50-100 words) about wissenschaftliche fachsprache. Use at least 5 vocabulary words from this lesson. Focus on correct sentence structure.', ARRAY['Use vocabulary from this lesson', 'Check your grammar', 'Write complete sentences']::text[], ARRAY['Apply new vocabulary', 'Use correct articles']::text[], ARRAY['Sentence structure', 'Verb conjugation', 'Article-noun agreement']::text[], 50, 150, 1);

INSERT INTO public.lesson_conversations (lesson_id, title, scenario, role_user, role_ai, context, opening_line, vocabulary_hints, difficulty, order_index) VALUES
  ('7976573b-3be5-4ba4-b380-1b5d5e3e61ac', 'Wissenschaftliche Fachsprache — Conversation 1', 'Practice a realistic conversation about wissenschaftliche fachsprache in the context of Fachsprache und Terminologie.', 'Student', 'Teacher', 'You are a student at B2 level. Practice having a natural German conversation about this lesson''s topic.', 'Hallo! Lass uns über "Wissenschaftliche Fachsprache" sprechen. Bist du bereit?', ARRAY[]::text[], 'intermediate', 1);

INSERT INTO public.lesson_conversations (lesson_id, title, scenario, role_user, role_ai, context, opening_line, vocabulary_hints, difficulty, order_index) VALUES
  ('7976573b-3be5-4ba4-b380-1b5d5e3e61ac', 'Wissenschaftliche Fachsprache — Conversation 2', 'Practice a realistic conversation about wissenschaftliche fachsprache in the context of Fachsprache und Terminologie.', 'Customer', 'Assistant', 'You are a student at B2 level. Practice having a natural German conversation about this lesson''s topic.', 'Hallo! Lass uns über "Wissenschaftliche Fachsprache" sprechen. Bist du bereit?', ARRAY[]::text[], 'intermediate', 2);

INSERT INTO public.lesson_ai_challenges (lesson_id, title, question, scenario, expected_elements, tips, difficulty, order_index) VALUES
  ('7976573b-3be5-4ba4-b380-1b5d5e3e61ac', 'Wissenschaftliche Fachsprache — Creative Application', 'Create a short dialogue or story using at least 10 vocabulary words and grammar structures from "Wissenschaftliche Fachsprache". The dialogue should be realistic and related to Fachsprache und Terminologie.', 'Creative practice for Wissenschaftliche Fachsprache', ARRAY['10+ vocabulary words from the lesson', 'Correct grammar application', 'Realistic and natural dialogue', 'Creative and original content']::text[], ARRAY['Review the lesson material first', 'Take your time to think', 'Be creative and original']::text[], 'easy', 1);

INSERT INTO public.lesson_ai_challenges (lesson_id, title, question, scenario, expected_elements, tips, difficulty, order_index) VALUES
  ('7976573b-3be5-4ba4-b380-1b5d5e3e61ac', 'Wissenschaftliche Fachsprache — Deep Understanding', 'Explain the most important concepts from "Wissenschaftliche Fachsprache" in your own words. Give 3 original examples for each main concept. What did you find most challenging and why?', 'Creative practice for Wissenschaftliche Fachsprache', ARRAY['All key concepts covered thoroughly', 'Original examples provided', 'Self-reflection on learning process', 'Questions for the teacher identified']::text[], ARRAY['Review the lesson material first', 'Take your time to think', 'Be creative and original']::text[], 'medium', 2);

INSERT INTO public.lesson_reading (lesson_id, title, content, english_translation, arabic_translation, word_count, difficulty_rating, audio_url, source) VALUES
  ('7976573b-3be5-4ba4-b380-1b5d5e3e61ac', 'Wissenschaftliche Fachsprache — Reading Practice', 'This is a B2-level reading passage about wissenschaftliche fachsprache in the context of Fachsprache und Terminologie.

Wissenschaftliche Fachsprache is an important topic for German learners. In this lesson, you will learn key vocabulary and grammar structures that will help you communicate effectively in real-life situations.

The module "Fachsprache und Terminologie" provides a comprehensive introduction to this topic. By studying this material carefully and practicing regularly, you will build confidence in your German language skills.

Try to read the passage without translating every word. Focus on understanding the main ideas first. Then read again for details. Finally, practice reading aloud to improve your pronunciation.', NULL, NULL, 100, 1, NULL, 'DeutschMentor Curriculum');

INSERT INTO public.lesson_listening (lesson_id, title, transcript, english_translation, arabic_translation, audio_url, duration_seconds, speaker_count, scenario) VALUES
  ('7976573b-3be5-4ba4-b380-1b5d5e3e61ac', 'Wissenschaftliche Fachsprache — Listening Exercise', '[Teacher]: Hallo! Willkommen zur Lektion "Wissenschaftliche Fachsprache" aus dem Modul "Fachsprache und Terminologie".

[Teacher]: Heute lernen wir wichtige Wörter und Sätze. Bitte hören Sie gut zu und wiederholen Sie.

[Student]: Ich bin bereit! Was lernen wir zuerst?

[Teacher]: Wir beginnen mit den Grundlagen. Wiederholen Sie bitte jedes Wort nach mir.

[Student]: Das ist eine gute Übung. Kann ich die Wörter auch in Sätzen hören?

[Teacher]: Natürlich! Ich zeige Ihnen Beispiele für jeden Satz. Dann üben wir zusammen.

[Student]: Perfekt! Vielen Dank für die Hilfe.

[Teacher]: Gern geschehen! Üben Sie zu Hause weiter. Viel Erfolg!', NULL, NULL, NULL, 120, 2, 'Fachsprache und Terminologie');

INSERT INTO public.lesson_expressions (lesson_id, german, english_translation, arabic_translation, usage_context, formality, is_idiom, literal_translation, order_index) VALUES
  ('887e83c0-2362-4010-9bc5-2be5ce6fc093', 'Guten Morgen!', 'Good morning!', 'صباح الخير!', 'Used in Kultur und Gesellschaft', 'formal', false, NULL, 1),
  ('887e83c0-2362-4010-9bc5-2be5ce6fc093', 'Guten Tag!', 'Good day!', 'يوم سعيد!', 'Used in Kultur und Gesellschaft', 'formal', false, NULL, 2),
  ('887e83c0-2362-4010-9bc5-2be5ce6fc093', 'Hallo!', 'Hello!', 'مرحباً!', 'Used in Kultur und Gesellschaft', 'informal', false, NULL, 3),
  ('887e83c0-2362-4010-9bc5-2be5ce6fc093', 'Tschüss!', 'Bye!', 'مع السلامة!', 'Used in Kultur und Gesellschaft', 'informal', false, NULL, 4),
  ('887e83c0-2362-4010-9bc5-2be5ce6fc093', 'Auf Wiedersehen!', 'Goodbye!', 'إلى اللقاء!', 'Used in Kultur und Gesellschaft', 'formal', false, NULL, 5),
  ('887e83c0-2362-4010-9bc5-2be5ce6fc093', 'Wie geht es Ihnen?', 'How are you? (formal)', 'كيف حالك؟ (رسمي)', 'Used in Kultur und Gesellschaft', 'formal', false, NULL, 6),
  ('887e83c0-2362-4010-9bc5-2be5ce6fc093', 'Wie geht es dir?', 'How are you? (informal)', 'كيف حالك؟ (غير رسمي)', 'Used in Kultur und Gesellschaft', 'informal', false, NULL, 7),
  ('887e83c0-2362-4010-9bc5-2be5ce6fc093', 'Mir geht es gut, danke.', 'I''m fine, thanks.', 'أنا بخير، شكراً.', 'Used in Kultur und Gesellschaft', 'neutral', false, NULL, 8),
  ('887e83c0-2362-4010-9bc5-2be5ce6fc093', 'Freut mich!', 'Nice to meet you!', 'يسعدني!', 'Used in Kultur und Gesellschaft', 'neutral', false, NULL, 9),
  ('887e83c0-2362-4010-9bc5-2be5ce6fc093', 'Bis später!', 'See you later!', 'أراك لاحقاً!', 'Used in Kultur und Gesellschaft', 'informal', false, NULL, 10);

INSERT INTO public.lesson_flashcards (lesson_id, front, back, hint, category, order_index) VALUES
  ('887e83c0-2362-4010-9bc5-2be5ce6fc093', 'Guten Morgen', 'Good morning', 'Used before noon', 'expression', 1),
  ('887e83c0-2362-4010-9bc5-2be5ce6fc093', 'Guten Abend', 'Good evening', 'Used after 6 PM', 'expression', 2),
  ('887e83c0-2362-4010-9bc5-2be5ce6fc093', 'Tschüss', 'Bye (informal)', 'With friends', 'expression', 3),
  ('887e83c0-2362-4010-9bc5-2be5ce6fc093', 'Auf Wiedersehen', 'Goodbye (formal)', 'Formal situations', 'expression', 4),
  ('887e83c0-2362-4010-9bc5-2be5ce6fc093', 'Bis später', 'See you later', 'Soon again', 'expression', 5),
  ('887e83c0-2362-4010-9bc5-2be5ce6fc093', 'Willkommen', 'Welcome', 'First meeting', 'expression', 6),
  ('887e83c0-2362-4010-9bc5-2be5ce6fc093', 'Entschuldigung', 'Excuse me / Sorry', 'Apology or attention', 'expression', 7),
  ('887e83c0-2362-4010-9bc5-2be5ce6fc093', 'Vielen Dank', 'Thank you very much', 'Gratitude', 'expression', 8);

INSERT INTO public.lesson_homework (lesson_id, title, description, homework_type, tasks, estimated_minutes, order_index) VALUES
  ('887e83c0-2362-4010-9bc5-2be5ce6fc093', 'Homework: Gesellschaftliche Themen', 'Complete these tasks to reinforce "Gesellschaftliche Themen" (Kultur und Gesellschaft).', 'writing', '[{"description":"Review all vocabulary from \"Gesellschaftliche Themen\" — write each word with its article and plural form."},{"description":"Write 5 sentences using the key words from this lesson."},{"description":"Practice the dialogue aloud 3 times and record yourself."}]', 20, 1);

INSERT INTO public.lesson_reviews (lesson_id, summary, key_points, grammar_summary, vocabulary_focus, common_mistakes_summary, tips) VALUES
  ('887e83c0-2362-4010-9bc5-2be5ce6fc093', 'In this lesson on "Gesellschaftliche Themen" (Kultur und Gesellschaft), you learned key vocabulary concepts at B2 level. Regular practice will help reinforce your understanding and build fluency.', '["Mastered the core vocabulary and expressions of \"Gesellschaftliche Themen\"","Understood and practiced the grammar structures taught","Developed vocabulary skills through targeted exercises","Built confidence in using German in practical situations","Identified areas for further practice and improvement","Connected new knowledge with previously learned material"]', '[{"title":"Key Grammar Points","summary":"Review the grammar rules and structures from this lesson on \"Gesellschaftliche Themen\""}]', ARRAY['"Gesellschaftliche Themen" core vocabulary', 'Kultur und Gesellschaft key terms']::text[], ARRAY['Pay attention to article gender (der/die/das)', 'Verb is always in second position in main clauses', 'Remember: German nouns are always capitalized']::text[], ARRAY['Practice 15-20 minutes daily for best results', 'Use new vocabulary in real sentences immediately', 'Speak out loud to improve pronunciation and fluency', 'Review previous lessons before starting new material']::text[]);

INSERT INTO public.lesson_speaking (lesson_id, title, prompt, scenario, tips, vocabulary_hints, min_duration_seconds, order_index) VALUES
  ('887e83c0-2362-4010-9bc5-2be5ce6fc093', 'Gesellschaftliche Themen — Speaking 1', 'Practice the key vocabulary and phrases from "Gesellschaftliche Themen" aloud. Focus on correct pronunciation.', 'Speaking practice for Kultur und Gesellschaft', ARRAY['Speak slowly and clearly', 'Use full sentences', 'Don''t worry about mistakes', 'Practice 3 times']::text[], ARRAY['Use this lesson''s vocabulary', 'Apply correct grammar']::text[], 30, 1);

INSERT INTO public.lesson_speaking (lesson_id, title, prompt, scenario, tips, vocabulary_hints, min_duration_seconds, order_index) VALUES
  ('887e83c0-2362-4010-9bc5-2be5ce6fc093', 'Gesellschaftliche Themen — Speaking 2', 'Role-play: Imagine you are in a situation related to Kultur und Gesellschaft. Have a dialogue with a partner.', 'Speaking practice for Kultur und Gesellschaft', ARRAY['Speak slowly and clearly', 'Use full sentences', 'Don''t worry about mistakes', 'Practice 3 times']::text[], ARRAY['Use this lesson''s vocabulary', 'Apply correct grammar']::text[], 60, 2);

INSERT INTO public.lesson_writing (lesson_id, title, task, tips, vocabulary_hints, grammar_focus, word_limit_min, word_limit_max, order_index) VALUES
  ('887e83c0-2362-4010-9bc5-2be5ce6fc093', 'Gesellschaftliche Themen — Writing Task 1', 'Write a short text (50-100 words) about gesellschaftliche themen. Use at least 5 vocabulary words from this lesson. Focus on correct sentence structure.', ARRAY['Use vocabulary from this lesson', 'Check your grammar', 'Write complete sentences']::text[], ARRAY['Apply new vocabulary', 'Use correct articles']::text[], ARRAY['Sentence structure', 'Verb conjugation', 'Article-noun agreement']::text[], 50, 150, 1);

INSERT INTO public.lesson_conversations (lesson_id, title, scenario, role_user, role_ai, context, opening_line, vocabulary_hints, difficulty, order_index) VALUES
  ('887e83c0-2362-4010-9bc5-2be5ce6fc093', 'Gesellschaftliche Themen — Conversation 1', 'Practice a realistic conversation about gesellschaftliche themen in the context of Kultur und Gesellschaft.', 'Student', 'Teacher', 'You are a student at B2 level. Practice having a natural German conversation about this lesson''s topic.', 'Hallo! Lass uns über "Gesellschaftliche Themen" sprechen. Bist du bereit?', ARRAY[]::text[], 'intermediate', 1);

INSERT INTO public.lesson_conversations (lesson_id, title, scenario, role_user, role_ai, context, opening_line, vocabulary_hints, difficulty, order_index) VALUES
  ('887e83c0-2362-4010-9bc5-2be5ce6fc093', 'Gesellschaftliche Themen — Conversation 2', 'Practice a realistic conversation about gesellschaftliche themen in the context of Kultur und Gesellschaft.', 'Customer', 'Assistant', 'You are a student at B2 level. Practice having a natural German conversation about this lesson''s topic.', 'Hallo! Lass uns über "Gesellschaftliche Themen" sprechen. Bist du bereit?', ARRAY[]::text[], 'intermediate', 2);

INSERT INTO public.lesson_ai_challenges (lesson_id, title, question, scenario, expected_elements, tips, difficulty, order_index) VALUES
  ('887e83c0-2362-4010-9bc5-2be5ce6fc093', 'Gesellschaftliche Themen — Creative Application', 'Create a short dialogue or story using at least 10 vocabulary words and grammar structures from "Gesellschaftliche Themen". The dialogue should be realistic and related to Kultur und Gesellschaft.', 'Creative practice for Gesellschaftliche Themen', ARRAY['10+ vocabulary words from the lesson', 'Correct grammar application', 'Realistic and natural dialogue', 'Creative and original content']::text[], ARRAY['Review the lesson material first', 'Take your time to think', 'Be creative and original']::text[], 'easy', 1);

INSERT INTO public.lesson_ai_challenges (lesson_id, title, question, scenario, expected_elements, tips, difficulty, order_index) VALUES
  ('887e83c0-2362-4010-9bc5-2be5ce6fc093', 'Gesellschaftliche Themen — Deep Understanding', 'Explain the most important concepts from "Gesellschaftliche Themen" in your own words. Give 3 original examples for each main concept. What did you find most challenging and why?', 'Creative practice for Gesellschaftliche Themen', ARRAY['All key concepts covered thoroughly', 'Original examples provided', 'Self-reflection on learning process', 'Questions for the teacher identified']::text[], ARRAY['Review the lesson material first', 'Take your time to think', 'Be creative and original']::text[], 'medium', 2);

INSERT INTO public.lesson_reading (lesson_id, title, content, english_translation, arabic_translation, word_count, difficulty_rating, audio_url, source) VALUES
  ('887e83c0-2362-4010-9bc5-2be5ce6fc093', 'Gesellschaftliche Themen — Reading Practice', 'This is a B2-level reading passage about gesellschaftliche themen in the context of Kultur und Gesellschaft.

Gesellschaftliche Themen is an important topic for German learners. In this lesson, you will learn key vocabulary and grammar structures that will help you communicate effectively in real-life situations.

The module "Kultur und Gesellschaft" provides a comprehensive introduction to this topic. By studying this material carefully and practicing regularly, you will build confidence in your German language skills.

Try to read the passage without translating every word. Focus on understanding the main ideas first. Then read again for details. Finally, practice reading aloud to improve your pronunciation.', NULL, NULL, 100, 1, NULL, 'DeutschMentor Curriculum');

INSERT INTO public.lesson_listening (lesson_id, title, transcript, english_translation, arabic_translation, audio_url, duration_seconds, speaker_count, scenario) VALUES
  ('887e83c0-2362-4010-9bc5-2be5ce6fc093', 'Gesellschaftliche Themen — Listening Exercise', '[Teacher]: Hallo! Willkommen zur Lektion "Gesellschaftliche Themen" aus dem Modul "Kultur und Gesellschaft".

[Teacher]: Heute lernen wir wichtige Wörter und Sätze. Bitte hören Sie gut zu und wiederholen Sie.

[Student]: Ich bin bereit! Was lernen wir zuerst?

[Teacher]: Wir beginnen mit den Grundlagen. Wiederholen Sie bitte jedes Wort nach mir.

[Student]: Das ist eine gute Übung. Kann ich die Wörter auch in Sätzen hören?

[Teacher]: Natürlich! Ich zeige Ihnen Beispiele für jeden Satz. Dann üben wir zusammen.

[Student]: Perfekt! Vielen Dank für die Hilfe.

[Teacher]: Gern geschehen! Üben Sie zu Hause weiter. Viel Erfolg!', NULL, NULL, NULL, 120, 2, 'Kultur und Gesellschaft');

INSERT INTO public.lesson_expressions (lesson_id, german, english_translation, arabic_translation, usage_context, formality, is_idiom, literal_translation, order_index) VALUES
  ('5643f67d-b3bd-47c5-9774-8b2df07ad328', 'Guten Morgen!', 'Good morning!', 'صباح الخير!', 'Used in Fachsprache und Terminologie', 'formal', false, NULL, 1),
  ('5643f67d-b3bd-47c5-9774-8b2df07ad328', 'Guten Tag!', 'Good day!', 'يوم سعيد!', 'Used in Fachsprache und Terminologie', 'formal', false, NULL, 2),
  ('5643f67d-b3bd-47c5-9774-8b2df07ad328', 'Hallo!', 'Hello!', 'مرحباً!', 'Used in Fachsprache und Terminologie', 'informal', false, NULL, 3),
  ('5643f67d-b3bd-47c5-9774-8b2df07ad328', 'Tschüss!', 'Bye!', 'مع السلامة!', 'Used in Fachsprache und Terminologie', 'informal', false, NULL, 4),
  ('5643f67d-b3bd-47c5-9774-8b2df07ad328', 'Auf Wiedersehen!', 'Goodbye!', 'إلى اللقاء!', 'Used in Fachsprache und Terminologie', 'formal', false, NULL, 5),
  ('5643f67d-b3bd-47c5-9774-8b2df07ad328', 'Wie geht es Ihnen?', 'How are you? (formal)', 'كيف حالك؟ (رسمي)', 'Used in Fachsprache und Terminologie', 'formal', false, NULL, 6),
  ('5643f67d-b3bd-47c5-9774-8b2df07ad328', 'Wie geht es dir?', 'How are you? (informal)', 'كيف حالك؟ (غير رسمي)', 'Used in Fachsprache und Terminologie', 'informal', false, NULL, 7),
  ('5643f67d-b3bd-47c5-9774-8b2df07ad328', 'Mir geht es gut, danke.', 'I''m fine, thanks.', 'أنا بخير، شكراً.', 'Used in Fachsprache und Terminologie', 'neutral', false, NULL, 8),
  ('5643f67d-b3bd-47c5-9774-8b2df07ad328', 'Freut mich!', 'Nice to meet you!', 'يسعدني!', 'Used in Fachsprache und Terminologie', 'neutral', false, NULL, 9),
  ('5643f67d-b3bd-47c5-9774-8b2df07ad328', 'Bis später!', 'See you later!', 'أراك لاحقاً!', 'Used in Fachsprache und Terminologie', 'informal', false, NULL, 10);

INSERT INTO public.lesson_flashcards (lesson_id, front, back, hint, category, order_index) VALUES
  ('5643f67d-b3bd-47c5-9774-8b2df07ad328', 'Guten Morgen', 'Good morning', 'Used before noon', 'expression', 1),
  ('5643f67d-b3bd-47c5-9774-8b2df07ad328', 'Guten Abend', 'Good evening', 'Used after 6 PM', 'expression', 2),
  ('5643f67d-b3bd-47c5-9774-8b2df07ad328', 'Tschüss', 'Bye (informal)', 'With friends', 'expression', 3),
  ('5643f67d-b3bd-47c5-9774-8b2df07ad328', 'Auf Wiedersehen', 'Goodbye (formal)', 'Formal situations', 'expression', 4),
  ('5643f67d-b3bd-47c5-9774-8b2df07ad328', 'Bis später', 'See you later', 'Soon again', 'expression', 5),
  ('5643f67d-b3bd-47c5-9774-8b2df07ad328', 'Willkommen', 'Welcome', 'First meeting', 'expression', 6),
  ('5643f67d-b3bd-47c5-9774-8b2df07ad328', 'Entschuldigung', 'Excuse me / Sorry', 'Apology or attention', 'expression', 7),
  ('5643f67d-b3bd-47c5-9774-8b2df07ad328', 'Vielen Dank', 'Thank you very much', 'Gratitude', 'expression', 8);

INSERT INTO public.lesson_homework (lesson_id, title, description, homework_type, tasks, estimated_minutes, order_index) VALUES
  ('5643f67d-b3bd-47c5-9774-8b2df07ad328', 'Homework: Wissenschaftliche Fachsprache', 'Complete these tasks to reinforce "Wissenschaftliche Fachsprache" (Fachsprache und Terminologie).', 'speaking', '[{"description":"Review all vocabulary from \"Wissenschaftliche Fachsprache\" — write each word with its article and plural form."},{"description":"Write 5 sentences using the key words from this lesson."},{"description":"Practice the dialogue aloud 3 times and record yourself."}]', 25, 1);

INSERT INTO public.lesson_reviews (lesson_id, summary, key_points, grammar_summary, vocabulary_focus, common_mistakes_summary, tips) VALUES
  ('5643f67d-b3bd-47c5-9774-8b2df07ad328', 'In this lesson on "Wissenschaftliche Fachsprache" (Fachsprache und Terminologie), you learned key vocabulary concepts at B2 level. Regular practice will help reinforce your understanding and build fluency.', '["Mastered the core vocabulary and expressions of \"Wissenschaftliche Fachsprache\"","Understood and practiced the grammar structures taught","Developed vocabulary skills through targeted exercises","Built confidence in using German in practical situations","Identified areas for further practice and improvement","Connected new knowledge with previously learned material"]', '[{"title":"Key Grammar Points","summary":"Review the grammar rules and structures from this lesson on \"Wissenschaftliche Fachsprache\""}]', ARRAY['"Wissenschaftliche Fachsprache" core vocabulary', 'Fachsprache und Terminologie key terms']::text[], ARRAY['Pay attention to article gender (der/die/das)', 'Verb is always in second position in main clauses', 'Remember: German nouns are always capitalized']::text[], ARRAY['Practice 15-20 minutes daily for best results', 'Use new vocabulary in real sentences immediately', 'Speak out loud to improve pronunciation and fluency', 'Review previous lessons before starting new material']::text[]);

INSERT INTO public.lesson_speaking (lesson_id, title, prompt, scenario, tips, vocabulary_hints, min_duration_seconds, order_index) VALUES
  ('5643f67d-b3bd-47c5-9774-8b2df07ad328', 'Wissenschaftliche Fachsprache — Speaking 1', 'Practice the key vocabulary and phrases from "Wissenschaftliche Fachsprache" aloud. Focus on correct pronunciation.', 'Speaking practice for Fachsprache und Terminologie', ARRAY['Speak slowly and clearly', 'Use full sentences', 'Don''t worry about mistakes', 'Practice 3 times']::text[], ARRAY['Use this lesson''s vocabulary', 'Apply correct grammar']::text[], 30, 1);

INSERT INTO public.lesson_speaking (lesson_id, title, prompt, scenario, tips, vocabulary_hints, min_duration_seconds, order_index) VALUES
  ('5643f67d-b3bd-47c5-9774-8b2df07ad328', 'Wissenschaftliche Fachsprache — Speaking 2', 'Role-play: Imagine you are in a situation related to Fachsprache und Terminologie. Have a dialogue with a partner.', 'Speaking practice for Fachsprache und Terminologie', ARRAY['Speak slowly and clearly', 'Use full sentences', 'Don''t worry about mistakes', 'Practice 3 times']::text[], ARRAY['Use this lesson''s vocabulary', 'Apply correct grammar']::text[], 60, 2);

INSERT INTO public.lesson_writing (lesson_id, title, task, tips, vocabulary_hints, grammar_focus, word_limit_min, word_limit_max, order_index) VALUES
  ('5643f67d-b3bd-47c5-9774-8b2df07ad328', 'Wissenschaftliche Fachsprache — Writing Task 1', 'Write a short text (50-100 words) about wissenschaftliche fachsprache. Use at least 5 vocabulary words from this lesson. Focus on correct sentence structure.', ARRAY['Use vocabulary from this lesson', 'Check your grammar', 'Write complete sentences']::text[], ARRAY['Apply new vocabulary', 'Use correct articles']::text[], ARRAY['Sentence structure', 'Verb conjugation', 'Article-noun agreement']::text[], 50, 150, 1);

INSERT INTO public.lesson_conversations (lesson_id, title, scenario, role_user, role_ai, context, opening_line, vocabulary_hints, difficulty, order_index) VALUES
  ('5643f67d-b3bd-47c5-9774-8b2df07ad328', 'Wissenschaftliche Fachsprache — Conversation 1', 'Practice a realistic conversation about wissenschaftliche fachsprache in the context of Fachsprache und Terminologie.', 'Student', 'Teacher', 'You are a student at B2 level. Practice having a natural German conversation about this lesson''s topic.', 'Hallo! Lass uns über "Wissenschaftliche Fachsprache" sprechen. Bist du bereit?', ARRAY[]::text[], 'intermediate', 1);

INSERT INTO public.lesson_conversations (lesson_id, title, scenario, role_user, role_ai, context, opening_line, vocabulary_hints, difficulty, order_index) VALUES
  ('5643f67d-b3bd-47c5-9774-8b2df07ad328', 'Wissenschaftliche Fachsprache — Conversation 2', 'Practice a realistic conversation about wissenschaftliche fachsprache in the context of Fachsprache und Terminologie.', 'Customer', 'Assistant', 'You are a student at B2 level. Practice having a natural German conversation about this lesson''s topic.', 'Hallo! Lass uns über "Wissenschaftliche Fachsprache" sprechen. Bist du bereit?', ARRAY[]::text[], 'intermediate', 2);

INSERT INTO public.lesson_ai_challenges (lesson_id, title, question, scenario, expected_elements, tips, difficulty, order_index) VALUES
  ('5643f67d-b3bd-47c5-9774-8b2df07ad328', 'Wissenschaftliche Fachsprache — Creative Application', 'Create a short dialogue or story using at least 10 vocabulary words and grammar structures from "Wissenschaftliche Fachsprache". The dialogue should be realistic and related to Fachsprache und Terminologie.', 'Creative practice for Wissenschaftliche Fachsprache', ARRAY['10+ vocabulary words from the lesson', 'Correct grammar application', 'Realistic and natural dialogue', 'Creative and original content']::text[], ARRAY['Review the lesson material first', 'Take your time to think', 'Be creative and original']::text[], 'easy', 1);

INSERT INTO public.lesson_ai_challenges (lesson_id, title, question, scenario, expected_elements, tips, difficulty, order_index) VALUES
  ('5643f67d-b3bd-47c5-9774-8b2df07ad328', 'Wissenschaftliche Fachsprache — Deep Understanding', 'Explain the most important concepts from "Wissenschaftliche Fachsprache" in your own words. Give 3 original examples for each main concept. What did you find most challenging and why?', 'Creative practice for Wissenschaftliche Fachsprache', ARRAY['All key concepts covered thoroughly', 'Original examples provided', 'Self-reflection on learning process', 'Questions for the teacher identified']::text[], ARRAY['Review the lesson material first', 'Take your time to think', 'Be creative and original']::text[], 'medium', 2);

INSERT INTO public.lesson_reading (lesson_id, title, content, english_translation, arabic_translation, word_count, difficulty_rating, audio_url, source) VALUES
  ('5643f67d-b3bd-47c5-9774-8b2df07ad328', 'Wissenschaftliche Fachsprache — Reading Practice', 'This is a B2-level reading passage about wissenschaftliche fachsprache in the context of Fachsprache und Terminologie.

Wissenschaftliche Fachsprache is an important topic for German learners. In this lesson, you will learn key vocabulary and grammar structures that will help you communicate effectively in real-life situations.

The module "Fachsprache und Terminologie" provides a comprehensive introduction to this topic. By studying this material carefully and practicing regularly, you will build confidence in your German language skills.

Try to read the passage without translating every word. Focus on understanding the main ideas first. Then read again for details. Finally, practice reading aloud to improve your pronunciation.', NULL, NULL, 100, 1, NULL, 'DeutschMentor Curriculum');

INSERT INTO public.lesson_listening (lesson_id, title, transcript, english_translation, arabic_translation, audio_url, duration_seconds, speaker_count, scenario) VALUES
  ('5643f67d-b3bd-47c5-9774-8b2df07ad328', 'Wissenschaftliche Fachsprache — Listening Exercise', '[Teacher]: Hallo! Willkommen zur Lektion "Wissenschaftliche Fachsprache" aus dem Modul "Fachsprache und Terminologie".

[Teacher]: Heute lernen wir wichtige Wörter und Sätze. Bitte hören Sie gut zu und wiederholen Sie.

[Student]: Ich bin bereit! Was lernen wir zuerst?

[Teacher]: Wir beginnen mit den Grundlagen. Wiederholen Sie bitte jedes Wort nach mir.

[Student]: Das ist eine gute Übung. Kann ich die Wörter auch in Sätzen hören?

[Teacher]: Natürlich! Ich zeige Ihnen Beispiele für jeden Satz. Dann üben wir zusammen.

[Student]: Perfekt! Vielen Dank für die Hilfe.

[Teacher]: Gern geschehen! Üben Sie zu Hause weiter. Viel Erfolg!', NULL, NULL, NULL, 120, 2, 'Fachsprache und Terminologie');

INSERT INTO public.lesson_expressions (lesson_id, german, english_translation, arabic_translation, usage_context, formality, is_idiom, literal_translation, order_index) VALUES
  ('8aae56fd-b541-4d29-9ed3-4c30c6708f8c', 'Guten Morgen!', 'Good morning!', 'صباح الخير!', 'Used in Wirtschaft und Politik', 'formal', false, NULL, 1),
  ('8aae56fd-b541-4d29-9ed3-4c30c6708f8c', 'Guten Tag!', 'Good day!', 'يوم سعيد!', 'Used in Wirtschaft und Politik', 'formal', false, NULL, 2),
  ('8aae56fd-b541-4d29-9ed3-4c30c6708f8c', 'Hallo!', 'Hello!', 'مرحباً!', 'Used in Wirtschaft und Politik', 'informal', false, NULL, 3),
  ('8aae56fd-b541-4d29-9ed3-4c30c6708f8c', 'Tschüss!', 'Bye!', 'مع السلامة!', 'Used in Wirtschaft und Politik', 'informal', false, NULL, 4),
  ('8aae56fd-b541-4d29-9ed3-4c30c6708f8c', 'Auf Wiedersehen!', 'Goodbye!', 'إلى اللقاء!', 'Used in Wirtschaft und Politik', 'formal', false, NULL, 5),
  ('8aae56fd-b541-4d29-9ed3-4c30c6708f8c', 'Wie geht es Ihnen?', 'How are you? (formal)', 'كيف حالك؟ (رسمي)', 'Used in Wirtschaft und Politik', 'formal', false, NULL, 6),
  ('8aae56fd-b541-4d29-9ed3-4c30c6708f8c', 'Wie geht es dir?', 'How are you? (informal)', 'كيف حالك؟ (غير رسمي)', 'Used in Wirtschaft und Politik', 'informal', false, NULL, 7),
  ('8aae56fd-b541-4d29-9ed3-4c30c6708f8c', 'Mir geht es gut, danke.', 'I''m fine, thanks.', 'أنا بخير، شكراً.', 'Used in Wirtschaft und Politik', 'neutral', false, NULL, 8),
  ('8aae56fd-b541-4d29-9ed3-4c30c6708f8c', 'Freut mich!', 'Nice to meet you!', 'يسعدني!', 'Used in Wirtschaft und Politik', 'neutral', false, NULL, 9),
  ('8aae56fd-b541-4d29-9ed3-4c30c6708f8c', 'Bis später!', 'See you later!', 'أراك لاحقاً!', 'Used in Wirtschaft und Politik', 'informal', false, NULL, 10);

INSERT INTO public.lesson_flashcards (lesson_id, front, back, hint, category, order_index) VALUES
  ('8aae56fd-b541-4d29-9ed3-4c30c6708f8c', 'Guten Morgen', 'Good morning', 'Used before noon', 'expression', 1),
  ('8aae56fd-b541-4d29-9ed3-4c30c6708f8c', 'Guten Abend', 'Good evening', 'Used after 6 PM', 'expression', 2),
  ('8aae56fd-b541-4d29-9ed3-4c30c6708f8c', 'Tschüss', 'Bye (informal)', 'With friends', 'expression', 3),
  ('8aae56fd-b541-4d29-9ed3-4c30c6708f8c', 'Auf Wiedersehen', 'Goodbye (formal)', 'Formal situations', 'expression', 4),
  ('8aae56fd-b541-4d29-9ed3-4c30c6708f8c', 'Bis später', 'See you later', 'Soon again', 'expression', 5),
  ('8aae56fd-b541-4d29-9ed3-4c30c6708f8c', 'Willkommen', 'Welcome', 'First meeting', 'expression', 6),
  ('8aae56fd-b541-4d29-9ed3-4c30c6708f8c', 'Entschuldigung', 'Excuse me / Sorry', 'Apology or attention', 'expression', 7),
  ('8aae56fd-b541-4d29-9ed3-4c30c6708f8c', 'Vielen Dank', 'Thank you very much', 'Gratitude', 'expression', 8);

INSERT INTO public.lesson_homework (lesson_id, title, description, homework_type, tasks, estimated_minutes, order_index) VALUES
  ('8aae56fd-b541-4d29-9ed3-4c30c6708f8c', 'Homework: Wirtschaftsgrundlagen', 'Complete these tasks to reinforce "Wirtschaftsgrundlagen" (Wirtschaft und Politik).', 'reading', '[{"description":"Review all vocabulary from \"Wirtschaftsgrundlagen\" — write each word with its article and plural form."},{"description":"Write 5 sentences using the key words from this lesson."},{"description":"Practice the dialogue aloud 3 times and record yourself."}]', 15, 1);

INSERT INTO public.lesson_reviews (lesson_id, summary, key_points, grammar_summary, vocabulary_focus, common_mistakes_summary, tips) VALUES
  ('8aae56fd-b541-4d29-9ed3-4c30c6708f8c', 'In this lesson on "Wirtschaftsgrundlagen" (Wirtschaft und Politik), you learned key vocabulary concepts at B2 level. Regular practice will help reinforce your understanding and build fluency.', '["Mastered the core vocabulary and expressions of \"Wirtschaftsgrundlagen\"","Understood and practiced the grammar structures taught","Developed vocabulary skills through targeted exercises","Built confidence in using German in practical situations","Identified areas for further practice and improvement","Connected new knowledge with previously learned material"]', '[{"title":"Key Grammar Points","summary":"Review the grammar rules and structures from this lesson on \"Wirtschaftsgrundlagen\""}]', ARRAY['"Wirtschaftsgrundlagen" core vocabulary', 'Wirtschaft und Politik key terms']::text[], ARRAY['Pay attention to article gender (der/die/das)', 'Verb is always in second position in main clauses', 'Remember: German nouns are always capitalized']::text[], ARRAY['Practice 15-20 minutes daily for best results', 'Use new vocabulary in real sentences immediately', 'Speak out loud to improve pronunciation and fluency', 'Review previous lessons before starting new material']::text[]);

INSERT INTO public.lesson_speaking (lesson_id, title, prompt, scenario, tips, vocabulary_hints, min_duration_seconds, order_index) VALUES
  ('8aae56fd-b541-4d29-9ed3-4c30c6708f8c', 'Wirtschaftsgrundlagen — Speaking 1', 'Practice the key vocabulary and phrases from "Wirtschaftsgrundlagen" aloud. Focus on correct pronunciation.', 'Speaking practice for Wirtschaft und Politik', ARRAY['Speak slowly and clearly', 'Use full sentences', 'Don''t worry about mistakes', 'Practice 3 times']::text[], ARRAY['Use this lesson''s vocabulary', 'Apply correct grammar']::text[], 30, 1);

INSERT INTO public.lesson_speaking (lesson_id, title, prompt, scenario, tips, vocabulary_hints, min_duration_seconds, order_index) VALUES
  ('8aae56fd-b541-4d29-9ed3-4c30c6708f8c', 'Wirtschaftsgrundlagen — Speaking 2', 'Role-play: Imagine you are in a situation related to Wirtschaft und Politik. Have a dialogue with a partner.', 'Speaking practice for Wirtschaft und Politik', ARRAY['Speak slowly and clearly', 'Use full sentences', 'Don''t worry about mistakes', 'Practice 3 times']::text[], ARRAY['Use this lesson''s vocabulary', 'Apply correct grammar']::text[], 60, 2);

INSERT INTO public.lesson_writing (lesson_id, title, task, tips, vocabulary_hints, grammar_focus, word_limit_min, word_limit_max, order_index) VALUES
  ('8aae56fd-b541-4d29-9ed3-4c30c6708f8c', 'Wirtschaftsgrundlagen — Writing Task 1', 'Write a short text (50-100 words) about wirtschaftsgrundlagen. Use at least 5 vocabulary words from this lesson. Focus on correct sentence structure.', ARRAY['Use vocabulary from this lesson', 'Check your grammar', 'Write complete sentences']::text[], ARRAY['Apply new vocabulary', 'Use correct articles']::text[], ARRAY['Sentence structure', 'Verb conjugation', 'Article-noun agreement']::text[], 50, 150, 1);

INSERT INTO public.lesson_conversations (lesson_id, title, scenario, role_user, role_ai, context, opening_line, vocabulary_hints, difficulty, order_index) VALUES
  ('8aae56fd-b541-4d29-9ed3-4c30c6708f8c', 'Wirtschaftsgrundlagen — Conversation 1', 'Practice a realistic conversation about wirtschaftsgrundlagen in the context of Wirtschaft und Politik.', 'Student', 'Teacher', 'You are a student at B2 level. Practice having a natural German conversation about this lesson''s topic.', 'Hallo! Lass uns über "Wirtschaftsgrundlagen" sprechen. Bist du bereit?', ARRAY[]::text[], 'intermediate', 1);

INSERT INTO public.lesson_conversations (lesson_id, title, scenario, role_user, role_ai, context, opening_line, vocabulary_hints, difficulty, order_index) VALUES
  ('8aae56fd-b541-4d29-9ed3-4c30c6708f8c', 'Wirtschaftsgrundlagen — Conversation 2', 'Practice a realistic conversation about wirtschaftsgrundlagen in the context of Wirtschaft und Politik.', 'Customer', 'Assistant', 'You are a student at B2 level. Practice having a natural German conversation about this lesson''s topic.', 'Hallo! Lass uns über "Wirtschaftsgrundlagen" sprechen. Bist du bereit?', ARRAY[]::text[], 'intermediate', 2);

INSERT INTO public.lesson_ai_challenges (lesson_id, title, question, scenario, expected_elements, tips, difficulty, order_index) VALUES
  ('8aae56fd-b541-4d29-9ed3-4c30c6708f8c', 'Wirtschaftsgrundlagen — Creative Application', 'Create a short dialogue or story using at least 10 vocabulary words and grammar structures from "Wirtschaftsgrundlagen". The dialogue should be realistic and related to Wirtschaft und Politik.', 'Creative practice for Wirtschaftsgrundlagen', ARRAY['10+ vocabulary words from the lesson', 'Correct grammar application', 'Realistic and natural dialogue', 'Creative and original content']::text[], ARRAY['Review the lesson material first', 'Take your time to think', 'Be creative and original']::text[], 'easy', 1);

INSERT INTO public.lesson_ai_challenges (lesson_id, title, question, scenario, expected_elements, tips, difficulty, order_index) VALUES
  ('8aae56fd-b541-4d29-9ed3-4c30c6708f8c', 'Wirtschaftsgrundlagen — Deep Understanding', 'Explain the most important concepts from "Wirtschaftsgrundlagen" in your own words. Give 3 original examples for each main concept. What did you find most challenging and why?', 'Creative practice for Wirtschaftsgrundlagen', ARRAY['All key concepts covered thoroughly', 'Original examples provided', 'Self-reflection on learning process', 'Questions for the teacher identified']::text[], ARRAY['Review the lesson material first', 'Take your time to think', 'Be creative and original']::text[], 'medium', 2);

INSERT INTO public.lesson_reading (lesson_id, title, content, english_translation, arabic_translation, word_count, difficulty_rating, audio_url, source) VALUES
  ('8aae56fd-b541-4d29-9ed3-4c30c6708f8c', 'Wirtschaftsgrundlagen — Reading Practice', 'This is a B2-level reading passage about wirtschaftsgrundlagen in the context of Wirtschaft und Politik.

Wirtschaftsgrundlagen is an important topic for German learners. In this lesson, you will learn key vocabulary and grammar structures that will help you communicate effectively in real-life situations.

The module "Wirtschaft und Politik" provides a comprehensive introduction to this topic. By studying this material carefully and practicing regularly, you will build confidence in your German language skills.

Try to read the passage without translating every word. Focus on understanding the main ideas first. Then read again for details. Finally, practice reading aloud to improve your pronunciation.', NULL, NULL, 98, 1, NULL, 'DeutschMentor Curriculum');

INSERT INTO public.lesson_listening (lesson_id, title, transcript, english_translation, arabic_translation, audio_url, duration_seconds, speaker_count, scenario) VALUES
  ('8aae56fd-b541-4d29-9ed3-4c30c6708f8c', 'Wirtschaftsgrundlagen — Listening Exercise', '[Teacher]: Hallo! Willkommen zur Lektion "Wirtschaftsgrundlagen" aus dem Modul "Wirtschaft und Politik".

[Teacher]: Heute lernen wir wichtige Wörter und Sätze. Bitte hören Sie gut zu und wiederholen Sie.

[Student]: Ich bin bereit! Was lernen wir zuerst?

[Teacher]: Wir beginnen mit den Grundlagen. Wiederholen Sie bitte jedes Wort nach mir.

[Student]: Das ist eine gute Übung. Kann ich die Wörter auch in Sätzen hören?

[Teacher]: Natürlich! Ich zeige Ihnen Beispiele für jeden Satz. Dann üben wir zusammen.

[Student]: Perfekt! Vielen Dank für die Hilfe.

[Teacher]: Gern geschehen! Üben Sie zu Hause weiter. Viel Erfolg!', NULL, NULL, NULL, 120, 2, 'Wirtschaft und Politik');

INSERT INTO public.lesson_expressions (lesson_id, german, english_translation, arabic_translation, usage_context, formality, is_idiom, literal_translation, order_index) VALUES
  ('95bd7d52-a378-45b9-b87f-93024fc277c4', 'Guten Morgen!', 'Good morning!', 'صباح الخير!', 'Used in Diskussion und Argumentation', 'formal', false, NULL, 1),
  ('95bd7d52-a378-45b9-b87f-93024fc277c4', 'Guten Tag!', 'Good day!', 'يوم سعيد!', 'Used in Diskussion und Argumentation', 'formal', false, NULL, 2),
  ('95bd7d52-a378-45b9-b87f-93024fc277c4', 'Hallo!', 'Hello!', 'مرحباً!', 'Used in Diskussion und Argumentation', 'informal', false, NULL, 3),
  ('95bd7d52-a378-45b9-b87f-93024fc277c4', 'Tschüss!', 'Bye!', 'مع السلامة!', 'Used in Diskussion und Argumentation', 'informal', false, NULL, 4),
  ('95bd7d52-a378-45b9-b87f-93024fc277c4', 'Auf Wiedersehen!', 'Goodbye!', 'إلى اللقاء!', 'Used in Diskussion und Argumentation', 'formal', false, NULL, 5),
  ('95bd7d52-a378-45b9-b87f-93024fc277c4', 'Wie geht es Ihnen?', 'How are you? (formal)', 'كيف حالك؟ (رسمي)', 'Used in Diskussion und Argumentation', 'formal', false, NULL, 6),
  ('95bd7d52-a378-45b9-b87f-93024fc277c4', 'Wie geht es dir?', 'How are you? (informal)', 'كيف حالك؟ (غير رسمي)', 'Used in Diskussion und Argumentation', 'informal', false, NULL, 7),
  ('95bd7d52-a378-45b9-b87f-93024fc277c4', 'Mir geht es gut, danke.', 'I''m fine, thanks.', 'أنا بخير، شكراً.', 'Used in Diskussion und Argumentation', 'neutral', false, NULL, 8),
  ('95bd7d52-a378-45b9-b87f-93024fc277c4', 'Freut mich!', 'Nice to meet you!', 'يسعدني!', 'Used in Diskussion und Argumentation', 'neutral', false, NULL, 9),
  ('95bd7d52-a378-45b9-b87f-93024fc277c4', 'Bis später!', 'See you later!', 'أراك لاحقاً!', 'Used in Diskussion und Argumentation', 'informal', false, NULL, 10);

INSERT INTO public.lesson_flashcards (lesson_id, front, back, hint, category, order_index) VALUES
  ('95bd7d52-a378-45b9-b87f-93024fc277c4', 'Guten Morgen', 'Good morning', 'Used before noon', 'expression', 1),
  ('95bd7d52-a378-45b9-b87f-93024fc277c4', 'Guten Abend', 'Good evening', 'Used after 6 PM', 'expression', 2),
  ('95bd7d52-a378-45b9-b87f-93024fc277c4', 'Tschüss', 'Bye (informal)', 'With friends', 'expression', 3),
  ('95bd7d52-a378-45b9-b87f-93024fc277c4', 'Auf Wiedersehen', 'Goodbye (formal)', 'Formal situations', 'expression', 4),
  ('95bd7d52-a378-45b9-b87f-93024fc277c4', 'Bis später', 'See you later', 'Soon again', 'expression', 5),
  ('95bd7d52-a378-45b9-b87f-93024fc277c4', 'Willkommen', 'Welcome', 'First meeting', 'expression', 6),
  ('95bd7d52-a378-45b9-b87f-93024fc277c4', 'Entschuldigung', 'Excuse me / Sorry', 'Apology or attention', 'expression', 7),
  ('95bd7d52-a378-45b9-b87f-93024fc277c4', 'Vielen Dank', 'Thank you very much', 'Gratitude', 'expression', 8);

INSERT INTO public.lesson_homework (lesson_id, title, description, homework_type, tasks, estimated_minutes, order_index) VALUES
  ('95bd7d52-a378-45b9-b87f-93024fc277c4', 'Homework: Debatte und Meinungsäußerung', 'Complete these tasks to reinforce "Debatte und Meinungsäußerung" (Diskussion und Argumentation).', 'grammar', '[{"description":"Review all vocabulary from \"Debatte und Meinungsäußerung\" — write each word with its article and plural form."},{"description":"Write 5 sentences using the key words from this lesson."},{"description":"Practice the dialogue aloud 3 times and record yourself."}]', 20, 1);

INSERT INTO public.lesson_reviews (lesson_id, summary, key_points, grammar_summary, vocabulary_focus, common_mistakes_summary, tips) VALUES
  ('95bd7d52-a378-45b9-b87f-93024fc277c4', 'In this lesson on "Debatte und Meinungsäußerung" (Diskussion und Argumentation), you learned key vocabulary concepts at B2 level. Regular practice will help reinforce your understanding and build fluency.', '["Mastered the core vocabulary and expressions of \"Debatte und Meinungsäußerung\"","Understood and practiced the grammar structures taught","Developed vocabulary skills through targeted exercises","Built confidence in using German in practical situations","Identified areas for further practice and improvement","Connected new knowledge with previously learned material"]', '[{"title":"Key Grammar Points","summary":"Review the grammar rules and structures from this lesson on \"Debatte und Meinungsäußerung\""}]', ARRAY['"Debatte und Meinungsäußerung" core vocabulary', 'Diskussion und Argumentation key terms']::text[], ARRAY['Pay attention to article gender (der/die/das)', 'Verb is always in second position in main clauses', 'Remember: German nouns are always capitalized']::text[], ARRAY['Practice 15-20 minutes daily for best results', 'Use new vocabulary in real sentences immediately', 'Speak out loud to improve pronunciation and fluency', 'Review previous lessons before starting new material']::text[]);

INSERT INTO public.lesson_speaking (lesson_id, title, prompt, scenario, tips, vocabulary_hints, min_duration_seconds, order_index) VALUES
  ('95bd7d52-a378-45b9-b87f-93024fc277c4', 'Debatte und Meinungsäußerung — Speaking 1', 'Practice the key vocabulary and phrases from "Debatte und Meinungsäußerung" aloud. Focus on correct pronunciation.', 'Speaking practice for Diskussion und Argumentation', ARRAY['Speak slowly and clearly', 'Use full sentences', 'Don''t worry about mistakes', 'Practice 3 times']::text[], ARRAY['Use this lesson''s vocabulary', 'Apply correct grammar']::text[], 30, 1);

INSERT INTO public.lesson_speaking (lesson_id, title, prompt, scenario, tips, vocabulary_hints, min_duration_seconds, order_index) VALUES
  ('95bd7d52-a378-45b9-b87f-93024fc277c4', 'Debatte und Meinungsäußerung — Speaking 2', 'Role-play: Imagine you are in a situation related to Diskussion und Argumentation. Have a dialogue with a partner.', 'Speaking practice for Diskussion und Argumentation', ARRAY['Speak slowly and clearly', 'Use full sentences', 'Don''t worry about mistakes', 'Practice 3 times']::text[], ARRAY['Use this lesson''s vocabulary', 'Apply correct grammar']::text[], 60, 2);

INSERT INTO public.lesson_writing (lesson_id, title, task, tips, vocabulary_hints, grammar_focus, word_limit_min, word_limit_max, order_index) VALUES
  ('95bd7d52-a378-45b9-b87f-93024fc277c4', 'Debatte und Meinungsäußerung — Writing Task 1', 'Write a short text (50-100 words) about debatte und meinungsäußerung. Use at least 5 vocabulary words from this lesson. Focus on correct sentence structure.', ARRAY['Use vocabulary from this lesson', 'Check your grammar', 'Write complete sentences']::text[], ARRAY['Apply new vocabulary', 'Use correct articles']::text[], ARRAY['Sentence structure', 'Verb conjugation', 'Article-noun agreement']::text[], 50, 150, 1);

INSERT INTO public.lesson_conversations (lesson_id, title, scenario, role_user, role_ai, context, opening_line, vocabulary_hints, difficulty, order_index) VALUES
  ('95bd7d52-a378-45b9-b87f-93024fc277c4', 'Debatte und Meinungsäußerung — Conversation 1', 'Practice a realistic conversation about debatte und meinungsäußerung in the context of Diskussion und Argumentation.', 'Student', 'Teacher', 'You are a student at B2 level. Practice having a natural German conversation about this lesson''s topic.', 'Hallo! Lass uns über "Debatte und Meinungsäußerung" sprechen. Bist du bereit?', ARRAY[]::text[], 'intermediate', 1);

INSERT INTO public.lesson_conversations (lesson_id, title, scenario, role_user, role_ai, context, opening_line, vocabulary_hints, difficulty, order_index) VALUES
  ('95bd7d52-a378-45b9-b87f-93024fc277c4', 'Debatte und Meinungsäußerung — Conversation 2', 'Practice a realistic conversation about debatte und meinungsäußerung in the context of Diskussion und Argumentation.', 'Customer', 'Assistant', 'You are a student at B2 level. Practice having a natural German conversation about this lesson''s topic.', 'Hallo! Lass uns über "Debatte und Meinungsäußerung" sprechen. Bist du bereit?', ARRAY[]::text[], 'intermediate', 2);

INSERT INTO public.lesson_ai_challenges (lesson_id, title, question, scenario, expected_elements, tips, difficulty, order_index) VALUES
  ('95bd7d52-a378-45b9-b87f-93024fc277c4', 'Debatte und Meinungsäußerung — Creative Application', 'Create a short dialogue or story using at least 10 vocabulary words and grammar structures from "Debatte und Meinungsäußerung". The dialogue should be realistic and related to Diskussion und Argumentation.', 'Creative practice for Debatte und Meinungsäußerung', ARRAY['10+ vocabulary words from the lesson', 'Correct grammar application', 'Realistic and natural dialogue', 'Creative and original content']::text[], ARRAY['Review the lesson material first', 'Take your time to think', 'Be creative and original']::text[], 'easy', 1);

INSERT INTO public.lesson_ai_challenges (lesson_id, title, question, scenario, expected_elements, tips, difficulty, order_index) VALUES
  ('95bd7d52-a378-45b9-b87f-93024fc277c4', 'Debatte und Meinungsäußerung — Deep Understanding', 'Explain the most important concepts from "Debatte und Meinungsäußerung" in your own words. Give 3 original examples for each main concept. What did you find most challenging and why?', 'Creative practice for Debatte und Meinungsäußerung', ARRAY['All key concepts covered thoroughly', 'Original examples provided', 'Self-reflection on learning process', 'Questions for the teacher identified']::text[], ARRAY['Review the lesson material first', 'Take your time to think', 'Be creative and original']::text[], 'medium', 2);

INSERT INTO public.lesson_reading (lesson_id, title, content, english_translation, arabic_translation, word_count, difficulty_rating, audio_url, source) VALUES
  ('95bd7d52-a378-45b9-b87f-93024fc277c4', 'Debatte und Meinungsäußerung — Reading Practice', 'This is a B2-level reading passage about debatte und meinungsäußerung in the context of Diskussion und Argumentation.

Debatte und Meinungsäußerung is an important topic for German learners. In this lesson, you will learn key vocabulary and grammar structures that will help you communicate effectively in real-life situations.

The module "Diskussion und Argumentation" provides a comprehensive introduction to this topic. By studying this material carefully and practicing regularly, you will build confidence in your German language skills.

Try to read the passage without translating every word. Focus on understanding the main ideas first. Then read again for details. Finally, practice reading aloud to improve your pronunciation.', NULL, NULL, 102, 1, NULL, 'DeutschMentor Curriculum');

INSERT INTO public.lesson_listening (lesson_id, title, transcript, english_translation, arabic_translation, audio_url, duration_seconds, speaker_count, scenario) VALUES
  ('95bd7d52-a378-45b9-b87f-93024fc277c4', 'Debatte und Meinungsäußerung — Listening Exercise', '[Teacher]: Hallo! Willkommen zur Lektion "Debatte und Meinungsäußerung" aus dem Modul "Diskussion und Argumentation".

[Teacher]: Heute lernen wir wichtige Wörter und Sätze. Bitte hören Sie gut zu und wiederholen Sie.

[Student]: Ich bin bereit! Was lernen wir zuerst?

[Teacher]: Wir beginnen mit den Grundlagen. Wiederholen Sie bitte jedes Wort nach mir.

[Student]: Das ist eine gute Übung. Kann ich die Wörter auch in Sätzen hören?

[Teacher]: Natürlich! Ich zeige Ihnen Beispiele für jeden Satz. Dann üben wir zusammen.

[Student]: Perfekt! Vielen Dank für die Hilfe.

[Teacher]: Gern geschehen! Üben Sie zu Hause weiter. Viel Erfolg!', NULL, NULL, NULL, 120, 2, 'Diskussion und Argumentation');

INSERT INTO public.lesson_expressions (lesson_id, german, english_translation, arabic_translation, usage_context, formality, is_idiom, literal_translation, order_index) VALUES
  ('3f75dc1e-28aa-4f96-bf04-b95fdcfccf24', 'Was sind Sie von Beruf?', 'What do you do for a living?', 'ما هي مهنتك؟', 'Used in Berufliche Kommunikation', 'formal', false, NULL, 1),
  ('3f75dc1e-28aa-4f96-bf04-b95fdcfccf24', 'Ich arbeite als Ingenieur.', 'I work as an engineer.', 'أعمل كمهندس.', 'Used in Berufliche Kommunikation', 'neutral', false, NULL, 2),
  ('3f75dc1e-28aa-4f96-bf04-b95fdcfccf24', 'Wo arbeiten Sie?', 'Where do you work?', 'أين تعمل؟', 'Used in Berufliche Kommunikation', 'formal', false, NULL, 3),
  ('3f75dc1e-28aa-4f96-bf04-b95fdcfccf24', 'Ich bin selbstständig.', 'I am self-employed.', 'أنا مستقل.', 'Used in Berufliche Kommunikation', 'neutral', false, NULL, 4),
  ('3f75dc1e-28aa-4f96-bf04-b95fdcfccf24', 'Ich bin Angestellte bei einer Firma.', 'I am an employee at a company.', 'أنا موظفة في شركة.', 'Used in Berufliche Kommunikation', 'neutral', false, NULL, 5),
  ('3f75dc1e-28aa-4f96-bf04-b95fdcfccf24', 'Mein Büro ist im Zentrum.', 'My office is in the center.', 'مكتبي في المركز.', 'Used in Berufliche Kommunikation', 'neutral', false, NULL, 6),
  ('3f75dc1e-28aa-4f96-bf04-b95fdcfccf24', 'Ich arbeite von 9 bis 17 Uhr.', 'I work from 9 to 5.', 'أعمل من 9 إلى 5.', 'Used in Berufliche Kommunikation', 'neutral', false, NULL, 7);

INSERT INTO public.lesson_flashcards (lesson_id, front, back, hint, category, order_index) VALUES
  ('3f75dc1e-28aa-4f96-bf04-b95fdcfccf24', 'der Beruf', 'profession', 'Job title', 'vocabulary', 1),
  ('3f75dc1e-28aa-4f96-bf04-b95fdcfccf24', 'die Arbeit', 'work', 'What you do', 'vocabulary', 2),
  ('3f75dc1e-28aa-4f96-bf04-b95fdcfccf24', 'das Büro', 'office', 'Where you work', 'vocabulary', 3),
  ('3f75dc1e-28aa-4f96-bf04-b95fdcfccf24', 'der Chef', 'boss', 'Your supervisor', 'vocabulary', 4),
  ('3f75dc1e-28aa-4f96-bf04-b95fdcfccf24', 'die Firma', 'company', 'Business', 'vocabulary', 5),
  ('3f75dc1e-28aa-4f96-bf04-b95fdcfccf24', 'der Kollege', 'colleague', 'Work together', 'vocabulary', 6),
  ('3f75dc1e-28aa-4f96-bf04-b95fdcfccf24', 'das Gehalt', 'salary', 'Monthly payment', 'vocabulary', 7),
  ('3f75dc1e-28aa-4f96-bf04-b95fdcfccf24', 'die Bewerbung', 'application', 'For a job', 'vocabulary', 8);

INSERT INTO public.lesson_homework (lesson_id, title, description, homework_type, tasks, estimated_minutes, order_index) VALUES
  ('3f75dc1e-28aa-4f96-bf04-b95fdcfccf24', 'Homework: Büro und Arbeitsplatz', 'Complete these tasks to reinforce "Büro und Arbeitsplatz" (Berufliche Kommunikation).', 'mixed', '[{"description":"Review all vocabulary from \"Büro und Arbeitsplatz\" — write each word with its article and plural form."},{"description":"Write 5 sentences using the key words from this lesson."},{"description":"Practice the dialogue aloud 3 times and record yourself."}]', 25, 1);

INSERT INTO public.lesson_reviews (lesson_id, summary, key_points, grammar_summary, vocabulary_focus, common_mistakes_summary, tips) VALUES
  ('3f75dc1e-28aa-4f96-bf04-b95fdcfccf24', 'In this lesson on "Büro und Arbeitsplatz" (Berufliche Kommunikation), you learned key vocabulary concepts at B2 level. Regular practice will help reinforce your understanding and build fluency.', '["Mastered the core vocabulary and expressions of \"Büro und Arbeitsplatz\"","Understood and practiced the grammar structures taught","Developed vocabulary skills through targeted exercises","Built confidence in using German in practical situations","Identified areas for further practice and improvement","Connected new knowledge with previously learned material"]', '[{"title":"Key Grammar Points","summary":"Review the grammar rules and structures from this lesson on \"Büro und Arbeitsplatz\""}]', ARRAY['"Büro und Arbeitsplatz" core vocabulary', 'Berufliche Kommunikation key terms']::text[], ARRAY['Pay attention to article gender (der/die/das)', 'Verb is always in second position in main clauses', 'Remember: German nouns are always capitalized']::text[], ARRAY['Practice 15-20 minutes daily for best results', 'Use new vocabulary in real sentences immediately', 'Speak out loud to improve pronunciation and fluency', 'Review previous lessons before starting new material']::text[]);

INSERT INTO public.lesson_speaking (lesson_id, title, prompt, scenario, tips, vocabulary_hints, min_duration_seconds, order_index) VALUES
  ('3f75dc1e-28aa-4f96-bf04-b95fdcfccf24', 'Büro und Arbeitsplatz — Speaking 1', 'Practice the key vocabulary and phrases from "Büro und Arbeitsplatz" aloud. Focus on correct pronunciation.', 'Speaking practice for Berufliche Kommunikation', ARRAY['Speak slowly and clearly', 'Use full sentences', 'Don''t worry about mistakes', 'Practice 3 times']::text[], ARRAY['Use this lesson''s vocabulary', 'Apply correct grammar']::text[], 30, 1);

INSERT INTO public.lesson_speaking (lesson_id, title, prompt, scenario, tips, vocabulary_hints, min_duration_seconds, order_index) VALUES
  ('3f75dc1e-28aa-4f96-bf04-b95fdcfccf24', 'Büro und Arbeitsplatz — Speaking 2', 'Role-play: Imagine you are in a situation related to Berufliche Kommunikation. Have a dialogue with a partner.', 'Speaking practice for Berufliche Kommunikation', ARRAY['Speak slowly and clearly', 'Use full sentences', 'Don''t worry about mistakes', 'Practice 3 times']::text[], ARRAY['Use this lesson''s vocabulary', 'Apply correct grammar']::text[], 60, 2);

INSERT INTO public.lesson_writing (lesson_id, title, task, tips, vocabulary_hints, grammar_focus, word_limit_min, word_limit_max, order_index) VALUES
  ('3f75dc1e-28aa-4f96-bf04-b95fdcfccf24', 'Büro und Arbeitsplatz — Writing Task 1', 'Write a short text (50-100 words) about büro und arbeitsplatz. Use at least 5 vocabulary words from this lesson. Focus on correct sentence structure.', ARRAY['Use vocabulary from this lesson', 'Check your grammar', 'Write complete sentences']::text[], ARRAY['Apply new vocabulary', 'Use correct articles']::text[], ARRAY['Sentence structure', 'Verb conjugation', 'Article-noun agreement']::text[], 50, 150, 1);

INSERT INTO public.lesson_conversations (lesson_id, title, scenario, role_user, role_ai, context, opening_line, vocabulary_hints, difficulty, order_index) VALUES
  ('3f75dc1e-28aa-4f96-bf04-b95fdcfccf24', 'Büro und Arbeitsplatz — Conversation 1', 'Practice a realistic conversation about büro und arbeitsplatz in the context of Berufliche Kommunikation.', 'Student', 'Teacher', 'You are a student at B2 level. Practice having a natural German conversation about this lesson''s topic.', 'Hallo! Lass uns über "Büro und Arbeitsplatz" sprechen. Bist du bereit?', ARRAY[]::text[], 'intermediate', 1);

INSERT INTO public.lesson_conversations (lesson_id, title, scenario, role_user, role_ai, context, opening_line, vocabulary_hints, difficulty, order_index) VALUES
  ('3f75dc1e-28aa-4f96-bf04-b95fdcfccf24', 'Büro und Arbeitsplatz — Conversation 2', 'Practice a realistic conversation about büro und arbeitsplatz in the context of Berufliche Kommunikation.', 'Customer', 'Assistant', 'You are a student at B2 level. Practice having a natural German conversation about this lesson''s topic.', 'Hallo! Lass uns über "Büro und Arbeitsplatz" sprechen. Bist du bereit?', ARRAY[]::text[], 'intermediate', 2);

INSERT INTO public.lesson_ai_challenges (lesson_id, title, question, scenario, expected_elements, tips, difficulty, order_index) VALUES
  ('3f75dc1e-28aa-4f96-bf04-b95fdcfccf24', 'Büro und Arbeitsplatz — Creative Application', 'Create a short dialogue or story using at least 10 vocabulary words and grammar structures from "Büro und Arbeitsplatz". The dialogue should be realistic and related to Berufliche Kommunikation.', 'Creative practice for Büro und Arbeitsplatz', ARRAY['10+ vocabulary words from the lesson', 'Correct grammar application', 'Realistic and natural dialogue', 'Creative and original content']::text[], ARRAY['Review the lesson material first', 'Take your time to think', 'Be creative and original']::text[], 'easy', 1);

INSERT INTO public.lesson_ai_challenges (lesson_id, title, question, scenario, expected_elements, tips, difficulty, order_index) VALUES
  ('3f75dc1e-28aa-4f96-bf04-b95fdcfccf24', 'Büro und Arbeitsplatz — Deep Understanding', 'Explain the most important concepts from "Büro und Arbeitsplatz" in your own words. Give 3 original examples for each main concept. What did you find most challenging and why?', 'Creative practice for Büro und Arbeitsplatz', ARRAY['All key concepts covered thoroughly', 'Original examples provided', 'Self-reflection on learning process', 'Questions for the teacher identified']::text[], ARRAY['Review the lesson material first', 'Take your time to think', 'Be creative and original']::text[], 'medium', 2);

INSERT INTO public.lesson_reading (lesson_id, title, content, english_translation, arabic_translation, word_count, difficulty_rating, audio_url, source) VALUES
  ('3f75dc1e-28aa-4f96-bf04-b95fdcfccf24', 'Büro und Arbeitsplatz — Reading Practice', 'This is a B2-level reading passage about büro und arbeitsplatz in the context of Berufliche Kommunikation.

Büro und Arbeitsplatz is an important topic for German learners. In this lesson, you will learn key vocabulary and grammar structures that will help you communicate effectively in real-life situations.

The module "Berufliche Kommunikation" provides a comprehensive introduction to this topic. By studying this material carefully and practicing regularly, you will build confidence in your German language skills.

Try to read the passage without translating every word. Focus on understanding the main ideas first. Then read again for details. Finally, practice reading aloud to improve your pronunciation.', NULL, NULL, 100, 1, NULL, 'DeutschMentor Curriculum');

INSERT INTO public.lesson_listening (lesson_id, title, transcript, english_translation, arabic_translation, audio_url, duration_seconds, speaker_count, scenario) VALUES
  ('3f75dc1e-28aa-4f96-bf04-b95fdcfccf24', 'Büro und Arbeitsplatz — Listening Exercise', '[Teacher]: Hallo! Willkommen zur Lektion "Büro und Arbeitsplatz" aus dem Modul "Berufliche Kommunikation".

[Teacher]: Heute lernen wir wichtige Wörter und Sätze. Bitte hören Sie gut zu und wiederholen Sie.

[Student]: Ich bin bereit! Was lernen wir zuerst?

[Teacher]: Wir beginnen mit den Grundlagen. Wiederholen Sie bitte jedes Wort nach mir.

[Student]: Das ist eine gute Übung. Kann ich die Wörter auch in Sätzen hören?

[Teacher]: Natürlich! Ich zeige Ihnen Beispiele für jeden Satz. Dann üben wir zusammen.

[Student]: Perfekt! Vielen Dank für die Hilfe.

[Teacher]: Gern geschehen! Üben Sie zu Hause weiter. Viel Erfolg!', NULL, NULL, NULL, 120, 2, 'Berufliche Kommunikation');

INSERT INTO public.lesson_expressions (lesson_id, german, english_translation, arabic_translation, usage_context, formality, is_idiom, literal_translation, order_index) VALUES
  ('66f19c9c-3b41-45d6-bbec-6a393da3b2cd', 'Guten Morgen!', 'Good morning!', 'صباح الخير!', 'Used in Wirtschaft und Politik', 'formal', false, NULL, 1),
  ('66f19c9c-3b41-45d6-bbec-6a393da3b2cd', 'Guten Tag!', 'Good day!', 'يوم سعيد!', 'Used in Wirtschaft und Politik', 'formal', false, NULL, 2),
  ('66f19c9c-3b41-45d6-bbec-6a393da3b2cd', 'Hallo!', 'Hello!', 'مرحباً!', 'Used in Wirtschaft und Politik', 'informal', false, NULL, 3),
  ('66f19c9c-3b41-45d6-bbec-6a393da3b2cd', 'Tschüss!', 'Bye!', 'مع السلامة!', 'Used in Wirtschaft und Politik', 'informal', false, NULL, 4),
  ('66f19c9c-3b41-45d6-bbec-6a393da3b2cd', 'Auf Wiedersehen!', 'Goodbye!', 'إلى اللقاء!', 'Used in Wirtschaft und Politik', 'formal', false, NULL, 5),
  ('66f19c9c-3b41-45d6-bbec-6a393da3b2cd', 'Wie geht es Ihnen?', 'How are you? (formal)', 'كيف حالك؟ (رسمي)', 'Used in Wirtschaft und Politik', 'formal', false, NULL, 6),
  ('66f19c9c-3b41-45d6-bbec-6a393da3b2cd', 'Wie geht es dir?', 'How are you? (informal)', 'كيف حالك؟ (غير رسمي)', 'Used in Wirtschaft und Politik', 'informal', false, NULL, 7),
  ('66f19c9c-3b41-45d6-bbec-6a393da3b2cd', 'Mir geht es gut, danke.', 'I''m fine, thanks.', 'أنا بخير، شكراً.', 'Used in Wirtschaft und Politik', 'neutral', false, NULL, 8),
  ('66f19c9c-3b41-45d6-bbec-6a393da3b2cd', 'Freut mich!', 'Nice to meet you!', 'يسعدني!', 'Used in Wirtschaft und Politik', 'neutral', false, NULL, 9),
  ('66f19c9c-3b41-45d6-bbec-6a393da3b2cd', 'Bis später!', 'See you later!', 'أراك لاحقاً!', 'Used in Wirtschaft und Politik', 'informal', false, NULL, 10);

INSERT INTO public.lesson_flashcards (lesson_id, front, back, hint, category, order_index) VALUES
  ('66f19c9c-3b41-45d6-bbec-6a393da3b2cd', 'Guten Morgen', 'Good morning', 'Used before noon', 'expression', 1),
  ('66f19c9c-3b41-45d6-bbec-6a393da3b2cd', 'Guten Abend', 'Good evening', 'Used after 6 PM', 'expression', 2),
  ('66f19c9c-3b41-45d6-bbec-6a393da3b2cd', 'Tschüss', 'Bye (informal)', 'With friends', 'expression', 3),
  ('66f19c9c-3b41-45d6-bbec-6a393da3b2cd', 'Auf Wiedersehen', 'Goodbye (formal)', 'Formal situations', 'expression', 4),
  ('66f19c9c-3b41-45d6-bbec-6a393da3b2cd', 'Bis später', 'See you later', 'Soon again', 'expression', 5),
  ('66f19c9c-3b41-45d6-bbec-6a393da3b2cd', 'Willkommen', 'Welcome', 'First meeting', 'expression', 6),
  ('66f19c9c-3b41-45d6-bbec-6a393da3b2cd', 'Entschuldigung', 'Excuse me / Sorry', 'Apology or attention', 'expression', 7),
  ('66f19c9c-3b41-45d6-bbec-6a393da3b2cd', 'Vielen Dank', 'Thank you very much', 'Gratitude', 'expression', 8);

INSERT INTO public.lesson_homework (lesson_id, title, description, homework_type, tasks, estimated_minutes, order_index) VALUES
  ('66f19c9c-3b41-45d6-bbec-6a393da3b2cd', 'Homework: Politisches System und Prozesse', 'Complete these tasks to reinforce "Politisches System und Prozesse" (Wirtschaft und Politik).', 'vocabulary', '[{"description":"Review all vocabulary from \"Politisches System und Prozesse\" — write each word with its article and plural form."},{"description":"Write 5 sentences using the key words from this lesson."},{"description":"Practice the dialogue aloud 3 times and record yourself."}]', 15, 1);

INSERT INTO public.lesson_reviews (lesson_id, summary, key_points, grammar_summary, vocabulary_focus, common_mistakes_summary, tips) VALUES
  ('66f19c9c-3b41-45d6-bbec-6a393da3b2cd', 'In this lesson on "Politisches System und Prozesse" (Wirtschaft und Politik), you learned key vocabulary concepts at B2 level. Regular practice will help reinforce your understanding and build fluency.', '["Mastered the core vocabulary and expressions of \"Politisches System und Prozesse\"","Understood and practiced the grammar structures taught","Developed vocabulary skills through targeted exercises","Built confidence in using German in practical situations","Identified areas for further practice and improvement","Connected new knowledge with previously learned material"]', '[{"title":"Key Grammar Points","summary":"Review the grammar rules and structures from this lesson on \"Politisches System und Prozesse\""}]', ARRAY['"Politisches System und Prozesse" core vocabulary', 'Wirtschaft und Politik key terms']::text[], ARRAY['Pay attention to article gender (der/die/das)', 'Verb is always in second position in main clauses', 'Remember: German nouns are always capitalized']::text[], ARRAY['Practice 15-20 minutes daily for best results', 'Use new vocabulary in real sentences immediately', 'Speak out loud to improve pronunciation and fluency', 'Review previous lessons before starting new material']::text[]);

INSERT INTO public.lesson_speaking (lesson_id, title, prompt, scenario, tips, vocabulary_hints, min_duration_seconds, order_index) VALUES
  ('66f19c9c-3b41-45d6-bbec-6a393da3b2cd', 'Politisches System und Prozesse — Speaking 1', 'Practice the key vocabulary and phrases from "Politisches System und Prozesse" aloud. Focus on correct pronunciation.', 'Speaking practice for Wirtschaft und Politik', ARRAY['Speak slowly and clearly', 'Use full sentences', 'Don''t worry about mistakes', 'Practice 3 times']::text[], ARRAY['Use this lesson''s vocabulary', 'Apply correct grammar']::text[], 30, 1);

INSERT INTO public.lesson_speaking (lesson_id, title, prompt, scenario, tips, vocabulary_hints, min_duration_seconds, order_index) VALUES
  ('66f19c9c-3b41-45d6-bbec-6a393da3b2cd', 'Politisches System und Prozesse — Speaking 2', 'Role-play: Imagine you are in a situation related to Wirtschaft und Politik. Have a dialogue with a partner.', 'Speaking practice for Wirtschaft und Politik', ARRAY['Speak slowly and clearly', 'Use full sentences', 'Don''t worry about mistakes', 'Practice 3 times']::text[], ARRAY['Use this lesson''s vocabulary', 'Apply correct grammar']::text[], 60, 2);

INSERT INTO public.lesson_writing (lesson_id, title, task, tips, vocabulary_hints, grammar_focus, word_limit_min, word_limit_max, order_index) VALUES
  ('66f19c9c-3b41-45d6-bbec-6a393da3b2cd', 'Politisches System und Prozesse — Writing Task 1', 'Write a short text (50-100 words) about politisches system und prozesse. Use at least 5 vocabulary words from this lesson. Focus on correct sentence structure.', ARRAY['Use vocabulary from this lesson', 'Check your grammar', 'Write complete sentences']::text[], ARRAY['Apply new vocabulary', 'Use correct articles']::text[], ARRAY['Sentence structure', 'Verb conjugation', 'Article-noun agreement']::text[], 50, 150, 1);

INSERT INTO public.lesson_conversations (lesson_id, title, scenario, role_user, role_ai, context, opening_line, vocabulary_hints, difficulty, order_index) VALUES
  ('66f19c9c-3b41-45d6-bbec-6a393da3b2cd', 'Politisches System und Prozesse — Conversation 1', 'Practice a realistic conversation about politisches system und prozesse in the context of Wirtschaft und Politik.', 'Student', 'Teacher', 'You are a student at B2 level. Practice having a natural German conversation about this lesson''s topic.', 'Hallo! Lass uns über "Politisches System und Prozesse" sprechen. Bist du bereit?', ARRAY[]::text[], 'intermediate', 1);

INSERT INTO public.lesson_conversations (lesson_id, title, scenario, role_user, role_ai, context, opening_line, vocabulary_hints, difficulty, order_index) VALUES
  ('66f19c9c-3b41-45d6-bbec-6a393da3b2cd', 'Politisches System und Prozesse — Conversation 2', 'Practice a realistic conversation about politisches system und prozesse in the context of Wirtschaft und Politik.', 'Customer', 'Assistant', 'You are a student at B2 level. Practice having a natural German conversation about this lesson''s topic.', 'Hallo! Lass uns über "Politisches System und Prozesse" sprechen. Bist du bereit?', ARRAY[]::text[], 'intermediate', 2);

INSERT INTO public.lesson_ai_challenges (lesson_id, title, question, scenario, expected_elements, tips, difficulty, order_index) VALUES
  ('66f19c9c-3b41-45d6-bbec-6a393da3b2cd', 'Politisches System und Prozesse — Creative Application', 'Create a short dialogue or story using at least 10 vocabulary words and grammar structures from "Politisches System und Prozesse". The dialogue should be realistic and related to Wirtschaft und Politik.', 'Creative practice for Politisches System und Prozesse', ARRAY['10+ vocabulary words from the lesson', 'Correct grammar application', 'Realistic and natural dialogue', 'Creative and original content']::text[], ARRAY['Review the lesson material first', 'Take your time to think', 'Be creative and original']::text[], 'easy', 1);

INSERT INTO public.lesson_ai_challenges (lesson_id, title, question, scenario, expected_elements, tips, difficulty, order_index) VALUES
  ('66f19c9c-3b41-45d6-bbec-6a393da3b2cd', 'Politisches System und Prozesse — Deep Understanding', 'Explain the most important concepts from "Politisches System und Prozesse" in your own words. Give 3 original examples for each main concept. What did you find most challenging and why?', 'Creative practice for Politisches System und Prozesse', ARRAY['All key concepts covered thoroughly', 'Original examples provided', 'Self-reflection on learning process', 'Questions for the teacher identified']::text[], ARRAY['Review the lesson material first', 'Take your time to think', 'Be creative and original']::text[], 'medium', 2);

INSERT INTO public.lesson_reading (lesson_id, title, content, english_translation, arabic_translation, word_count, difficulty_rating, audio_url, source) VALUES
  ('66f19c9c-3b41-45d6-bbec-6a393da3b2cd', 'Politisches System und Prozesse — Reading Practice', 'This is a B2-level reading passage about politisches system und prozesse in the context of Wirtschaft und Politik.

Politisches System und Prozesse is an important topic for German learners. In this lesson, you will learn key vocabulary and grammar structures that will help you communicate effectively in real-life situations.

The module "Wirtschaft und Politik" provides a comprehensive introduction to this topic. By studying this material carefully and practicing regularly, you will build confidence in your German language skills.

Try to read the passage without translating every word. Focus on understanding the main ideas first. Then read again for details. Finally, practice reading aloud to improve your pronunciation.', NULL, NULL, 104, 1, NULL, 'DeutschMentor Curriculum');

INSERT INTO public.lesson_listening (lesson_id, title, transcript, english_translation, arabic_translation, audio_url, duration_seconds, speaker_count, scenario) VALUES
  ('66f19c9c-3b41-45d6-bbec-6a393da3b2cd', 'Politisches System und Prozesse — Listening Exercise', '[Teacher]: Hallo! Willkommen zur Lektion "Politisches System und Prozesse" aus dem Modul "Wirtschaft und Politik".

[Teacher]: Heute lernen wir wichtige Wörter und Sätze. Bitte hören Sie gut zu und wiederholen Sie.

[Student]: Ich bin bereit! Was lernen wir zuerst?

[Teacher]: Wir beginnen mit den Grundlagen. Wiederholen Sie bitte jedes Wort nach mir.

[Student]: Das ist eine gute Übung. Kann ich die Wörter auch in Sätzen hören?

[Teacher]: Natürlich! Ich zeige Ihnen Beispiele für jeden Satz. Dann üben wir zusammen.

[Student]: Perfekt! Vielen Dank für die Hilfe.

[Teacher]: Gern geschehen! Üben Sie zu Hause weiter. Viel Erfolg!', NULL, NULL, NULL, 120, 2, 'Wirtschaft und Politik');

INSERT INTO public.lesson_expressions (lesson_id, german, english_translation, arabic_translation, usage_context, formality, is_idiom, literal_translation, order_index) VALUES
  ('d95c4d9e-0faf-41af-bddc-c84ca8a45bae', 'Was sind Sie von Beruf?', 'What do you do for a living?', 'ما هي مهنتك؟', 'Used in Berufliche Kommunikation', 'formal', false, NULL, 1),
  ('d95c4d9e-0faf-41af-bddc-c84ca8a45bae', 'Ich arbeite als Ingenieur.', 'I work as an engineer.', 'أعمل كمهندس.', 'Used in Berufliche Kommunikation', 'neutral', false, NULL, 2),
  ('d95c4d9e-0faf-41af-bddc-c84ca8a45bae', 'Wo arbeiten Sie?', 'Where do you work?', 'أين تعمل؟', 'Used in Berufliche Kommunikation', 'formal', false, NULL, 3),
  ('d95c4d9e-0faf-41af-bddc-c84ca8a45bae', 'Ich bin selbstständig.', 'I am self-employed.', 'أنا مستقل.', 'Used in Berufliche Kommunikation', 'neutral', false, NULL, 4),
  ('d95c4d9e-0faf-41af-bddc-c84ca8a45bae', 'Ich bin Angestellte bei einer Firma.', 'I am an employee at a company.', 'أنا موظفة في شركة.', 'Used in Berufliche Kommunikation', 'neutral', false, NULL, 5),
  ('d95c4d9e-0faf-41af-bddc-c84ca8a45bae', 'Mein Büro ist im Zentrum.', 'My office is in the center.', 'مكتبي في المركز.', 'Used in Berufliche Kommunikation', 'neutral', false, NULL, 6),
  ('d95c4d9e-0faf-41af-bddc-c84ca8a45bae', 'Ich arbeite von 9 bis 17 Uhr.', 'I work from 9 to 5.', 'أعمل من 9 إلى 5.', 'Used in Berufliche Kommunikation', 'neutral', false, NULL, 7);

INSERT INTO public.lesson_flashcards (lesson_id, front, back, hint, category, order_index) VALUES
  ('d95c4d9e-0faf-41af-bddc-c84ca8a45bae', 'der Beruf', 'profession', 'Job title', 'vocabulary', 1),
  ('d95c4d9e-0faf-41af-bddc-c84ca8a45bae', 'die Arbeit', 'work', 'What you do', 'vocabulary', 2),
  ('d95c4d9e-0faf-41af-bddc-c84ca8a45bae', 'das Büro', 'office', 'Where you work', 'vocabulary', 3),
  ('d95c4d9e-0faf-41af-bddc-c84ca8a45bae', 'der Chef', 'boss', 'Your supervisor', 'vocabulary', 4),
  ('d95c4d9e-0faf-41af-bddc-c84ca8a45bae', 'die Firma', 'company', 'Business', 'vocabulary', 5),
  ('d95c4d9e-0faf-41af-bddc-c84ca8a45bae', 'der Kollege', 'colleague', 'Work together', 'vocabulary', 6),
  ('d95c4d9e-0faf-41af-bddc-c84ca8a45bae', 'das Gehalt', 'salary', 'Monthly payment', 'vocabulary', 7),
  ('d95c4d9e-0faf-41af-bddc-c84ca8a45bae', 'die Bewerbung', 'application', 'For a job', 'vocabulary', 8);

INSERT INTO public.lesson_homework (lesson_id, title, description, homework_type, tasks, estimated_minutes, order_index) VALUES
  ('d95c4d9e-0faf-41af-bddc-c84ca8a45bae', 'Homework: Geschäftskorrespondenz', 'Complete these tasks to reinforce "Geschäftskorrespondenz" (Berufliche Kommunikation).', 'writing', '[{"description":"Review all vocabulary from \"Geschäftskorrespondenz\" — write each word with its article and plural form."},{"description":"Write 5 sentences using the key words from this lesson."},{"description":"Practice the dialogue aloud 3 times and record yourself."}]', 20, 1);

INSERT INTO public.lesson_reviews (lesson_id, summary, key_points, grammar_summary, vocabulary_focus, common_mistakes_summary, tips) VALUES
  ('d95c4d9e-0faf-41af-bddc-c84ca8a45bae', 'In this lesson on "Geschäftskorrespondenz" (Berufliche Kommunikation), you learned key vocabulary concepts at B2 level. Regular practice will help reinforce your understanding and build fluency.', '["Mastered the core vocabulary and expressions of \"Geschäftskorrespondenz\"","Understood and practiced the grammar structures taught","Developed vocabulary skills through targeted exercises","Built confidence in using German in practical situations","Identified areas for further practice and improvement","Connected new knowledge with previously learned material"]', '[{"title":"Key Grammar Points","summary":"Review the grammar rules and structures from this lesson on \"Geschäftskorrespondenz\""}]', ARRAY['"Geschäftskorrespondenz" core vocabulary', 'Berufliche Kommunikation key terms']::text[], ARRAY['Pay attention to article gender (der/die/das)', 'Verb is always in second position in main clauses', 'Remember: German nouns are always capitalized']::text[], ARRAY['Practice 15-20 minutes daily for best results', 'Use new vocabulary in real sentences immediately', 'Speak out loud to improve pronunciation and fluency', 'Review previous lessons before starting new material']::text[]);

INSERT INTO public.lesson_speaking (lesson_id, title, prompt, scenario, tips, vocabulary_hints, min_duration_seconds, order_index) VALUES
  ('d95c4d9e-0faf-41af-bddc-c84ca8a45bae', 'Geschäftskorrespondenz — Speaking 1', 'Practice the key vocabulary and phrases from "Geschäftskorrespondenz" aloud. Focus on correct pronunciation.', 'Speaking practice for Berufliche Kommunikation', ARRAY['Speak slowly and clearly', 'Use full sentences', 'Don''t worry about mistakes', 'Practice 3 times']::text[], ARRAY['Use this lesson''s vocabulary', 'Apply correct grammar']::text[], 30, 1);

INSERT INTO public.lesson_speaking (lesson_id, title, prompt, scenario, tips, vocabulary_hints, min_duration_seconds, order_index) VALUES
  ('d95c4d9e-0faf-41af-bddc-c84ca8a45bae', 'Geschäftskorrespondenz — Speaking 2', 'Role-play: Imagine you are in a situation related to Berufliche Kommunikation. Have a dialogue with a partner.', 'Speaking practice for Berufliche Kommunikation', ARRAY['Speak slowly and clearly', 'Use full sentences', 'Don''t worry about mistakes', 'Practice 3 times']::text[], ARRAY['Use this lesson''s vocabulary', 'Apply correct grammar']::text[], 60, 2);

INSERT INTO public.lesson_writing (lesson_id, title, task, tips, vocabulary_hints, grammar_focus, word_limit_min, word_limit_max, order_index) VALUES
  ('d95c4d9e-0faf-41af-bddc-c84ca8a45bae', 'Geschäftskorrespondenz — Writing Task 1', 'Write a short text (50-100 words) about geschäftskorrespondenz. Use at least 5 vocabulary words from this lesson. Focus on correct sentence structure.', ARRAY['Use vocabulary from this lesson', 'Check your grammar', 'Write complete sentences']::text[], ARRAY['Apply new vocabulary', 'Use correct articles']::text[], ARRAY['Sentence structure', 'Verb conjugation', 'Article-noun agreement']::text[], 50, 150, 1);

INSERT INTO public.lesson_conversations (lesson_id, title, scenario, role_user, role_ai, context, opening_line, vocabulary_hints, difficulty, order_index) VALUES
  ('d95c4d9e-0faf-41af-bddc-c84ca8a45bae', 'Geschäftskorrespondenz — Conversation 1', 'Practice a realistic conversation about geschäftskorrespondenz in the context of Berufliche Kommunikation.', 'Student', 'Teacher', 'You are a student at B2 level. Practice having a natural German conversation about this lesson''s topic.', 'Hallo! Lass uns über "Geschäftskorrespondenz" sprechen. Bist du bereit?', ARRAY[]::text[], 'intermediate', 1);

INSERT INTO public.lesson_conversations (lesson_id, title, scenario, role_user, role_ai, context, opening_line, vocabulary_hints, difficulty, order_index) VALUES
  ('d95c4d9e-0faf-41af-bddc-c84ca8a45bae', 'Geschäftskorrespondenz — Conversation 2', 'Practice a realistic conversation about geschäftskorrespondenz in the context of Berufliche Kommunikation.', 'Customer', 'Assistant', 'You are a student at B2 level. Practice having a natural German conversation about this lesson''s topic.', 'Hallo! Lass uns über "Geschäftskorrespondenz" sprechen. Bist du bereit?', ARRAY[]::text[], 'intermediate', 2);

INSERT INTO public.lesson_ai_challenges (lesson_id, title, question, scenario, expected_elements, tips, difficulty, order_index) VALUES
  ('d95c4d9e-0faf-41af-bddc-c84ca8a45bae', 'Geschäftskorrespondenz — Creative Application', 'Create a short dialogue or story using at least 10 vocabulary words and grammar structures from "Geschäftskorrespondenz". The dialogue should be realistic and related to Berufliche Kommunikation.', 'Creative practice for Geschäftskorrespondenz', ARRAY['10+ vocabulary words from the lesson', 'Correct grammar application', 'Realistic and natural dialogue', 'Creative and original content']::text[], ARRAY['Review the lesson material first', 'Take your time to think', 'Be creative and original']::text[], 'easy', 1);

INSERT INTO public.lesson_ai_challenges (lesson_id, title, question, scenario, expected_elements, tips, difficulty, order_index) VALUES
  ('d95c4d9e-0faf-41af-bddc-c84ca8a45bae', 'Geschäftskorrespondenz — Deep Understanding', 'Explain the most important concepts from "Geschäftskorrespondenz" in your own words. Give 3 original examples for each main concept. What did you find most challenging and why?', 'Creative practice for Geschäftskorrespondenz', ARRAY['All key concepts covered thoroughly', 'Original examples provided', 'Self-reflection on learning process', 'Questions for the teacher identified']::text[], ARRAY['Review the lesson material first', 'Take your time to think', 'Be creative and original']::text[], 'medium', 2);

INSERT INTO public.lesson_reading (lesson_id, title, content, english_translation, arabic_translation, word_count, difficulty_rating, audio_url, source) VALUES
  ('d95c4d9e-0faf-41af-bddc-c84ca8a45bae', 'Geschäftskorrespondenz — Reading Practice', 'This is a B2-level reading passage about geschäftskorrespondenz in the context of Berufliche Kommunikation.

Geschäftskorrespondenz is an important topic for German learners. In this lesson, you will learn key vocabulary and grammar structures that will help you communicate effectively in real-life situations.

The module "Berufliche Kommunikation" provides a comprehensive introduction to this topic. By studying this material carefully and practicing regularly, you will build confidence in your German language skills.

Try to read the passage without translating every word. Focus on understanding the main ideas first. Then read again for details. Finally, practice reading aloud to improve your pronunciation.', NULL, NULL, 96, 1, NULL, 'DeutschMentor Curriculum');

INSERT INTO public.lesson_listening (lesson_id, title, transcript, english_translation, arabic_translation, audio_url, duration_seconds, speaker_count, scenario) VALUES
  ('d95c4d9e-0faf-41af-bddc-c84ca8a45bae', 'Geschäftskorrespondenz — Listening Exercise', '[Teacher]: Hallo! Willkommen zur Lektion "Geschäftskorrespondenz" aus dem Modul "Berufliche Kommunikation".

[Teacher]: Heute lernen wir wichtige Wörter und Sätze. Bitte hören Sie gut zu und wiederholen Sie.

[Student]: Ich bin bereit! Was lernen wir zuerst?

[Teacher]: Wir beginnen mit den Grundlagen. Wiederholen Sie bitte jedes Wort nach mir.

[Student]: Das ist eine gute Übung. Kann ich die Wörter auch in Sätzen hören?

[Teacher]: Natürlich! Ich zeige Ihnen Beispiele für jeden Satz. Dann üben wir zusammen.

[Student]: Perfekt! Vielen Dank für die Hilfe.

[Teacher]: Gern geschehen! Üben Sie zu Hause weiter. Viel Erfolg!', NULL, NULL, NULL, 120, 2, 'Berufliche Kommunikation');

INSERT INTO public.lesson_expressions (lesson_id, german, english_translation, arabic_translation, usage_context, formality, is_idiom, literal_translation, order_index) VALUES
  ('ed12197b-794f-48f3-8bc4-f2d001f335a7', 'Guten Morgen!', 'Good morning!', 'صباح الخير!', 'Used in Präsentationen und Vorträge', 'formal', false, NULL, 1),
  ('ed12197b-794f-48f3-8bc4-f2d001f335a7', 'Guten Tag!', 'Good day!', 'يوم سعيد!', 'Used in Präsentationen und Vorträge', 'formal', false, NULL, 2),
  ('ed12197b-794f-48f3-8bc4-f2d001f335a7', 'Hallo!', 'Hello!', 'مرحباً!', 'Used in Präsentationen und Vorträge', 'informal', false, NULL, 3),
  ('ed12197b-794f-48f3-8bc4-f2d001f335a7', 'Tschüss!', 'Bye!', 'مع السلامة!', 'Used in Präsentationen und Vorträge', 'informal', false, NULL, 4),
  ('ed12197b-794f-48f3-8bc4-f2d001f335a7', 'Auf Wiedersehen!', 'Goodbye!', 'إلى اللقاء!', 'Used in Präsentationen und Vorträge', 'formal', false, NULL, 5),
  ('ed12197b-794f-48f3-8bc4-f2d001f335a7', 'Wie geht es Ihnen?', 'How are you? (formal)', 'كيف حالك؟ (رسمي)', 'Used in Präsentationen und Vorträge', 'formal', false, NULL, 6),
  ('ed12197b-794f-48f3-8bc4-f2d001f335a7', 'Wie geht es dir?', 'How are you? (informal)', 'كيف حالك؟ (غير رسمي)', 'Used in Präsentationen und Vorträge', 'informal', false, NULL, 7),
  ('ed12197b-794f-48f3-8bc4-f2d001f335a7', 'Mir geht es gut, danke.', 'I''m fine, thanks.', 'أنا بخير، شكراً.', 'Used in Präsentationen und Vorträge', 'neutral', false, NULL, 8),
  ('ed12197b-794f-48f3-8bc4-f2d001f335a7', 'Freut mich!', 'Nice to meet you!', 'يسعدني!', 'Used in Präsentationen und Vorträge', 'neutral', false, NULL, 9),
  ('ed12197b-794f-48f3-8bc4-f2d001f335a7', 'Bis später!', 'See you later!', 'أراك لاحقاً!', 'Used in Präsentationen und Vorträge', 'informal', false, NULL, 10);

INSERT INTO public.lesson_flashcards (lesson_id, front, back, hint, category, order_index) VALUES
  ('ed12197b-794f-48f3-8bc4-f2d001f335a7', 'Guten Morgen', 'Good morning', 'Used before noon', 'expression', 1),
  ('ed12197b-794f-48f3-8bc4-f2d001f335a7', 'Guten Abend', 'Good evening', 'Used after 6 PM', 'expression', 2),
  ('ed12197b-794f-48f3-8bc4-f2d001f335a7', 'Tschüss', 'Bye (informal)', 'With friends', 'expression', 3),
  ('ed12197b-794f-48f3-8bc4-f2d001f335a7', 'Auf Wiedersehen', 'Goodbye (formal)', 'Formal situations', 'expression', 4),
  ('ed12197b-794f-48f3-8bc4-f2d001f335a7', 'Bis später', 'See you later', 'Soon again', 'expression', 5),
  ('ed12197b-794f-48f3-8bc4-f2d001f335a7', 'Willkommen', 'Welcome', 'First meeting', 'expression', 6),
  ('ed12197b-794f-48f3-8bc4-f2d001f335a7', 'Entschuldigung', 'Excuse me / Sorry', 'Apology or attention', 'expression', 7),
  ('ed12197b-794f-48f3-8bc4-f2d001f335a7', 'Vielen Dank', 'Thank you very much', 'Gratitude', 'expression', 8);

INSERT INTO public.lesson_homework (lesson_id, title, description, homework_type, tasks, estimated_minutes, order_index) VALUES
  ('ed12197b-794f-48f3-8bc4-f2d001f335a7', 'Homework: Visualisierung und Datenpräsentation', 'Complete these tasks to reinforce "Visualisierung und Datenpräsentation" (Präsentationen und Vorträge).', 'speaking', '[{"description":"Review all vocabulary from \"Visualisierung und Datenpräsentation\" — write each word with its article and plural form."},{"description":"Write 5 sentences using the key words from this lesson."},{"description":"Practice the dialogue aloud 3 times and record yourself."}]', 25, 1);

INSERT INTO public.lesson_reviews (lesson_id, summary, key_points, grammar_summary, vocabulary_focus, common_mistakes_summary, tips) VALUES
  ('ed12197b-794f-48f3-8bc4-f2d001f335a7', 'In this lesson on "Visualisierung und Datenpräsentation" (Präsentationen und Vorträge), you learned key vocabulary concepts at B2 level. Regular practice will help reinforce your understanding and build fluency.', '["Mastered the core vocabulary and expressions of \"Visualisierung und Datenpräsentation\"","Understood and practiced the grammar structures taught","Developed vocabulary skills through targeted exercises","Built confidence in using German in practical situations","Identified areas for further practice and improvement","Connected new knowledge with previously learned material"]', '[{"title":"Key Grammar Points","summary":"Review the grammar rules and structures from this lesson on \"Visualisierung und Datenpräsentation\""}]', ARRAY['"Visualisierung und Datenpräsentation" core vocabulary', 'Präsentationen und Vorträge key terms']::text[], ARRAY['Pay attention to article gender (der/die/das)', 'Verb is always in second position in main clauses', 'Remember: German nouns are always capitalized']::text[], ARRAY['Practice 15-20 minutes daily for best results', 'Use new vocabulary in real sentences immediately', 'Speak out loud to improve pronunciation and fluency', 'Review previous lessons before starting new material']::text[]);

INSERT INTO public.lesson_speaking (lesson_id, title, prompt, scenario, tips, vocabulary_hints, min_duration_seconds, order_index) VALUES
  ('ed12197b-794f-48f3-8bc4-f2d001f335a7', 'Visualisierung und Datenpräsentation — Speaking 1', 'Practice the key vocabulary and phrases from "Visualisierung und Datenpräsentation" aloud. Focus on correct pronunciation.', 'Speaking practice for Präsentationen und Vorträge', ARRAY['Speak slowly and clearly', 'Use full sentences', 'Don''t worry about mistakes', 'Practice 3 times']::text[], ARRAY['Use this lesson''s vocabulary', 'Apply correct grammar']::text[], 30, 1);

INSERT INTO public.lesson_speaking (lesson_id, title, prompt, scenario, tips, vocabulary_hints, min_duration_seconds, order_index) VALUES
  ('ed12197b-794f-48f3-8bc4-f2d001f335a7', 'Visualisierung und Datenpräsentation — Speaking 2', 'Role-play: Imagine you are in a situation related to Präsentationen und Vorträge. Have a dialogue with a partner.', 'Speaking practice for Präsentationen und Vorträge', ARRAY['Speak slowly and clearly', 'Use full sentences', 'Don''t worry about mistakes', 'Practice 3 times']::text[], ARRAY['Use this lesson''s vocabulary', 'Apply correct grammar']::text[], 60, 2);

INSERT INTO public.lesson_writing (lesson_id, title, task, tips, vocabulary_hints, grammar_focus, word_limit_min, word_limit_max, order_index) VALUES
  ('ed12197b-794f-48f3-8bc4-f2d001f335a7', 'Visualisierung und Datenpräsentation — Writing Task 1', 'Write a short text (50-100 words) about visualisierung und datenpräsentation. Use at least 5 vocabulary words from this lesson. Focus on correct sentence structure.', ARRAY['Use vocabulary from this lesson', 'Check your grammar', 'Write complete sentences']::text[], ARRAY['Apply new vocabulary', 'Use correct articles']::text[], ARRAY['Sentence structure', 'Verb conjugation', 'Article-noun agreement']::text[], 50, 150, 1);

INSERT INTO public.lesson_conversations (lesson_id, title, scenario, role_user, role_ai, context, opening_line, vocabulary_hints, difficulty, order_index) VALUES
  ('ed12197b-794f-48f3-8bc4-f2d001f335a7', 'Visualisierung und Datenpräsentation — Conversation 1', 'Practice a realistic conversation about visualisierung und datenpräsentation in the context of Präsentationen und Vorträge.', 'Student', 'Teacher', 'You are a student at B2 level. Practice having a natural German conversation about this lesson''s topic.', 'Hallo! Lass uns über "Visualisierung und Datenpräsentation" sprechen. Bist du bereit?', ARRAY[]::text[], 'intermediate', 1);

INSERT INTO public.lesson_conversations (lesson_id, title, scenario, role_user, role_ai, context, opening_line, vocabulary_hints, difficulty, order_index) VALUES
  ('ed12197b-794f-48f3-8bc4-f2d001f335a7', 'Visualisierung und Datenpräsentation — Conversation 2', 'Practice a realistic conversation about visualisierung und datenpräsentation in the context of Präsentationen und Vorträge.', 'Customer', 'Assistant', 'You are a student at B2 level. Practice having a natural German conversation about this lesson''s topic.', 'Hallo! Lass uns über "Visualisierung und Datenpräsentation" sprechen. Bist du bereit?', ARRAY[]::text[], 'intermediate', 2);

INSERT INTO public.lesson_ai_challenges (lesson_id, title, question, scenario, expected_elements, tips, difficulty, order_index) VALUES
  ('ed12197b-794f-48f3-8bc4-f2d001f335a7', 'Visualisierung und Datenpräsentation — Creative Application', 'Create a short dialogue or story using at least 10 vocabulary words and grammar structures from "Visualisierung und Datenpräsentation". The dialogue should be realistic and related to Präsentationen und Vorträge.', 'Creative practice for Visualisierung und Datenpräsentation', ARRAY['10+ vocabulary words from the lesson', 'Correct grammar application', 'Realistic and natural dialogue', 'Creative and original content']::text[], ARRAY['Review the lesson material first', 'Take your time to think', 'Be creative and original']::text[], 'easy', 1);

INSERT INTO public.lesson_ai_challenges (lesson_id, title, question, scenario, expected_elements, tips, difficulty, order_index) VALUES
  ('ed12197b-794f-48f3-8bc4-f2d001f335a7', 'Visualisierung und Datenpräsentation — Deep Understanding', 'Explain the most important concepts from "Visualisierung und Datenpräsentation" in your own words. Give 3 original examples for each main concept. What did you find most challenging and why?', 'Creative practice for Visualisierung und Datenpräsentation', ARRAY['All key concepts covered thoroughly', 'Original examples provided', 'Self-reflection on learning process', 'Questions for the teacher identified']::text[], ARRAY['Review the lesson material first', 'Take your time to think', 'Be creative and original']::text[], 'medium', 2);

INSERT INTO public.lesson_reading (lesson_id, title, content, english_translation, arabic_translation, word_count, difficulty_rating, audio_url, source) VALUES
  ('ed12197b-794f-48f3-8bc4-f2d001f335a7', 'Visualisierung und Datenpräsentation — Reading Practice', 'This is a B2-level reading passage about visualisierung und datenpräsentation in the context of Präsentationen und Vorträge.

Visualisierung und Datenpräsentation is an important topic for German learners. In this lesson, you will learn key vocabulary and grammar structures that will help you communicate effectively in real-life situations.

The module "Präsentationen und Vorträge" provides a comprehensive introduction to this topic. By studying this material carefully and practicing regularly, you will build confidence in your German language skills.

Try to read the passage without translating every word. Focus on understanding the main ideas first. Then read again for details. Finally, practice reading aloud to improve your pronunciation.', NULL, NULL, 102, 1, NULL, 'DeutschMentor Curriculum');

INSERT INTO public.lesson_listening (lesson_id, title, transcript, english_translation, arabic_translation, audio_url, duration_seconds, speaker_count, scenario) VALUES
  ('ed12197b-794f-48f3-8bc4-f2d001f335a7', 'Visualisierung und Datenpräsentation — Listening Exercise', '[Teacher]: Hallo! Willkommen zur Lektion "Visualisierung und Datenpräsentation" aus dem Modul "Präsentationen und Vorträge".

[Teacher]: Heute lernen wir wichtige Wörter und Sätze. Bitte hören Sie gut zu und wiederholen Sie.

[Student]: Ich bin bereit! Was lernen wir zuerst?

[Teacher]: Wir beginnen mit den Grundlagen. Wiederholen Sie bitte jedes Wort nach mir.

[Student]: Das ist eine gute Übung. Kann ich die Wörter auch in Sätzen hören?

[Teacher]: Natürlich! Ich zeige Ihnen Beispiele für jeden Satz. Dann üben wir zusammen.

[Student]: Perfekt! Vielen Dank für die Hilfe.

[Teacher]: Gern geschehen! Üben Sie zu Hause weiter. Viel Erfolg!', NULL, NULL, NULL, 120, 2, 'Präsentationen und Vorträge');

INSERT INTO public.lesson_expressions (lesson_id, german, english_translation, arabic_translation, usage_context, formality, is_idiom, literal_translation, order_index) VALUES
  ('a0ac4fc1-1937-4826-8b72-d098f5e83f0a', 'Guten Morgen!', 'Good morning!', 'صباح الخير!', 'Used in Diskussion und Argumentation', 'formal', false, NULL, 1),
  ('a0ac4fc1-1937-4826-8b72-d098f5e83f0a', 'Guten Tag!', 'Good day!', 'يوم سعيد!', 'Used in Diskussion und Argumentation', 'formal', false, NULL, 2),
  ('a0ac4fc1-1937-4826-8b72-d098f5e83f0a', 'Hallo!', 'Hello!', 'مرحباً!', 'Used in Diskussion und Argumentation', 'informal', false, NULL, 3),
  ('a0ac4fc1-1937-4826-8b72-d098f5e83f0a', 'Tschüss!', 'Bye!', 'مع السلامة!', 'Used in Diskussion und Argumentation', 'informal', false, NULL, 4),
  ('a0ac4fc1-1937-4826-8b72-d098f5e83f0a', 'Auf Wiedersehen!', 'Goodbye!', 'إلى اللقاء!', 'Used in Diskussion und Argumentation', 'formal', false, NULL, 5),
  ('a0ac4fc1-1937-4826-8b72-d098f5e83f0a', 'Wie geht es Ihnen?', 'How are you? (formal)', 'كيف حالك؟ (رسمي)', 'Used in Diskussion und Argumentation', 'formal', false, NULL, 6),
  ('a0ac4fc1-1937-4826-8b72-d098f5e83f0a', 'Wie geht es dir?', 'How are you? (informal)', 'كيف حالك؟ (غير رسمي)', 'Used in Diskussion und Argumentation', 'informal', false, NULL, 7),
  ('a0ac4fc1-1937-4826-8b72-d098f5e83f0a', 'Mir geht es gut, danke.', 'I''m fine, thanks.', 'أنا بخير، شكراً.', 'Used in Diskussion und Argumentation', 'neutral', false, NULL, 8),
  ('a0ac4fc1-1937-4826-8b72-d098f5e83f0a', 'Freut mich!', 'Nice to meet you!', 'يسعدني!', 'Used in Diskussion und Argumentation', 'neutral', false, NULL, 9),
  ('a0ac4fc1-1937-4826-8b72-d098f5e83f0a', 'Bis später!', 'See you later!', 'أراك لاحقاً!', 'Used in Diskussion und Argumentation', 'informal', false, NULL, 10);

INSERT INTO public.lesson_flashcards (lesson_id, front, back, hint, category, order_index) VALUES
  ('a0ac4fc1-1937-4826-8b72-d098f5e83f0a', 'Guten Morgen', 'Good morning', 'Used before noon', 'expression', 1),
  ('a0ac4fc1-1937-4826-8b72-d098f5e83f0a', 'Guten Abend', 'Good evening', 'Used after 6 PM', 'expression', 2),
  ('a0ac4fc1-1937-4826-8b72-d098f5e83f0a', 'Tschüss', 'Bye (informal)', 'With friends', 'expression', 3),
  ('a0ac4fc1-1937-4826-8b72-d098f5e83f0a', 'Auf Wiedersehen', 'Goodbye (formal)', 'Formal situations', 'expression', 4),
  ('a0ac4fc1-1937-4826-8b72-d098f5e83f0a', 'Bis später', 'See you later', 'Soon again', 'expression', 5),
  ('a0ac4fc1-1937-4826-8b72-d098f5e83f0a', 'Willkommen', 'Welcome', 'First meeting', 'expression', 6),
  ('a0ac4fc1-1937-4826-8b72-d098f5e83f0a', 'Entschuldigung', 'Excuse me / Sorry', 'Apology or attention', 'expression', 7),
  ('a0ac4fc1-1937-4826-8b72-d098f5e83f0a', 'Vielen Dank', 'Thank you very much', 'Gratitude', 'expression', 8);

INSERT INTO public.lesson_homework (lesson_id, title, description, homework_type, tasks, estimated_minutes, order_index) VALUES
  ('a0ac4fc1-1937-4826-8b72-d098f5e83f0a', 'Homework: Wunschvorstellungen und Zukunftspläne', 'Complete these tasks to reinforce "Wunschvorstellungen und Zukunftspläne" (Diskussion und Argumentation).', 'reading', '[{"description":"Review all vocabulary from \"Wunschvorstellungen und Zukunftspläne\" — write each word with its article and plural form."},{"description":"Write 5 sentences using the key words from this lesson."},{"description":"Practice the dialogue aloud 3 times and record yourself."}]', 15, 1);

INSERT INTO public.lesson_reviews (lesson_id, summary, key_points, grammar_summary, vocabulary_focus, common_mistakes_summary, tips) VALUES
  ('a0ac4fc1-1937-4826-8b72-d098f5e83f0a', 'In this lesson on "Wunschvorstellungen und Zukunftspläne" (Diskussion und Argumentation), you learned key vocabulary concepts at B2 level. Regular practice will help reinforce your understanding and build fluency.', '["Mastered the core vocabulary and expressions of \"Wunschvorstellungen und Zukunftspläne\"","Understood and practiced the grammar structures taught","Developed vocabulary skills through targeted exercises","Built confidence in using German in practical situations","Identified areas for further practice and improvement","Connected new knowledge with previously learned material"]', '[{"title":"Key Grammar Points","summary":"Review the grammar rules and structures from this lesson on \"Wunschvorstellungen und Zukunftspläne\""}]', ARRAY['"Wunschvorstellungen und Zukunftspläne" core vocabulary', 'Diskussion und Argumentation key terms']::text[], ARRAY['Pay attention to article gender (der/die/das)', 'Verb is always in second position in main clauses', 'Remember: German nouns are always capitalized']::text[], ARRAY['Practice 15-20 minutes daily for best results', 'Use new vocabulary in real sentences immediately', 'Speak out loud to improve pronunciation and fluency', 'Review previous lessons before starting new material']::text[]);

INSERT INTO public.lesson_speaking (lesson_id, title, prompt, scenario, tips, vocabulary_hints, min_duration_seconds, order_index) VALUES
  ('a0ac4fc1-1937-4826-8b72-d098f5e83f0a', 'Wunschvorstellungen und Zukunftspläne — Speaking 1', 'Practice the key vocabulary and phrases from "Wunschvorstellungen und Zukunftspläne" aloud. Focus on correct pronunciation.', 'Speaking practice for Diskussion und Argumentation', ARRAY['Speak slowly and clearly', 'Use full sentences', 'Don''t worry about mistakes', 'Practice 3 times']::text[], ARRAY['Use this lesson''s vocabulary', 'Apply correct grammar']::text[], 30, 1);

INSERT INTO public.lesson_speaking (lesson_id, title, prompt, scenario, tips, vocabulary_hints, min_duration_seconds, order_index) VALUES
  ('a0ac4fc1-1937-4826-8b72-d098f5e83f0a', 'Wunschvorstellungen und Zukunftspläne — Speaking 2', 'Role-play: Imagine you are in a situation related to Diskussion und Argumentation. Have a dialogue with a partner.', 'Speaking practice for Diskussion und Argumentation', ARRAY['Speak slowly and clearly', 'Use full sentences', 'Don''t worry about mistakes', 'Practice 3 times']::text[], ARRAY['Use this lesson''s vocabulary', 'Apply correct grammar']::text[], 60, 2);

INSERT INTO public.lesson_writing (lesson_id, title, task, tips, vocabulary_hints, grammar_focus, word_limit_min, word_limit_max, order_index) VALUES
  ('a0ac4fc1-1937-4826-8b72-d098f5e83f0a', 'Wunschvorstellungen und Zukunftspläne — Writing Task 1', 'Write a short text (50-100 words) about wunschvorstellungen und zukunftspläne. Use at least 5 vocabulary words from this lesson. Focus on correct sentence structure.', ARRAY['Use vocabulary from this lesson', 'Check your grammar', 'Write complete sentences']::text[], ARRAY['Apply new vocabulary', 'Use correct articles']::text[], ARRAY['Sentence structure', 'Verb conjugation', 'Article-noun agreement']::text[], 50, 150, 1);

INSERT INTO public.lesson_conversations (lesson_id, title, scenario, role_user, role_ai, context, opening_line, vocabulary_hints, difficulty, order_index) VALUES
  ('a0ac4fc1-1937-4826-8b72-d098f5e83f0a', 'Wunschvorstellungen und Zukunftspläne — Conversation 1', 'Practice a realistic conversation about wunschvorstellungen und zukunftspläne in the context of Diskussion und Argumentation.', 'Student', 'Teacher', 'You are a student at B2 level. Practice having a natural German conversation about this lesson''s topic.', 'Hallo! Lass uns über "Wunschvorstellungen und Zukunftspläne" sprechen. Bist du bereit?', ARRAY[]::text[], 'intermediate', 1);

INSERT INTO public.lesson_conversations (lesson_id, title, scenario, role_user, role_ai, context, opening_line, vocabulary_hints, difficulty, order_index) VALUES
  ('a0ac4fc1-1937-4826-8b72-d098f5e83f0a', 'Wunschvorstellungen und Zukunftspläne — Conversation 2', 'Practice a realistic conversation about wunschvorstellungen und zukunftspläne in the context of Diskussion und Argumentation.', 'Customer', 'Assistant', 'You are a student at B2 level. Practice having a natural German conversation about this lesson''s topic.', 'Hallo! Lass uns über "Wunschvorstellungen und Zukunftspläne" sprechen. Bist du bereit?', ARRAY[]::text[], 'intermediate', 2);

INSERT INTO public.lesson_ai_challenges (lesson_id, title, question, scenario, expected_elements, tips, difficulty, order_index) VALUES
  ('a0ac4fc1-1937-4826-8b72-d098f5e83f0a', 'Wunschvorstellungen und Zukunftspläne — Creative Application', 'Create a short dialogue or story using at least 10 vocabulary words and grammar structures from "Wunschvorstellungen und Zukunftspläne". The dialogue should be realistic and related to Diskussion und Argumentation.', 'Creative practice for Wunschvorstellungen und Zukunftspläne', ARRAY['10+ vocabulary words from the lesson', 'Correct grammar application', 'Realistic and natural dialogue', 'Creative and original content']::text[], ARRAY['Review the lesson material first', 'Take your time to think', 'Be creative and original']::text[], 'easy', 1);

INSERT INTO public.lesson_ai_challenges (lesson_id, title, question, scenario, expected_elements, tips, difficulty, order_index) VALUES
  ('a0ac4fc1-1937-4826-8b72-d098f5e83f0a', 'Wunschvorstellungen und Zukunftspläne — Deep Understanding', 'Explain the most important concepts from "Wunschvorstellungen und Zukunftspläne" in your own words. Give 3 original examples for each main concept. What did you find most challenging and why?', 'Creative practice for Wunschvorstellungen und Zukunftspläne', ARRAY['All key concepts covered thoroughly', 'Original examples provided', 'Self-reflection on learning process', 'Questions for the teacher identified']::text[], ARRAY['Review the lesson material first', 'Take your time to think', 'Be creative and original']::text[], 'medium', 2);

INSERT INTO public.lesson_reading (lesson_id, title, content, english_translation, arabic_translation, word_count, difficulty_rating, audio_url, source) VALUES
  ('a0ac4fc1-1937-4826-8b72-d098f5e83f0a', 'Wunschvorstellungen und Zukunftspläne — Reading Practice', 'This is a B2-level reading passage about wunschvorstellungen und zukunftspläne in the context of Diskussion und Argumentation.

Wunschvorstellungen und Zukunftspläne is an important topic for German learners. In this lesson, you will learn key vocabulary and grammar structures that will help you communicate effectively in real-life situations.

The module "Diskussion und Argumentation" provides a comprehensive introduction to this topic. By studying this material carefully and practicing regularly, you will build confidence in your German language skills.

Try to read the passage without translating every word. Focus on understanding the main ideas first. Then read again for details. Finally, practice reading aloud to improve your pronunciation.', NULL, NULL, 102, 1, NULL, 'DeutschMentor Curriculum');

INSERT INTO public.lesson_listening (lesson_id, title, transcript, english_translation, arabic_translation, audio_url, duration_seconds, speaker_count, scenario) VALUES
  ('a0ac4fc1-1937-4826-8b72-d098f5e83f0a', 'Wunschvorstellungen und Zukunftspläne — Listening Exercise', '[Teacher]: Hallo! Willkommen zur Lektion "Wunschvorstellungen und Zukunftspläne" aus dem Modul "Diskussion und Argumentation".

[Teacher]: Heute lernen wir wichtige Wörter und Sätze. Bitte hören Sie gut zu und wiederholen Sie.

[Student]: Ich bin bereit! Was lernen wir zuerst?

[Teacher]: Wir beginnen mit den Grundlagen. Wiederholen Sie bitte jedes Wort nach mir.

[Student]: Das ist eine gute Übung. Kann ich die Wörter auch in Sätzen hören?

[Teacher]: Natürlich! Ich zeige Ihnen Beispiele für jeden Satz. Dann üben wir zusammen.

[Student]: Perfekt! Vielen Dank für die Hilfe.

[Teacher]: Gern geschehen! Üben Sie zu Hause weiter. Viel Erfolg!', NULL, NULL, NULL, 120, 2, 'Diskussion und Argumentation');

INSERT INTO public.lesson_expressions (lesson_id, german, english_translation, arabic_translation, usage_context, formality, is_idiom, literal_translation, order_index) VALUES
  ('bb52a24c-42dd-4681-ba3c-afb3fb226840', 'Guten Morgen!', 'Good morning!', 'صباح الخير!', 'Used in Kultur und Gesellschaft', 'formal', false, NULL, 1),
  ('bb52a24c-42dd-4681-ba3c-afb3fb226840', 'Guten Tag!', 'Good day!', 'يوم سعيد!', 'Used in Kultur und Gesellschaft', 'formal', false, NULL, 2),
  ('bb52a24c-42dd-4681-ba3c-afb3fb226840', 'Hallo!', 'Hello!', 'مرحباً!', 'Used in Kultur und Gesellschaft', 'informal', false, NULL, 3),
  ('bb52a24c-42dd-4681-ba3c-afb3fb226840', 'Tschüss!', 'Bye!', 'مع السلامة!', 'Used in Kultur und Gesellschaft', 'informal', false, NULL, 4),
  ('bb52a24c-42dd-4681-ba3c-afb3fb226840', 'Auf Wiedersehen!', 'Goodbye!', 'إلى اللقاء!', 'Used in Kultur und Gesellschaft', 'formal', false, NULL, 5),
  ('bb52a24c-42dd-4681-ba3c-afb3fb226840', 'Wie geht es Ihnen?', 'How are you? (formal)', 'كيف حالك؟ (رسمي)', 'Used in Kultur und Gesellschaft', 'formal', false, NULL, 6),
  ('bb52a24c-42dd-4681-ba3c-afb3fb226840', 'Wie geht es dir?', 'How are you? (informal)', 'كيف حالك؟ (غير رسمي)', 'Used in Kultur und Gesellschaft', 'informal', false, NULL, 7),
  ('bb52a24c-42dd-4681-ba3c-afb3fb226840', 'Mir geht es gut, danke.', 'I''m fine, thanks.', 'أنا بخير، شكراً.', 'Used in Kultur und Gesellschaft', 'neutral', false, NULL, 8),
  ('bb52a24c-42dd-4681-ba3c-afb3fb226840', 'Freut mich!', 'Nice to meet you!', 'يسعدني!', 'Used in Kultur und Gesellschaft', 'neutral', false, NULL, 9),
  ('bb52a24c-42dd-4681-ba3c-afb3fb226840', 'Bis später!', 'See you later!', 'أراك لاحقاً!', 'Used in Kultur und Gesellschaft', 'informal', false, NULL, 10);

INSERT INTO public.lesson_flashcards (lesson_id, front, back, hint, category, order_index) VALUES
  ('bb52a24c-42dd-4681-ba3c-afb3fb226840', 'Guten Morgen', 'Good morning', 'Used before noon', 'expression', 1),
  ('bb52a24c-42dd-4681-ba3c-afb3fb226840', 'Guten Abend', 'Good evening', 'Used after 6 PM', 'expression', 2),
  ('bb52a24c-42dd-4681-ba3c-afb3fb226840', 'Tschüss', 'Bye (informal)', 'With friends', 'expression', 3),
  ('bb52a24c-42dd-4681-ba3c-afb3fb226840', 'Auf Wiedersehen', 'Goodbye (formal)', 'Formal situations', 'expression', 4),
  ('bb52a24c-42dd-4681-ba3c-afb3fb226840', 'Bis später', 'See you later', 'Soon again', 'expression', 5),
  ('bb52a24c-42dd-4681-ba3c-afb3fb226840', 'Willkommen', 'Welcome', 'First meeting', 'expression', 6),
  ('bb52a24c-42dd-4681-ba3c-afb3fb226840', 'Entschuldigung', 'Excuse me / Sorry', 'Apology or attention', 'expression', 7),
  ('bb52a24c-42dd-4681-ba3c-afb3fb226840', 'Vielen Dank', 'Thank you very much', 'Gratitude', 'expression', 8);

INSERT INTO public.lesson_homework (lesson_id, title, description, homework_type, tasks, estimated_minutes, order_index) VALUES
  ('bb52a24c-42dd-4681-ba3c-afb3fb226840', 'Homework: Kulturelle Ereignisse und Traditionen', 'Complete these tasks to reinforce "Kulturelle Ereignisse und Traditionen" (Kultur und Gesellschaft).', 'grammar', '[{"description":"Review all vocabulary from \"Kulturelle Ereignisse und Traditionen\" — write each word with its article and plural form."},{"description":"Write 5 sentences using the key words from this lesson."},{"description":"Practice the dialogue aloud 3 times and record yourself."}]', 20, 1);

INSERT INTO public.lesson_reviews (lesson_id, summary, key_points, grammar_summary, vocabulary_focus, common_mistakes_summary, tips) VALUES
  ('bb52a24c-42dd-4681-ba3c-afb3fb226840', 'In this lesson on "Kulturelle Ereignisse und Traditionen" (Kultur und Gesellschaft), you learned key vocabulary concepts at B2 level. Regular practice will help reinforce your understanding and build fluency.', '["Mastered the core vocabulary and expressions of \"Kulturelle Ereignisse und Traditionen\"","Understood and practiced the grammar structures taught","Developed vocabulary skills through targeted exercises","Built confidence in using German in practical situations","Identified areas for further practice and improvement","Connected new knowledge with previously learned material"]', '[{"title":"Key Grammar Points","summary":"Review the grammar rules and structures from this lesson on \"Kulturelle Ereignisse und Traditionen\""}]', ARRAY['"Kulturelle Ereignisse und Traditionen" core vocabulary', 'Kultur und Gesellschaft key terms']::text[], ARRAY['Pay attention to article gender (der/die/das)', 'Verb is always in second position in main clauses', 'Remember: German nouns are always capitalized']::text[], ARRAY['Practice 15-20 minutes daily for best results', 'Use new vocabulary in real sentences immediately', 'Speak out loud to improve pronunciation and fluency', 'Review previous lessons before starting new material']::text[]);

INSERT INTO public.lesson_speaking (lesson_id, title, prompt, scenario, tips, vocabulary_hints, min_duration_seconds, order_index) VALUES
  ('bb52a24c-42dd-4681-ba3c-afb3fb226840', 'Kulturelle Ereignisse und Traditionen — Speaking 1', 'Practice the key vocabulary and phrases from "Kulturelle Ereignisse und Traditionen" aloud. Focus on correct pronunciation.', 'Speaking practice for Kultur und Gesellschaft', ARRAY['Speak slowly and clearly', 'Use full sentences', 'Don''t worry about mistakes', 'Practice 3 times']::text[], ARRAY['Use this lesson''s vocabulary', 'Apply correct grammar']::text[], 30, 1);

INSERT INTO public.lesson_speaking (lesson_id, title, prompt, scenario, tips, vocabulary_hints, min_duration_seconds, order_index) VALUES
  ('bb52a24c-42dd-4681-ba3c-afb3fb226840', 'Kulturelle Ereignisse und Traditionen — Speaking 2', 'Role-play: Imagine you are in a situation related to Kultur und Gesellschaft. Have a dialogue with a partner.', 'Speaking practice for Kultur und Gesellschaft', ARRAY['Speak slowly and clearly', 'Use full sentences', 'Don''t worry about mistakes', 'Practice 3 times']::text[], ARRAY['Use this lesson''s vocabulary', 'Apply correct grammar']::text[], 60, 2);

INSERT INTO public.lesson_writing (lesson_id, title, task, tips, vocabulary_hints, grammar_focus, word_limit_min, word_limit_max, order_index) VALUES
  ('bb52a24c-42dd-4681-ba3c-afb3fb226840', 'Kulturelle Ereignisse und Traditionen — Writing Task 1', 'Write a short text (50-100 words) about kulturelle ereignisse und traditionen. Use at least 5 vocabulary words from this lesson. Focus on correct sentence structure.', ARRAY['Use vocabulary from this lesson', 'Check your grammar', 'Write complete sentences']::text[], ARRAY['Apply new vocabulary', 'Use correct articles']::text[], ARRAY['Sentence structure', 'Verb conjugation', 'Article-noun agreement']::text[], 50, 150, 1);

INSERT INTO public.lesson_conversations (lesson_id, title, scenario, role_user, role_ai, context, opening_line, vocabulary_hints, difficulty, order_index) VALUES
  ('bb52a24c-42dd-4681-ba3c-afb3fb226840', 'Kulturelle Ereignisse und Traditionen — Conversation 1', 'Practice a realistic conversation about kulturelle ereignisse und traditionen in the context of Kultur und Gesellschaft.', 'Student', 'Teacher', 'You are a student at B2 level. Practice having a natural German conversation about this lesson''s topic.', 'Hallo! Lass uns über "Kulturelle Ereignisse und Traditionen" sprechen. Bist du bereit?', ARRAY[]::text[], 'intermediate', 1);

INSERT INTO public.lesson_conversations (lesson_id, title, scenario, role_user, role_ai, context, opening_line, vocabulary_hints, difficulty, order_index) VALUES
  ('bb52a24c-42dd-4681-ba3c-afb3fb226840', 'Kulturelle Ereignisse und Traditionen — Conversation 2', 'Practice a realistic conversation about kulturelle ereignisse und traditionen in the context of Kultur und Gesellschaft.', 'Customer', 'Assistant', 'You are a student at B2 level. Practice having a natural German conversation about this lesson''s topic.', 'Hallo! Lass uns über "Kulturelle Ereignisse und Traditionen" sprechen. Bist du bereit?', ARRAY[]::text[], 'intermediate', 2);

INSERT INTO public.lesson_ai_challenges (lesson_id, title, question, scenario, expected_elements, tips, difficulty, order_index) VALUES
  ('bb52a24c-42dd-4681-ba3c-afb3fb226840', 'Kulturelle Ereignisse und Traditionen — Creative Application', 'Create a short dialogue or story using at least 10 vocabulary words and grammar structures from "Kulturelle Ereignisse und Traditionen". The dialogue should be realistic and related to Kultur und Gesellschaft.', 'Creative practice for Kulturelle Ereignisse und Traditionen', ARRAY['10+ vocabulary words from the lesson', 'Correct grammar application', 'Realistic and natural dialogue', 'Creative and original content']::text[], ARRAY['Review the lesson material first', 'Take your time to think', 'Be creative and original']::text[], 'easy', 1);

INSERT INTO public.lesson_ai_challenges (lesson_id, title, question, scenario, expected_elements, tips, difficulty, order_index) VALUES
  ('bb52a24c-42dd-4681-ba3c-afb3fb226840', 'Kulturelle Ereignisse und Traditionen — Deep Understanding', 'Explain the most important concepts from "Kulturelle Ereignisse und Traditionen" in your own words. Give 3 original examples for each main concept. What did you find most challenging and why?', 'Creative practice for Kulturelle Ereignisse und Traditionen', ARRAY['All key concepts covered thoroughly', 'Original examples provided', 'Self-reflection on learning process', 'Questions for the teacher identified']::text[], ARRAY['Review the lesson material first', 'Take your time to think', 'Be creative and original']::text[], 'medium', 2);

INSERT INTO public.lesson_reading (lesson_id, title, content, english_translation, arabic_translation, word_count, difficulty_rating, audio_url, source) VALUES
  ('bb52a24c-42dd-4681-ba3c-afb3fb226840', 'Kulturelle Ereignisse und Traditionen — Reading Practice', 'This is a B2-level reading passage about kulturelle ereignisse und traditionen in the context of Kultur und Gesellschaft.

Kulturelle Ereignisse und Traditionen is an important topic for German learners. In this lesson, you will learn key vocabulary and grammar structures that will help you communicate effectively in real-life situations.

The module "Kultur und Gesellschaft" provides a comprehensive introduction to this topic. By studying this material carefully and practicing regularly, you will build confidence in your German language skills.

Try to read the passage without translating every word. Focus on understanding the main ideas first. Then read again for details. Finally, practice reading aloud to improve your pronunciation.', NULL, NULL, 104, 1, NULL, 'DeutschMentor Curriculum');

INSERT INTO public.lesson_listening (lesson_id, title, transcript, english_translation, arabic_translation, audio_url, duration_seconds, speaker_count, scenario) VALUES
  ('bb52a24c-42dd-4681-ba3c-afb3fb226840', 'Kulturelle Ereignisse und Traditionen — Listening Exercise', '[Teacher]: Hallo! Willkommen zur Lektion "Kulturelle Ereignisse und Traditionen" aus dem Modul "Kultur und Gesellschaft".

[Teacher]: Heute lernen wir wichtige Wörter und Sätze. Bitte hören Sie gut zu und wiederholen Sie.

[Student]: Ich bin bereit! Was lernen wir zuerst?

[Teacher]: Wir beginnen mit den Grundlagen. Wiederholen Sie bitte jedes Wort nach mir.

[Student]: Das ist eine gute Übung. Kann ich die Wörter auch in Sätzen hören?

[Teacher]: Natürlich! Ich zeige Ihnen Beispiele für jeden Satz. Dann üben wir zusammen.

[Student]: Perfekt! Vielen Dank für die Hilfe.

[Teacher]: Gern geschehen! Üben Sie zu Hause weiter. Viel Erfolg!', NULL, NULL, NULL, 120, 2, 'Kultur und Gesellschaft');

INSERT INTO public.lesson_expressions (lesson_id, german, english_translation, arabic_translation, usage_context, formality, is_idiom, literal_translation, order_index) VALUES
  ('f8f99a8f-b228-4a84-a694-13623adfbf3a', 'Guten Morgen!', 'Good morning!', 'صباح الخير!', 'Used in Fachsprache und Terminologie', 'formal', false, NULL, 1),
  ('f8f99a8f-b228-4a84-a694-13623adfbf3a', 'Guten Tag!', 'Good day!', 'يوم سعيد!', 'Used in Fachsprache und Terminologie', 'formal', false, NULL, 2),
  ('f8f99a8f-b228-4a84-a694-13623adfbf3a', 'Hallo!', 'Hello!', 'مرحباً!', 'Used in Fachsprache und Terminologie', 'informal', false, NULL, 3),
  ('f8f99a8f-b228-4a84-a694-13623adfbf3a', 'Tschüss!', 'Bye!', 'مع السلامة!', 'Used in Fachsprache und Terminologie', 'informal', false, NULL, 4),
  ('f8f99a8f-b228-4a84-a694-13623adfbf3a', 'Auf Wiedersehen!', 'Goodbye!', 'إلى اللقاء!', 'Used in Fachsprache und Terminologie', 'formal', false, NULL, 5),
  ('f8f99a8f-b228-4a84-a694-13623adfbf3a', 'Wie geht es Ihnen?', 'How are you? (formal)', 'كيف حالك؟ (رسمي)', 'Used in Fachsprache und Terminologie', 'formal', false, NULL, 6),
  ('f8f99a8f-b228-4a84-a694-13623adfbf3a', 'Wie geht es dir?', 'How are you? (informal)', 'كيف حالك؟ (غير رسمي)', 'Used in Fachsprache und Terminologie', 'informal', false, NULL, 7),
  ('f8f99a8f-b228-4a84-a694-13623adfbf3a', 'Mir geht es gut, danke.', 'I''m fine, thanks.', 'أنا بخير، شكراً.', 'Used in Fachsprache und Terminologie', 'neutral', false, NULL, 8),
  ('f8f99a8f-b228-4a84-a694-13623adfbf3a', 'Freut mich!', 'Nice to meet you!', 'يسعدني!', 'Used in Fachsprache und Terminologie', 'neutral', false, NULL, 9),
  ('f8f99a8f-b228-4a84-a694-13623adfbf3a', 'Bis später!', 'See you later!', 'أراك لاحقاً!', 'Used in Fachsprache und Terminologie', 'informal', false, NULL, 10);

INSERT INTO public.lesson_flashcards (lesson_id, front, back, hint, category, order_index) VALUES
  ('f8f99a8f-b228-4a84-a694-13623adfbf3a', 'Guten Morgen', 'Good morning', 'Used before noon', 'expression', 1),
  ('f8f99a8f-b228-4a84-a694-13623adfbf3a', 'Guten Abend', 'Good evening', 'Used after 6 PM', 'expression', 2),
  ('f8f99a8f-b228-4a84-a694-13623adfbf3a', 'Tschüss', 'Bye (informal)', 'With friends', 'expression', 3),
  ('f8f99a8f-b228-4a84-a694-13623adfbf3a', 'Auf Wiedersehen', 'Goodbye (formal)', 'Formal situations', 'expression', 4),
  ('f8f99a8f-b228-4a84-a694-13623adfbf3a', 'Bis später', 'See you later', 'Soon again', 'expression', 5),
  ('f8f99a8f-b228-4a84-a694-13623adfbf3a', 'Willkommen', 'Welcome', 'First meeting', 'expression', 6),
  ('f8f99a8f-b228-4a84-a694-13623adfbf3a', 'Entschuldigung', 'Excuse me / Sorry', 'Apology or attention', 'expression', 7),
  ('f8f99a8f-b228-4a84-a694-13623adfbf3a', 'Vielen Dank', 'Thank you very much', 'Gratitude', 'expression', 8);

INSERT INTO public.lesson_homework (lesson_id, title, description, homework_type, tasks, estimated_minutes, order_index) VALUES
  ('f8f99a8f-b228-4a84-a694-13623adfbf3a', 'Homework: Technische Prozesse und Abläufe', 'Complete these tasks to reinforce "Technische Prozesse und Abläufe" (Fachsprache und Terminologie).', 'mixed', '[{"description":"Review all vocabulary from \"Technische Prozesse und Abläufe\" — write each word with its article and plural form."},{"description":"Write 5 sentences using the key words from this lesson."},{"description":"Practice the dialogue aloud 3 times and record yourself."}]', 25, 1);

INSERT INTO public.lesson_reviews (lesson_id, summary, key_points, grammar_summary, vocabulary_focus, common_mistakes_summary, tips) VALUES
  ('f8f99a8f-b228-4a84-a694-13623adfbf3a', 'In this lesson on "Technische Prozesse und Abläufe" (Fachsprache und Terminologie), you learned key vocabulary concepts at B2 level. Regular practice will help reinforce your understanding and build fluency.', '["Mastered the core vocabulary and expressions of \"Technische Prozesse und Abläufe\"","Understood and practiced the grammar structures taught","Developed vocabulary skills through targeted exercises","Built confidence in using German in practical situations","Identified areas for further practice and improvement","Connected new knowledge with previously learned material"]', '[{"title":"Key Grammar Points","summary":"Review the grammar rules and structures from this lesson on \"Technische Prozesse und Abläufe\""}]', ARRAY['"Technische Prozesse und Abläufe" core vocabulary', 'Fachsprache und Terminologie key terms']::text[], ARRAY['Pay attention to article gender (der/die/das)', 'Verb is always in second position in main clauses', 'Remember: German nouns are always capitalized']::text[], ARRAY['Practice 15-20 minutes daily for best results', 'Use new vocabulary in real sentences immediately', 'Speak out loud to improve pronunciation and fluency', 'Review previous lessons before starting new material']::text[]);

INSERT INTO public.lesson_speaking (lesson_id, title, prompt, scenario, tips, vocabulary_hints, min_duration_seconds, order_index) VALUES
  ('f8f99a8f-b228-4a84-a694-13623adfbf3a', 'Technische Prozesse und Abläufe — Speaking 1', 'Practice the key vocabulary and phrases from "Technische Prozesse und Abläufe" aloud. Focus on correct pronunciation.', 'Speaking practice for Fachsprache und Terminologie', ARRAY['Speak slowly and clearly', 'Use full sentences', 'Don''t worry about mistakes', 'Practice 3 times']::text[], ARRAY['Use this lesson''s vocabulary', 'Apply correct grammar']::text[], 30, 1);

INSERT INTO public.lesson_speaking (lesson_id, title, prompt, scenario, tips, vocabulary_hints, min_duration_seconds, order_index) VALUES
  ('f8f99a8f-b228-4a84-a694-13623adfbf3a', 'Technische Prozesse und Abläufe — Speaking 2', 'Role-play: Imagine you are in a situation related to Fachsprache und Terminologie. Have a dialogue with a partner.', 'Speaking practice for Fachsprache und Terminologie', ARRAY['Speak slowly and clearly', 'Use full sentences', 'Don''t worry about mistakes', 'Practice 3 times']::text[], ARRAY['Use this lesson''s vocabulary', 'Apply correct grammar']::text[], 60, 2);

INSERT INTO public.lesson_writing (lesson_id, title, task, tips, vocabulary_hints, grammar_focus, word_limit_min, word_limit_max, order_index) VALUES
  ('f8f99a8f-b228-4a84-a694-13623adfbf3a', 'Technische Prozesse und Abläufe — Writing Task 1', 'Write a short text (50-100 words) about technische prozesse und abläufe. Use at least 5 vocabulary words from this lesson. Focus on correct sentence structure.', ARRAY['Use vocabulary from this lesson', 'Check your grammar', 'Write complete sentences']::text[], ARRAY['Apply new vocabulary', 'Use correct articles']::text[], ARRAY['Sentence structure', 'Verb conjugation', 'Article-noun agreement']::text[], 50, 150, 1);

INSERT INTO public.lesson_conversations (lesson_id, title, scenario, role_user, role_ai, context, opening_line, vocabulary_hints, difficulty, order_index) VALUES
  ('f8f99a8f-b228-4a84-a694-13623adfbf3a', 'Technische Prozesse und Abläufe — Conversation 1', 'Practice a realistic conversation about technische prozesse und abläufe in the context of Fachsprache und Terminologie.', 'Student', 'Teacher', 'You are a student at B2 level. Practice having a natural German conversation about this lesson''s topic.', 'Hallo! Lass uns über "Technische Prozesse und Abläufe" sprechen. Bist du bereit?', ARRAY[]::text[], 'intermediate', 1);

INSERT INTO public.lesson_conversations (lesson_id, title, scenario, role_user, role_ai, context, opening_line, vocabulary_hints, difficulty, order_index) VALUES
  ('f8f99a8f-b228-4a84-a694-13623adfbf3a', 'Technische Prozesse und Abläufe — Conversation 2', 'Practice a realistic conversation about technische prozesse und abläufe in the context of Fachsprache und Terminologie.', 'Customer', 'Assistant', 'You are a student at B2 level. Practice having a natural German conversation about this lesson''s topic.', 'Hallo! Lass uns über "Technische Prozesse und Abläufe" sprechen. Bist du bereit?', ARRAY[]::text[], 'intermediate', 2);

INSERT INTO public.lesson_ai_challenges (lesson_id, title, question, scenario, expected_elements, tips, difficulty, order_index) VALUES
  ('f8f99a8f-b228-4a84-a694-13623adfbf3a', 'Technische Prozesse und Abläufe — Creative Application', 'Create a short dialogue or story using at least 10 vocabulary words and grammar structures from "Technische Prozesse und Abläufe". The dialogue should be realistic and related to Fachsprache und Terminologie.', 'Creative practice for Technische Prozesse und Abläufe', ARRAY['10+ vocabulary words from the lesson', 'Correct grammar application', 'Realistic and natural dialogue', 'Creative and original content']::text[], ARRAY['Review the lesson material first', 'Take your time to think', 'Be creative and original']::text[], 'easy', 1);

INSERT INTO public.lesson_ai_challenges (lesson_id, title, question, scenario, expected_elements, tips, difficulty, order_index) VALUES
  ('f8f99a8f-b228-4a84-a694-13623adfbf3a', 'Technische Prozesse und Abläufe — Deep Understanding', 'Explain the most important concepts from "Technische Prozesse und Abläufe" in your own words. Give 3 original examples for each main concept. What did you find most challenging and why?', 'Creative practice for Technische Prozesse und Abläufe', ARRAY['All key concepts covered thoroughly', 'Original examples provided', 'Self-reflection on learning process', 'Questions for the teacher identified']::text[], ARRAY['Review the lesson material first', 'Take your time to think', 'Be creative and original']::text[], 'medium', 2);

INSERT INTO public.lesson_reading (lesson_id, title, content, english_translation, arabic_translation, word_count, difficulty_rating, audio_url, source) VALUES
  ('f8f99a8f-b228-4a84-a694-13623adfbf3a', 'Technische Prozesse und Abläufe — Reading Practice', 'This is a B2-level reading passage about technische prozesse und abläufe in the context of Fachsprache und Terminologie.

Technische Prozesse und Abläufe is an important topic for German learners. In this lesson, you will learn key vocabulary and grammar structures that will help you communicate effectively in real-life situations.

The module "Fachsprache und Terminologie" provides a comprehensive introduction to this topic. By studying this material carefully and practicing regularly, you will build confidence in your German language skills.

Try to read the passage without translating every word. Focus on understanding the main ideas first. Then read again for details. Finally, practice reading aloud to improve your pronunciation.', NULL, NULL, 104, 1, NULL, 'DeutschMentor Curriculum');

INSERT INTO public.lesson_listening (lesson_id, title, transcript, english_translation, arabic_translation, audio_url, duration_seconds, speaker_count, scenario) VALUES
  ('f8f99a8f-b228-4a84-a694-13623adfbf3a', 'Technische Prozesse und Abläufe — Listening Exercise', '[Teacher]: Hallo! Willkommen zur Lektion "Technische Prozesse und Abläufe" aus dem Modul "Fachsprache und Terminologie".

[Teacher]: Heute lernen wir wichtige Wörter und Sätze. Bitte hören Sie gut zu und wiederholen Sie.

[Student]: Ich bin bereit! Was lernen wir zuerst?

[Teacher]: Wir beginnen mit den Grundlagen. Wiederholen Sie bitte jedes Wort nach mir.

[Student]: Das ist eine gute Übung. Kann ich die Wörter auch in Sätzen hören?

[Teacher]: Natürlich! Ich zeige Ihnen Beispiele für jeden Satz. Dann üben wir zusammen.

[Student]: Perfekt! Vielen Dank für die Hilfe.

[Teacher]: Gern geschehen! Üben Sie zu Hause weiter. Viel Erfolg!', NULL, NULL, NULL, 120, 2, 'Fachsprache und Terminologie');

INSERT INTO public.lesson_expressions (lesson_id, german, english_translation, arabic_translation, usage_context, formality, is_idiom, literal_translation, order_index) VALUES
  ('5c4d4a4c-2431-430a-9826-c40d0291c662', 'Was sind Sie von Beruf?', 'What do you do for a living?', 'ما هي مهنتك؟', 'Used in Berufliche Kommunikation', 'formal', false, NULL, 1),
  ('5c4d4a4c-2431-430a-9826-c40d0291c662', 'Ich arbeite als Ingenieur.', 'I work as an engineer.', 'أعمل كمهندس.', 'Used in Berufliche Kommunikation', 'neutral', false, NULL, 2),
  ('5c4d4a4c-2431-430a-9826-c40d0291c662', 'Wo arbeiten Sie?', 'Where do you work?', 'أين تعمل؟', 'Used in Berufliche Kommunikation', 'formal', false, NULL, 3),
  ('5c4d4a4c-2431-430a-9826-c40d0291c662', 'Ich bin selbstständig.', 'I am self-employed.', 'أنا مستقل.', 'Used in Berufliche Kommunikation', 'neutral', false, NULL, 4),
  ('5c4d4a4c-2431-430a-9826-c40d0291c662', 'Ich bin Angestellte bei einer Firma.', 'I am an employee at a company.', 'أنا موظفة في شركة.', 'Used in Berufliche Kommunikation', 'neutral', false, NULL, 5),
  ('5c4d4a4c-2431-430a-9826-c40d0291c662', 'Mein Büro ist im Zentrum.', 'My office is in the center.', 'مكتبي في المركز.', 'Used in Berufliche Kommunikation', 'neutral', false, NULL, 6),
  ('5c4d4a4c-2431-430a-9826-c40d0291c662', 'Ich arbeite von 9 bis 17 Uhr.', 'I work from 9 to 5.', 'أعمل من 9 إلى 5.', 'Used in Berufliche Kommunikation', 'neutral', false, NULL, 7);

INSERT INTO public.lesson_flashcards (lesson_id, front, back, hint, category, order_index) VALUES
  ('5c4d4a4c-2431-430a-9826-c40d0291c662', 'der Beruf', 'profession', 'Job title', 'vocabulary', 1),
  ('5c4d4a4c-2431-430a-9826-c40d0291c662', 'die Arbeit', 'work', 'What you do', 'vocabulary', 2),
  ('5c4d4a4c-2431-430a-9826-c40d0291c662', 'das Büro', 'office', 'Where you work', 'vocabulary', 3),
  ('5c4d4a4c-2431-430a-9826-c40d0291c662', 'der Chef', 'boss', 'Your supervisor', 'vocabulary', 4),
  ('5c4d4a4c-2431-430a-9826-c40d0291c662', 'die Firma', 'company', 'Business', 'vocabulary', 5),
  ('5c4d4a4c-2431-430a-9826-c40d0291c662', 'der Kollege', 'colleague', 'Work together', 'vocabulary', 6),
  ('5c4d4a4c-2431-430a-9826-c40d0291c662', 'das Gehalt', 'salary', 'Monthly payment', 'vocabulary', 7),
  ('5c4d4a4c-2431-430a-9826-c40d0291c662', 'die Bewerbung', 'application', 'For a job', 'vocabulary', 8);

INSERT INTO public.lesson_homework (lesson_id, title, description, homework_type, tasks, estimated_minutes, order_index) VALUES
  ('5c4d4a4c-2431-430a-9826-c40d0291c662', 'Homework: Geschäftskorrespondenz', 'Complete these tasks to reinforce "Geschäftskorrespondenz" (Berufliche Kommunikation).', 'vocabulary', '[{"description":"Review all vocabulary from \"Geschäftskorrespondenz\" — write each word with its article and plural form."},{"description":"Write 5 sentences using the key words from this lesson."},{"description":"Practice the dialogue aloud 3 times and record yourself."}]', 15, 1);

INSERT INTO public.lesson_reviews (lesson_id, summary, key_points, grammar_summary, vocabulary_focus, common_mistakes_summary, tips) VALUES
  ('5c4d4a4c-2431-430a-9826-c40d0291c662', 'In this lesson on "Geschäftskorrespondenz" (Berufliche Kommunikation), you learned key vocabulary concepts at B2 level. Regular practice will help reinforce your understanding and build fluency.', '["Mastered the core vocabulary and expressions of \"Geschäftskorrespondenz\"","Understood and practiced the grammar structures taught","Developed vocabulary skills through targeted exercises","Built confidence in using German in practical situations","Identified areas for further practice and improvement","Connected new knowledge with previously learned material"]', '[{"title":"Key Grammar Points","summary":"Review the grammar rules and structures from this lesson on \"Geschäftskorrespondenz\""}]', ARRAY['"Geschäftskorrespondenz" core vocabulary', 'Berufliche Kommunikation key terms']::text[], ARRAY['Pay attention to article gender (der/die/das)', 'Verb is always in second position in main clauses', 'Remember: German nouns are always capitalized']::text[], ARRAY['Practice 15-20 minutes daily for best results', 'Use new vocabulary in real sentences immediately', 'Speak out loud to improve pronunciation and fluency', 'Review previous lessons before starting new material']::text[]);

INSERT INTO public.lesson_speaking (lesson_id, title, prompt, scenario, tips, vocabulary_hints, min_duration_seconds, order_index) VALUES
  ('5c4d4a4c-2431-430a-9826-c40d0291c662', 'Geschäftskorrespondenz — Speaking 1', 'Practice the key vocabulary and phrases from "Geschäftskorrespondenz" aloud. Focus on correct pronunciation.', 'Speaking practice for Berufliche Kommunikation', ARRAY['Speak slowly and clearly', 'Use full sentences', 'Don''t worry about mistakes', 'Practice 3 times']::text[], ARRAY['Use this lesson''s vocabulary', 'Apply correct grammar']::text[], 30, 1);

INSERT INTO public.lesson_speaking (lesson_id, title, prompt, scenario, tips, vocabulary_hints, min_duration_seconds, order_index) VALUES
  ('5c4d4a4c-2431-430a-9826-c40d0291c662', 'Geschäftskorrespondenz — Speaking 2', 'Role-play: Imagine you are in a situation related to Berufliche Kommunikation. Have a dialogue with a partner.', 'Speaking practice for Berufliche Kommunikation', ARRAY['Speak slowly and clearly', 'Use full sentences', 'Don''t worry about mistakes', 'Practice 3 times']::text[], ARRAY['Use this lesson''s vocabulary', 'Apply correct grammar']::text[], 60, 2);

INSERT INTO public.lesson_writing (lesson_id, title, task, tips, vocabulary_hints, grammar_focus, word_limit_min, word_limit_max, order_index) VALUES
  ('5c4d4a4c-2431-430a-9826-c40d0291c662', 'Geschäftskorrespondenz — Writing Task 1', 'Write a short text (50-100 words) about geschäftskorrespondenz. Use at least 5 vocabulary words from this lesson. Focus on correct sentence structure.', ARRAY['Use vocabulary from this lesson', 'Check your grammar', 'Write complete sentences']::text[], ARRAY['Apply new vocabulary', 'Use correct articles']::text[], ARRAY['Sentence structure', 'Verb conjugation', 'Article-noun agreement']::text[], 50, 150, 1);

INSERT INTO public.lesson_conversations (lesson_id, title, scenario, role_user, role_ai, context, opening_line, vocabulary_hints, difficulty, order_index) VALUES
  ('5c4d4a4c-2431-430a-9826-c40d0291c662', 'Geschäftskorrespondenz — Conversation 1', 'Practice a realistic conversation about geschäftskorrespondenz in the context of Berufliche Kommunikation.', 'Student', 'Teacher', 'You are a student at B2 level. Practice having a natural German conversation about this lesson''s topic.', 'Hallo! Lass uns über "Geschäftskorrespondenz" sprechen. Bist du bereit?', ARRAY[]::text[], 'intermediate', 1);

INSERT INTO public.lesson_conversations (lesson_id, title, scenario, role_user, role_ai, context, opening_line, vocabulary_hints, difficulty, order_index) VALUES
  ('5c4d4a4c-2431-430a-9826-c40d0291c662', 'Geschäftskorrespondenz — Conversation 2', 'Practice a realistic conversation about geschäftskorrespondenz in the context of Berufliche Kommunikation.', 'Customer', 'Assistant', 'You are a student at B2 level. Practice having a natural German conversation about this lesson''s topic.', 'Hallo! Lass uns über "Geschäftskorrespondenz" sprechen. Bist du bereit?', ARRAY[]::text[], 'intermediate', 2);

INSERT INTO public.lesson_ai_challenges (lesson_id, title, question, scenario, expected_elements, tips, difficulty, order_index) VALUES
  ('5c4d4a4c-2431-430a-9826-c40d0291c662', 'Geschäftskorrespondenz — Creative Application', 'Create a short dialogue or story using at least 10 vocabulary words and grammar structures from "Geschäftskorrespondenz". The dialogue should be realistic and related to Berufliche Kommunikation.', 'Creative practice for Geschäftskorrespondenz', ARRAY['10+ vocabulary words from the lesson', 'Correct grammar application', 'Realistic and natural dialogue', 'Creative and original content']::text[], ARRAY['Review the lesson material first', 'Take your time to think', 'Be creative and original']::text[], 'easy', 1);

INSERT INTO public.lesson_ai_challenges (lesson_id, title, question, scenario, expected_elements, tips, difficulty, order_index) VALUES
  ('5c4d4a4c-2431-430a-9826-c40d0291c662', 'Geschäftskorrespondenz — Deep Understanding', 'Explain the most important concepts from "Geschäftskorrespondenz" in your own words. Give 3 original examples for each main concept. What did you find most challenging and why?', 'Creative practice for Geschäftskorrespondenz', ARRAY['All key concepts covered thoroughly', 'Original examples provided', 'Self-reflection on learning process', 'Questions for the teacher identified']::text[], ARRAY['Review the lesson material first', 'Take your time to think', 'Be creative and original']::text[], 'medium', 2);

INSERT INTO public.lesson_reading (lesson_id, title, content, english_translation, arabic_translation, word_count, difficulty_rating, audio_url, source) VALUES
  ('5c4d4a4c-2431-430a-9826-c40d0291c662', 'Geschäftskorrespondenz — Reading Practice', 'This is a B2-level reading passage about geschäftskorrespondenz in the context of Berufliche Kommunikation.

Geschäftskorrespondenz is an important topic for German learners. In this lesson, you will learn key vocabulary and grammar structures that will help you communicate effectively in real-life situations.

The module "Berufliche Kommunikation" provides a comprehensive introduction to this topic. By studying this material carefully and practicing regularly, you will build confidence in your German language skills.

Try to read the passage without translating every word. Focus on understanding the main ideas first. Then read again for details. Finally, practice reading aloud to improve your pronunciation.', NULL, NULL, 96, 1, NULL, 'DeutschMentor Curriculum');

INSERT INTO public.lesson_listening (lesson_id, title, transcript, english_translation, arabic_translation, audio_url, duration_seconds, speaker_count, scenario) VALUES
  ('5c4d4a4c-2431-430a-9826-c40d0291c662', 'Geschäftskorrespondenz — Listening Exercise', '[Teacher]: Hallo! Willkommen zur Lektion "Geschäftskorrespondenz" aus dem Modul "Berufliche Kommunikation".

[Teacher]: Heute lernen wir wichtige Wörter und Sätze. Bitte hören Sie gut zu und wiederholen Sie.

[Student]: Ich bin bereit! Was lernen wir zuerst?

[Teacher]: Wir beginnen mit den Grundlagen. Wiederholen Sie bitte jedes Wort nach mir.

[Student]: Das ist eine gute Übung. Kann ich die Wörter auch in Sätzen hören?

[Teacher]: Natürlich! Ich zeige Ihnen Beispiele für jeden Satz. Dann üben wir zusammen.

[Student]: Perfekt! Vielen Dank für die Hilfe.

[Teacher]: Gern geschehen! Üben Sie zu Hause weiter. Viel Erfolg!', NULL, NULL, NULL, 120, 2, 'Berufliche Kommunikation');

INSERT INTO public.lesson_expressions (lesson_id, german, english_translation, arabic_translation, usage_context, formality, is_idiom, literal_translation, order_index) VALUES
  ('284787c9-4a56-4ec0-b6d3-0afbccf5895e', 'Guten Morgen!', 'Good morning!', 'صباح الخير!', 'Used in Diskussion und Argumentation', 'formal', false, NULL, 1),
  ('284787c9-4a56-4ec0-b6d3-0afbccf5895e', 'Guten Tag!', 'Good day!', 'يوم سعيد!', 'Used in Diskussion und Argumentation', 'formal', false, NULL, 2),
  ('284787c9-4a56-4ec0-b6d3-0afbccf5895e', 'Hallo!', 'Hello!', 'مرحباً!', 'Used in Diskussion und Argumentation', 'informal', false, NULL, 3),
  ('284787c9-4a56-4ec0-b6d3-0afbccf5895e', 'Tschüss!', 'Bye!', 'مع السلامة!', 'Used in Diskussion und Argumentation', 'informal', false, NULL, 4),
  ('284787c9-4a56-4ec0-b6d3-0afbccf5895e', 'Auf Wiedersehen!', 'Goodbye!', 'إلى اللقاء!', 'Used in Diskussion und Argumentation', 'formal', false, NULL, 5),
  ('284787c9-4a56-4ec0-b6d3-0afbccf5895e', 'Wie geht es Ihnen?', 'How are you? (formal)', 'كيف حالك؟ (رسمي)', 'Used in Diskussion und Argumentation', 'formal', false, NULL, 6),
  ('284787c9-4a56-4ec0-b6d3-0afbccf5895e', 'Wie geht es dir?', 'How are you? (informal)', 'كيف حالك؟ (غير رسمي)', 'Used in Diskussion und Argumentation', 'informal', false, NULL, 7),
  ('284787c9-4a56-4ec0-b6d3-0afbccf5895e', 'Mir geht es gut, danke.', 'I''m fine, thanks.', 'أنا بخير، شكراً.', 'Used in Diskussion und Argumentation', 'neutral', false, NULL, 8),
  ('284787c9-4a56-4ec0-b6d3-0afbccf5895e', 'Freut mich!', 'Nice to meet you!', 'يسعدني!', 'Used in Diskussion und Argumentation', 'neutral', false, NULL, 9),
  ('284787c9-4a56-4ec0-b6d3-0afbccf5895e', 'Bis später!', 'See you later!', 'أراك لاحقاً!', 'Used in Diskussion und Argumentation', 'informal', false, NULL, 10);

INSERT INTO public.lesson_flashcards (lesson_id, front, back, hint, category, order_index) VALUES
  ('284787c9-4a56-4ec0-b6d3-0afbccf5895e', 'Guten Morgen', 'Good morning', 'Used before noon', 'expression', 1),
  ('284787c9-4a56-4ec0-b6d3-0afbccf5895e', 'Guten Abend', 'Good evening', 'Used after 6 PM', 'expression', 2),
  ('284787c9-4a56-4ec0-b6d3-0afbccf5895e', 'Tschüss', 'Bye (informal)', 'With friends', 'expression', 3),
  ('284787c9-4a56-4ec0-b6d3-0afbccf5895e', 'Auf Wiedersehen', 'Goodbye (formal)', 'Formal situations', 'expression', 4),
  ('284787c9-4a56-4ec0-b6d3-0afbccf5895e', 'Bis später', 'See you later', 'Soon again', 'expression', 5),
  ('284787c9-4a56-4ec0-b6d3-0afbccf5895e', 'Willkommen', 'Welcome', 'First meeting', 'expression', 6),
  ('284787c9-4a56-4ec0-b6d3-0afbccf5895e', 'Entschuldigung', 'Excuse me / Sorry', 'Apology or attention', 'expression', 7),
  ('284787c9-4a56-4ec0-b6d3-0afbccf5895e', 'Vielen Dank', 'Thank you very much', 'Gratitude', 'expression', 8);

INSERT INTO public.lesson_homework (lesson_id, title, description, homework_type, tasks, estimated_minutes, order_index) VALUES
  ('284787c9-4a56-4ec0-b6d3-0afbccf5895e', 'Homework: Wunschvorstellungen und Zukunftspläne', 'Complete these tasks to reinforce "Wunschvorstellungen und Zukunftspläne" (Diskussion und Argumentation).', 'writing', '[{"description":"Review all vocabulary from \"Wunschvorstellungen und Zukunftspläne\" — write each word with its article and plural form."},{"description":"Write 5 sentences using the key words from this lesson."},{"description":"Practice the dialogue aloud 3 times and record yourself."}]', 20, 1);

INSERT INTO public.lesson_reviews (lesson_id, summary, key_points, grammar_summary, vocabulary_focus, common_mistakes_summary, tips) VALUES
  ('284787c9-4a56-4ec0-b6d3-0afbccf5895e', 'In this lesson on "Wunschvorstellungen und Zukunftspläne" (Diskussion und Argumentation), you learned key vocabulary concepts at B2 level. Regular practice will help reinforce your understanding and build fluency.', '["Mastered the core vocabulary and expressions of \"Wunschvorstellungen und Zukunftspläne\"","Understood and practiced the grammar structures taught","Developed vocabulary skills through targeted exercises","Built confidence in using German in practical situations","Identified areas for further practice and improvement","Connected new knowledge with previously learned material"]', '[{"title":"Key Grammar Points","summary":"Review the grammar rules and structures from this lesson on \"Wunschvorstellungen und Zukunftspläne\""}]', ARRAY['"Wunschvorstellungen und Zukunftspläne" core vocabulary', 'Diskussion und Argumentation key terms']::text[], ARRAY['Pay attention to article gender (der/die/das)', 'Verb is always in second position in main clauses', 'Remember: German nouns are always capitalized']::text[], ARRAY['Practice 15-20 minutes daily for best results', 'Use new vocabulary in real sentences immediately', 'Speak out loud to improve pronunciation and fluency', 'Review previous lessons before starting new material']::text[]);

INSERT INTO public.lesson_speaking (lesson_id, title, prompt, scenario, tips, vocabulary_hints, min_duration_seconds, order_index) VALUES
  ('284787c9-4a56-4ec0-b6d3-0afbccf5895e', 'Wunschvorstellungen und Zukunftspläne — Speaking 1', 'Practice the key vocabulary and phrases from "Wunschvorstellungen und Zukunftspläne" aloud. Focus on correct pronunciation.', 'Speaking practice for Diskussion und Argumentation', ARRAY['Speak slowly and clearly', 'Use full sentences', 'Don''t worry about mistakes', 'Practice 3 times']::text[], ARRAY['Use this lesson''s vocabulary', 'Apply correct grammar']::text[], 30, 1);

INSERT INTO public.lesson_speaking (lesson_id, title, prompt, scenario, tips, vocabulary_hints, min_duration_seconds, order_index) VALUES
  ('284787c9-4a56-4ec0-b6d3-0afbccf5895e', 'Wunschvorstellungen und Zukunftspläne — Speaking 2', 'Role-play: Imagine you are in a situation related to Diskussion und Argumentation. Have a dialogue with a partner.', 'Speaking practice for Diskussion und Argumentation', ARRAY['Speak slowly and clearly', 'Use full sentences', 'Don''t worry about mistakes', 'Practice 3 times']::text[], ARRAY['Use this lesson''s vocabulary', 'Apply correct grammar']::text[], 60, 2);

INSERT INTO public.lesson_writing (lesson_id, title, task, tips, vocabulary_hints, grammar_focus, word_limit_min, word_limit_max, order_index) VALUES
  ('284787c9-4a56-4ec0-b6d3-0afbccf5895e', 'Wunschvorstellungen und Zukunftspläne — Writing Task 1', 'Write a short text (50-100 words) about wunschvorstellungen und zukunftspläne. Use at least 5 vocabulary words from this lesson. Focus on correct sentence structure.', ARRAY['Use vocabulary from this lesson', 'Check your grammar', 'Write complete sentences']::text[], ARRAY['Apply new vocabulary', 'Use correct articles']::text[], ARRAY['Sentence structure', 'Verb conjugation', 'Article-noun agreement']::text[], 50, 150, 1);

INSERT INTO public.lesson_conversations (lesson_id, title, scenario, role_user, role_ai, context, opening_line, vocabulary_hints, difficulty, order_index) VALUES
  ('284787c9-4a56-4ec0-b6d3-0afbccf5895e', 'Wunschvorstellungen und Zukunftspläne — Conversation 1', 'Practice a realistic conversation about wunschvorstellungen und zukunftspläne in the context of Diskussion und Argumentation.', 'Student', 'Teacher', 'You are a student at B2 level. Practice having a natural German conversation about this lesson''s topic.', 'Hallo! Lass uns über "Wunschvorstellungen und Zukunftspläne" sprechen. Bist du bereit?', ARRAY[]::text[], 'intermediate', 1);

INSERT INTO public.lesson_conversations (lesson_id, title, scenario, role_user, role_ai, context, opening_line, vocabulary_hints, difficulty, order_index) VALUES
  ('284787c9-4a56-4ec0-b6d3-0afbccf5895e', 'Wunschvorstellungen und Zukunftspläne — Conversation 2', 'Practice a realistic conversation about wunschvorstellungen und zukunftspläne in the context of Diskussion und Argumentation.', 'Customer', 'Assistant', 'You are a student at B2 level. Practice having a natural German conversation about this lesson''s topic.', 'Hallo! Lass uns über "Wunschvorstellungen und Zukunftspläne" sprechen. Bist du bereit?', ARRAY[]::text[], 'intermediate', 2);

INSERT INTO public.lesson_ai_challenges (lesson_id, title, question, scenario, expected_elements, tips, difficulty, order_index) VALUES
  ('284787c9-4a56-4ec0-b6d3-0afbccf5895e', 'Wunschvorstellungen und Zukunftspläne — Creative Application', 'Create a short dialogue or story using at least 10 vocabulary words and grammar structures from "Wunschvorstellungen und Zukunftspläne". The dialogue should be realistic and related to Diskussion und Argumentation.', 'Creative practice for Wunschvorstellungen und Zukunftspläne', ARRAY['10+ vocabulary words from the lesson', 'Correct grammar application', 'Realistic and natural dialogue', 'Creative and original content']::text[], ARRAY['Review the lesson material first', 'Take your time to think', 'Be creative and original']::text[], 'easy', 1);

INSERT INTO public.lesson_ai_challenges (lesson_id, title, question, scenario, expected_elements, tips, difficulty, order_index) VALUES
  ('284787c9-4a56-4ec0-b6d3-0afbccf5895e', 'Wunschvorstellungen und Zukunftspläne — Deep Understanding', 'Explain the most important concepts from "Wunschvorstellungen und Zukunftspläne" in your own words. Give 3 original examples for each main concept. What did you find most challenging and why?', 'Creative practice for Wunschvorstellungen und Zukunftspläne', ARRAY['All key concepts covered thoroughly', 'Original examples provided', 'Self-reflection on learning process', 'Questions for the teacher identified']::text[], ARRAY['Review the lesson material first', 'Take your time to think', 'Be creative and original']::text[], 'medium', 2);

INSERT INTO public.lesson_reading (lesson_id, title, content, english_translation, arabic_translation, word_count, difficulty_rating, audio_url, source) VALUES
  ('284787c9-4a56-4ec0-b6d3-0afbccf5895e', 'Wunschvorstellungen und Zukunftspläne — Reading Practice', 'This is a B2-level reading passage about wunschvorstellungen und zukunftspläne in the context of Diskussion und Argumentation.

Wunschvorstellungen und Zukunftspläne is an important topic for German learners. In this lesson, you will learn key vocabulary and grammar structures that will help you communicate effectively in real-life situations.

The module "Diskussion und Argumentation" provides a comprehensive introduction to this topic. By studying this material carefully and practicing regularly, you will build confidence in your German language skills.

Try to read the passage without translating every word. Focus on understanding the main ideas first. Then read again for details. Finally, practice reading aloud to improve your pronunciation.', NULL, NULL, 102, 1, NULL, 'DeutschMentor Curriculum');

INSERT INTO public.lesson_listening (lesson_id, title, transcript, english_translation, arabic_translation, audio_url, duration_seconds, speaker_count, scenario) VALUES
  ('284787c9-4a56-4ec0-b6d3-0afbccf5895e', 'Wunschvorstellungen und Zukunftspläne — Listening Exercise', '[Teacher]: Hallo! Willkommen zur Lektion "Wunschvorstellungen und Zukunftspläne" aus dem Modul "Diskussion und Argumentation".

[Teacher]: Heute lernen wir wichtige Wörter und Sätze. Bitte hören Sie gut zu und wiederholen Sie.

[Student]: Ich bin bereit! Was lernen wir zuerst?

[Teacher]: Wir beginnen mit den Grundlagen. Wiederholen Sie bitte jedes Wort nach mir.

[Student]: Das ist eine gute Übung. Kann ich die Wörter auch in Sätzen hören?

[Teacher]: Natürlich! Ich zeige Ihnen Beispiele für jeden Satz. Dann üben wir zusammen.

[Student]: Perfekt! Vielen Dank für die Hilfe.

[Teacher]: Gern geschehen! Üben Sie zu Hause weiter. Viel Erfolg!', NULL, NULL, NULL, 120, 2, 'Diskussion und Argumentation');

INSERT INTO public.lesson_expressions (lesson_id, german, english_translation, arabic_translation, usage_context, formality, is_idiom, literal_translation, order_index) VALUES
  ('34f159bd-836e-446a-8f7e-cbb82d2cb436', 'Guten Morgen!', 'Good morning!', 'صباح الخير!', 'Used in Kultur und Gesellschaft', 'formal', false, NULL, 1),
  ('34f159bd-836e-446a-8f7e-cbb82d2cb436', 'Guten Tag!', 'Good day!', 'يوم سعيد!', 'Used in Kultur und Gesellschaft', 'formal', false, NULL, 2),
  ('34f159bd-836e-446a-8f7e-cbb82d2cb436', 'Hallo!', 'Hello!', 'مرحباً!', 'Used in Kultur und Gesellschaft', 'informal', false, NULL, 3),
  ('34f159bd-836e-446a-8f7e-cbb82d2cb436', 'Tschüss!', 'Bye!', 'مع السلامة!', 'Used in Kultur und Gesellschaft', 'informal', false, NULL, 4),
  ('34f159bd-836e-446a-8f7e-cbb82d2cb436', 'Auf Wiedersehen!', 'Goodbye!', 'إلى اللقاء!', 'Used in Kultur und Gesellschaft', 'formal', false, NULL, 5),
  ('34f159bd-836e-446a-8f7e-cbb82d2cb436', 'Wie geht es Ihnen?', 'How are you? (formal)', 'كيف حالك؟ (رسمي)', 'Used in Kultur und Gesellschaft', 'formal', false, NULL, 6),
  ('34f159bd-836e-446a-8f7e-cbb82d2cb436', 'Wie geht es dir?', 'How are you? (informal)', 'كيف حالك؟ (غير رسمي)', 'Used in Kultur und Gesellschaft', 'informal', false, NULL, 7),
  ('34f159bd-836e-446a-8f7e-cbb82d2cb436', 'Mir geht es gut, danke.', 'I''m fine, thanks.', 'أنا بخير، شكراً.', 'Used in Kultur und Gesellschaft', 'neutral', false, NULL, 8),
  ('34f159bd-836e-446a-8f7e-cbb82d2cb436', 'Freut mich!', 'Nice to meet you!', 'يسعدني!', 'Used in Kultur und Gesellschaft', 'neutral', false, NULL, 9),
  ('34f159bd-836e-446a-8f7e-cbb82d2cb436', 'Bis später!', 'See you later!', 'أراك لاحقاً!', 'Used in Kultur und Gesellschaft', 'informal', false, NULL, 10);

INSERT INTO public.lesson_flashcards (lesson_id, front, back, hint, category, order_index) VALUES
  ('34f159bd-836e-446a-8f7e-cbb82d2cb436', 'Guten Morgen', 'Good morning', 'Used before noon', 'expression', 1),
  ('34f159bd-836e-446a-8f7e-cbb82d2cb436', 'Guten Abend', 'Good evening', 'Used after 6 PM', 'expression', 2),
  ('34f159bd-836e-446a-8f7e-cbb82d2cb436', 'Tschüss', 'Bye (informal)', 'With friends', 'expression', 3),
  ('34f159bd-836e-446a-8f7e-cbb82d2cb436', 'Auf Wiedersehen', 'Goodbye (formal)', 'Formal situations', 'expression', 4),
  ('34f159bd-836e-446a-8f7e-cbb82d2cb436', 'Bis später', 'See you later', 'Soon again', 'expression', 5),
  ('34f159bd-836e-446a-8f7e-cbb82d2cb436', 'Willkommen', 'Welcome', 'First meeting', 'expression', 6),
  ('34f159bd-836e-446a-8f7e-cbb82d2cb436', 'Entschuldigung', 'Excuse me / Sorry', 'Apology or attention', 'expression', 7),
  ('34f159bd-836e-446a-8f7e-cbb82d2cb436', 'Vielen Dank', 'Thank you very much', 'Gratitude', 'expression', 8);

INSERT INTO public.lesson_homework (lesson_id, title, description, homework_type, tasks, estimated_minutes, order_index) VALUES
  ('34f159bd-836e-446a-8f7e-cbb82d2cb436', 'Homework: Kulturelle Ereignisse und Traditionen', 'Complete these tasks to reinforce "Kulturelle Ereignisse und Traditionen" (Kultur und Gesellschaft).', 'speaking', '[{"description":"Review all vocabulary from \"Kulturelle Ereignisse und Traditionen\" — write each word with its article and plural form."},{"description":"Write 5 sentences using the key words from this lesson."},{"description":"Practice the dialogue aloud 3 times and record yourself."}]', 25, 1);

INSERT INTO public.lesson_reviews (lesson_id, summary, key_points, grammar_summary, vocabulary_focus, common_mistakes_summary, tips) VALUES
  ('34f159bd-836e-446a-8f7e-cbb82d2cb436', 'In this lesson on "Kulturelle Ereignisse und Traditionen" (Kultur und Gesellschaft), you learned key vocabulary concepts at B2 level. Regular practice will help reinforce your understanding and build fluency.', '["Mastered the core vocabulary and expressions of \"Kulturelle Ereignisse und Traditionen\"","Understood and practiced the grammar structures taught","Developed vocabulary skills through targeted exercises","Built confidence in using German in practical situations","Identified areas for further practice and improvement","Connected new knowledge with previously learned material"]', '[{"title":"Key Grammar Points","summary":"Review the grammar rules and structures from this lesson on \"Kulturelle Ereignisse und Traditionen\""}]', ARRAY['"Kulturelle Ereignisse und Traditionen" core vocabulary', 'Kultur und Gesellschaft key terms']::text[], ARRAY['Pay attention to article gender (der/die/das)', 'Verb is always in second position in main clauses', 'Remember: German nouns are always capitalized']::text[], ARRAY['Practice 15-20 minutes daily for best results', 'Use new vocabulary in real sentences immediately', 'Speak out loud to improve pronunciation and fluency', 'Review previous lessons before starting new material']::text[]);

INSERT INTO public.lesson_speaking (lesson_id, title, prompt, scenario, tips, vocabulary_hints, min_duration_seconds, order_index) VALUES
  ('34f159bd-836e-446a-8f7e-cbb82d2cb436', 'Kulturelle Ereignisse und Traditionen — Speaking 1', 'Practice the key vocabulary and phrases from "Kulturelle Ereignisse und Traditionen" aloud. Focus on correct pronunciation.', 'Speaking practice for Kultur und Gesellschaft', ARRAY['Speak slowly and clearly', 'Use full sentences', 'Don''t worry about mistakes', 'Practice 3 times']::text[], ARRAY['Use this lesson''s vocabulary', 'Apply correct grammar']::text[], 30, 1);

INSERT INTO public.lesson_speaking (lesson_id, title, prompt, scenario, tips, vocabulary_hints, min_duration_seconds, order_index) VALUES
  ('34f159bd-836e-446a-8f7e-cbb82d2cb436', 'Kulturelle Ereignisse und Traditionen — Speaking 2', 'Role-play: Imagine you are in a situation related to Kultur und Gesellschaft. Have a dialogue with a partner.', 'Speaking practice for Kultur und Gesellschaft', ARRAY['Speak slowly and clearly', 'Use full sentences', 'Don''t worry about mistakes', 'Practice 3 times']::text[], ARRAY['Use this lesson''s vocabulary', 'Apply correct grammar']::text[], 60, 2);

INSERT INTO public.lesson_writing (lesson_id, title, task, tips, vocabulary_hints, grammar_focus, word_limit_min, word_limit_max, order_index) VALUES
  ('34f159bd-836e-446a-8f7e-cbb82d2cb436', 'Kulturelle Ereignisse und Traditionen — Writing Task 1', 'Write a short text (50-100 words) about kulturelle ereignisse und traditionen. Use at least 5 vocabulary words from this lesson. Focus on correct sentence structure.', ARRAY['Use vocabulary from this lesson', 'Check your grammar', 'Write complete sentences']::text[], ARRAY['Apply new vocabulary', 'Use correct articles']::text[], ARRAY['Sentence structure', 'Verb conjugation', 'Article-noun agreement']::text[], 50, 150, 1);

INSERT INTO public.lesson_conversations (lesson_id, title, scenario, role_user, role_ai, context, opening_line, vocabulary_hints, difficulty, order_index) VALUES
  ('34f159bd-836e-446a-8f7e-cbb82d2cb436', 'Kulturelle Ereignisse und Traditionen — Conversation 1', 'Practice a realistic conversation about kulturelle ereignisse und traditionen in the context of Kultur und Gesellschaft.', 'Student', 'Teacher', 'You are a student at B2 level. Practice having a natural German conversation about this lesson''s topic.', 'Hallo! Lass uns über "Kulturelle Ereignisse und Traditionen" sprechen. Bist du bereit?', ARRAY[]::text[], 'intermediate', 1);

INSERT INTO public.lesson_conversations (lesson_id, title, scenario, role_user, role_ai, context, opening_line, vocabulary_hints, difficulty, order_index) VALUES
  ('34f159bd-836e-446a-8f7e-cbb82d2cb436', 'Kulturelle Ereignisse und Traditionen — Conversation 2', 'Practice a realistic conversation about kulturelle ereignisse und traditionen in the context of Kultur und Gesellschaft.', 'Customer', 'Assistant', 'You are a student at B2 level. Practice having a natural German conversation about this lesson''s topic.', 'Hallo! Lass uns über "Kulturelle Ereignisse und Traditionen" sprechen. Bist du bereit?', ARRAY[]::text[], 'intermediate', 2);

INSERT INTO public.lesson_ai_challenges (lesson_id, title, question, scenario, expected_elements, tips, difficulty, order_index) VALUES
  ('34f159bd-836e-446a-8f7e-cbb82d2cb436', 'Kulturelle Ereignisse und Traditionen — Creative Application', 'Create a short dialogue or story using at least 10 vocabulary words and grammar structures from "Kulturelle Ereignisse und Traditionen". The dialogue should be realistic and related to Kultur und Gesellschaft.', 'Creative practice for Kulturelle Ereignisse und Traditionen', ARRAY['10+ vocabulary words from the lesson', 'Correct grammar application', 'Realistic and natural dialogue', 'Creative and original content']::text[], ARRAY['Review the lesson material first', 'Take your time to think', 'Be creative and original']::text[], 'easy', 1);

INSERT INTO public.lesson_ai_challenges (lesson_id, title, question, scenario, expected_elements, tips, difficulty, order_index) VALUES
  ('34f159bd-836e-446a-8f7e-cbb82d2cb436', 'Kulturelle Ereignisse und Traditionen — Deep Understanding', 'Explain the most important concepts from "Kulturelle Ereignisse und Traditionen" in your own words. Give 3 original examples for each main concept. What did you find most challenging and why?', 'Creative practice for Kulturelle Ereignisse und Traditionen', ARRAY['All key concepts covered thoroughly', 'Original examples provided', 'Self-reflection on learning process', 'Questions for the teacher identified']::text[], ARRAY['Review the lesson material first', 'Take your time to think', 'Be creative and original']::text[], 'medium', 2);

INSERT INTO public.lesson_reading (lesson_id, title, content, english_translation, arabic_translation, word_count, difficulty_rating, audio_url, source) VALUES
  ('34f159bd-836e-446a-8f7e-cbb82d2cb436', 'Kulturelle Ereignisse und Traditionen — Reading Practice', 'This is a B2-level reading passage about kulturelle ereignisse und traditionen in the context of Kultur und Gesellschaft.

Kulturelle Ereignisse und Traditionen is an important topic for German learners. In this lesson, you will learn key vocabulary and grammar structures that will help you communicate effectively in real-life situations.

The module "Kultur und Gesellschaft" provides a comprehensive introduction to this topic. By studying this material carefully and practicing regularly, you will build confidence in your German language skills.

Try to read the passage without translating every word. Focus on understanding the main ideas first. Then read again for details. Finally, practice reading aloud to improve your pronunciation.', NULL, NULL, 104, 1, NULL, 'DeutschMentor Curriculum');

INSERT INTO public.lesson_listening (lesson_id, title, transcript, english_translation, arabic_translation, audio_url, duration_seconds, speaker_count, scenario) VALUES
  ('34f159bd-836e-446a-8f7e-cbb82d2cb436', 'Kulturelle Ereignisse und Traditionen — Listening Exercise', '[Teacher]: Hallo! Willkommen zur Lektion "Kulturelle Ereignisse und Traditionen" aus dem Modul "Kultur und Gesellschaft".

[Teacher]: Heute lernen wir wichtige Wörter und Sätze. Bitte hören Sie gut zu und wiederholen Sie.

[Student]: Ich bin bereit! Was lernen wir zuerst?

[Teacher]: Wir beginnen mit den Grundlagen. Wiederholen Sie bitte jedes Wort nach mir.

[Student]: Das ist eine gute Übung. Kann ich die Wörter auch in Sätzen hören?

[Teacher]: Natürlich! Ich zeige Ihnen Beispiele für jeden Satz. Dann üben wir zusammen.

[Student]: Perfekt! Vielen Dank für die Hilfe.

[Teacher]: Gern geschehen! Üben Sie zu Hause weiter. Viel Erfolg!', NULL, NULL, NULL, 120, 2, 'Kultur und Gesellschaft');

INSERT INTO public.lesson_expressions (lesson_id, german, english_translation, arabic_translation, usage_context, formality, is_idiom, literal_translation, order_index) VALUES
  ('e45eef41-d174-4c72-b9c8-d258dc3c4fbf', 'Guten Morgen!', 'Good morning!', 'صباح الخير!', 'Used in Präsentationen und Vorträge', 'formal', false, NULL, 1),
  ('e45eef41-d174-4c72-b9c8-d258dc3c4fbf', 'Guten Tag!', 'Good day!', 'يوم سعيد!', 'Used in Präsentationen und Vorträge', 'formal', false, NULL, 2),
  ('e45eef41-d174-4c72-b9c8-d258dc3c4fbf', 'Hallo!', 'Hello!', 'مرحباً!', 'Used in Präsentationen und Vorträge', 'informal', false, NULL, 3),
  ('e45eef41-d174-4c72-b9c8-d258dc3c4fbf', 'Tschüss!', 'Bye!', 'مع السلامة!', 'Used in Präsentationen und Vorträge', 'informal', false, NULL, 4),
  ('e45eef41-d174-4c72-b9c8-d258dc3c4fbf', 'Auf Wiedersehen!', 'Goodbye!', 'إلى اللقاء!', 'Used in Präsentationen und Vorträge', 'formal', false, NULL, 5),
  ('e45eef41-d174-4c72-b9c8-d258dc3c4fbf', 'Wie geht es Ihnen?', 'How are you? (formal)', 'كيف حالك؟ (رسمي)', 'Used in Präsentationen und Vorträge', 'formal', false, NULL, 6),
  ('e45eef41-d174-4c72-b9c8-d258dc3c4fbf', 'Wie geht es dir?', 'How are you? (informal)', 'كيف حالك؟ (غير رسمي)', 'Used in Präsentationen und Vorträge', 'informal', false, NULL, 7),
  ('e45eef41-d174-4c72-b9c8-d258dc3c4fbf', 'Mir geht es gut, danke.', 'I''m fine, thanks.', 'أنا بخير، شكراً.', 'Used in Präsentationen und Vorträge', 'neutral', false, NULL, 8),
  ('e45eef41-d174-4c72-b9c8-d258dc3c4fbf', 'Freut mich!', 'Nice to meet you!', 'يسعدني!', 'Used in Präsentationen und Vorträge', 'neutral', false, NULL, 9),
  ('e45eef41-d174-4c72-b9c8-d258dc3c4fbf', 'Bis später!', 'See you later!', 'أراك لاحقاً!', 'Used in Präsentationen und Vorträge', 'informal', false, NULL, 10);

INSERT INTO public.lesson_flashcards (lesson_id, front, back, hint, category, order_index) VALUES
  ('e45eef41-d174-4c72-b9c8-d258dc3c4fbf', 'Guten Morgen', 'Good morning', 'Used before noon', 'expression', 1),
  ('e45eef41-d174-4c72-b9c8-d258dc3c4fbf', 'Guten Abend', 'Good evening', 'Used after 6 PM', 'expression', 2),
  ('e45eef41-d174-4c72-b9c8-d258dc3c4fbf', 'Tschüss', 'Bye (informal)', 'With friends', 'expression', 3),
  ('e45eef41-d174-4c72-b9c8-d258dc3c4fbf', 'Auf Wiedersehen', 'Goodbye (formal)', 'Formal situations', 'expression', 4),
  ('e45eef41-d174-4c72-b9c8-d258dc3c4fbf', 'Bis später', 'See you later', 'Soon again', 'expression', 5),
  ('e45eef41-d174-4c72-b9c8-d258dc3c4fbf', 'Willkommen', 'Welcome', 'First meeting', 'expression', 6),
  ('e45eef41-d174-4c72-b9c8-d258dc3c4fbf', 'Entschuldigung', 'Excuse me / Sorry', 'Apology or attention', 'expression', 7),
  ('e45eef41-d174-4c72-b9c8-d258dc3c4fbf', 'Vielen Dank', 'Thank you very much', 'Gratitude', 'expression', 8);

INSERT INTO public.lesson_homework (lesson_id, title, description, homework_type, tasks, estimated_minutes, order_index) VALUES
  ('e45eef41-d174-4c72-b9c8-d258dc3c4fbf', 'Homework: Visualisierung und Datenpräsentation', 'Complete these tasks to reinforce "Visualisierung und Datenpräsentation" (Präsentationen und Vorträge).', 'reading', '[{"description":"Review all vocabulary from \"Visualisierung und Datenpräsentation\" — write each word with its article and plural form."},{"description":"Write 5 sentences using the key words from this lesson."},{"description":"Practice the dialogue aloud 3 times and record yourself."}]', 15, 1);

INSERT INTO public.lesson_reviews (lesson_id, summary, key_points, grammar_summary, vocabulary_focus, common_mistakes_summary, tips) VALUES
  ('e45eef41-d174-4c72-b9c8-d258dc3c4fbf', 'In this lesson on "Visualisierung und Datenpräsentation" (Präsentationen und Vorträge), you learned key vocabulary concepts at B2 level. Regular practice will help reinforce your understanding and build fluency.', '["Mastered the core vocabulary and expressions of \"Visualisierung und Datenpräsentation\"","Understood and practiced the grammar structures taught","Developed vocabulary skills through targeted exercises","Built confidence in using German in practical situations","Identified areas for further practice and improvement","Connected new knowledge with previously learned material"]', '[{"title":"Key Grammar Points","summary":"Review the grammar rules and structures from this lesson on \"Visualisierung und Datenpräsentation\""}]', ARRAY['"Visualisierung und Datenpräsentation" core vocabulary', 'Präsentationen und Vorträge key terms']::text[], ARRAY['Pay attention to article gender (der/die/das)', 'Verb is always in second position in main clauses', 'Remember: German nouns are always capitalized']::text[], ARRAY['Practice 15-20 minutes daily for best results', 'Use new vocabulary in real sentences immediately', 'Speak out loud to improve pronunciation and fluency', 'Review previous lessons before starting new material']::text[]);

INSERT INTO public.lesson_speaking (lesson_id, title, prompt, scenario, tips, vocabulary_hints, min_duration_seconds, order_index) VALUES
  ('e45eef41-d174-4c72-b9c8-d258dc3c4fbf', 'Visualisierung und Datenpräsentation — Speaking 1', 'Practice the key vocabulary and phrases from "Visualisierung und Datenpräsentation" aloud. Focus on correct pronunciation.', 'Speaking practice for Präsentationen und Vorträge', ARRAY['Speak slowly and clearly', 'Use full sentences', 'Don''t worry about mistakes', 'Practice 3 times']::text[], ARRAY['Use this lesson''s vocabulary', 'Apply correct grammar']::text[], 30, 1);

INSERT INTO public.lesson_speaking (lesson_id, title, prompt, scenario, tips, vocabulary_hints, min_duration_seconds, order_index) VALUES
  ('e45eef41-d174-4c72-b9c8-d258dc3c4fbf', 'Visualisierung und Datenpräsentation — Speaking 2', 'Role-play: Imagine you are in a situation related to Präsentationen und Vorträge. Have a dialogue with a partner.', 'Speaking practice for Präsentationen und Vorträge', ARRAY['Speak slowly and clearly', 'Use full sentences', 'Don''t worry about mistakes', 'Practice 3 times']::text[], ARRAY['Use this lesson''s vocabulary', 'Apply correct grammar']::text[], 60, 2);

INSERT INTO public.lesson_writing (lesson_id, title, task, tips, vocabulary_hints, grammar_focus, word_limit_min, word_limit_max, order_index) VALUES
  ('e45eef41-d174-4c72-b9c8-d258dc3c4fbf', 'Visualisierung und Datenpräsentation — Writing Task 1', 'Write a short text (50-100 words) about visualisierung und datenpräsentation. Use at least 5 vocabulary words from this lesson. Focus on correct sentence structure.', ARRAY['Use vocabulary from this lesson', 'Check your grammar', 'Write complete sentences']::text[], ARRAY['Apply new vocabulary', 'Use correct articles']::text[], ARRAY['Sentence structure', 'Verb conjugation', 'Article-noun agreement']::text[], 50, 150, 1);

INSERT INTO public.lesson_conversations (lesson_id, title, scenario, role_user, role_ai, context, opening_line, vocabulary_hints, difficulty, order_index) VALUES
  ('e45eef41-d174-4c72-b9c8-d258dc3c4fbf', 'Visualisierung und Datenpräsentation — Conversation 1', 'Practice a realistic conversation about visualisierung und datenpräsentation in the context of Präsentationen und Vorträge.', 'Student', 'Teacher', 'You are a student at B2 level. Practice having a natural German conversation about this lesson''s topic.', 'Hallo! Lass uns über "Visualisierung und Datenpräsentation" sprechen. Bist du bereit?', ARRAY[]::text[], 'intermediate', 1);

INSERT INTO public.lesson_conversations (lesson_id, title, scenario, role_user, role_ai, context, opening_line, vocabulary_hints, difficulty, order_index) VALUES
  ('e45eef41-d174-4c72-b9c8-d258dc3c4fbf', 'Visualisierung und Datenpräsentation — Conversation 2', 'Practice a realistic conversation about visualisierung und datenpräsentation in the context of Präsentationen und Vorträge.', 'Customer', 'Assistant', 'You are a student at B2 level. Practice having a natural German conversation about this lesson''s topic.', 'Hallo! Lass uns über "Visualisierung und Datenpräsentation" sprechen. Bist du bereit?', ARRAY[]::text[], 'intermediate', 2);

INSERT INTO public.lesson_ai_challenges (lesson_id, title, question, scenario, expected_elements, tips, difficulty, order_index) VALUES
  ('e45eef41-d174-4c72-b9c8-d258dc3c4fbf', 'Visualisierung und Datenpräsentation — Creative Application', 'Create a short dialogue or story using at least 10 vocabulary words and grammar structures from "Visualisierung und Datenpräsentation". The dialogue should be realistic and related to Präsentationen und Vorträge.', 'Creative practice for Visualisierung und Datenpräsentation', ARRAY['10+ vocabulary words from the lesson', 'Correct grammar application', 'Realistic and natural dialogue', 'Creative and original content']::text[], ARRAY['Review the lesson material first', 'Take your time to think', 'Be creative and original']::text[], 'easy', 1);

INSERT INTO public.lesson_ai_challenges (lesson_id, title, question, scenario, expected_elements, tips, difficulty, order_index) VALUES
  ('e45eef41-d174-4c72-b9c8-d258dc3c4fbf', 'Visualisierung und Datenpräsentation — Deep Understanding', 'Explain the most important concepts from "Visualisierung und Datenpräsentation" in your own words. Give 3 original examples for each main concept. What did you find most challenging and why?', 'Creative practice for Visualisierung und Datenpräsentation', ARRAY['All key concepts covered thoroughly', 'Original examples provided', 'Self-reflection on learning process', 'Questions for the teacher identified']::text[], ARRAY['Review the lesson material first', 'Take your time to think', 'Be creative and original']::text[], 'medium', 2);

INSERT INTO public.lesson_reading (lesson_id, title, content, english_translation, arabic_translation, word_count, difficulty_rating, audio_url, source) VALUES
  ('e45eef41-d174-4c72-b9c8-d258dc3c4fbf', 'Visualisierung und Datenpräsentation — Reading Practice', 'This is a B2-level reading passage about visualisierung und datenpräsentation in the context of Präsentationen und Vorträge.

Visualisierung und Datenpräsentation is an important topic for German learners. In this lesson, you will learn key vocabulary and grammar structures that will help you communicate effectively in real-life situations.

The module "Präsentationen und Vorträge" provides a comprehensive introduction to this topic. By studying this material carefully and practicing regularly, you will build confidence in your German language skills.

Try to read the passage without translating every word. Focus on understanding the main ideas first. Then read again for details. Finally, practice reading aloud to improve your pronunciation.', NULL, NULL, 102, 1, NULL, 'DeutschMentor Curriculum');

INSERT INTO public.lesson_listening (lesson_id, title, transcript, english_translation, arabic_translation, audio_url, duration_seconds, speaker_count, scenario) VALUES
  ('e45eef41-d174-4c72-b9c8-d258dc3c4fbf', 'Visualisierung und Datenpräsentation — Listening Exercise', '[Teacher]: Hallo! Willkommen zur Lektion "Visualisierung und Datenpräsentation" aus dem Modul "Präsentationen und Vorträge".

[Teacher]: Heute lernen wir wichtige Wörter und Sätze. Bitte hören Sie gut zu und wiederholen Sie.

[Student]: Ich bin bereit! Was lernen wir zuerst?

[Teacher]: Wir beginnen mit den Grundlagen. Wiederholen Sie bitte jedes Wort nach mir.

[Student]: Das ist eine gute Übung. Kann ich die Wörter auch in Sätzen hören?

[Teacher]: Natürlich! Ich zeige Ihnen Beispiele für jeden Satz. Dann üben wir zusammen.

[Student]: Perfekt! Vielen Dank für die Hilfe.

[Teacher]: Gern geschehen! Üben Sie zu Hause weiter. Viel Erfolg!', NULL, NULL, NULL, 120, 2, 'Präsentationen und Vorträge');

INSERT INTO public.lesson_expressions (lesson_id, german, english_translation, arabic_translation, usage_context, formality, is_idiom, literal_translation, order_index) VALUES
  ('60add48c-3dc6-4d53-a54e-1cb5276fa877', 'Guten Morgen!', 'Good morning!', 'صباح الخير!', 'Used in Wirtschaft und Politik', 'formal', false, NULL, 1),
  ('60add48c-3dc6-4d53-a54e-1cb5276fa877', 'Guten Tag!', 'Good day!', 'يوم سعيد!', 'Used in Wirtschaft und Politik', 'formal', false, NULL, 2),
  ('60add48c-3dc6-4d53-a54e-1cb5276fa877', 'Hallo!', 'Hello!', 'مرحباً!', 'Used in Wirtschaft und Politik', 'informal', false, NULL, 3),
  ('60add48c-3dc6-4d53-a54e-1cb5276fa877', 'Tschüss!', 'Bye!', 'مع السلامة!', 'Used in Wirtschaft und Politik', 'informal', false, NULL, 4),
  ('60add48c-3dc6-4d53-a54e-1cb5276fa877', 'Auf Wiedersehen!', 'Goodbye!', 'إلى اللقاء!', 'Used in Wirtschaft und Politik', 'formal', false, NULL, 5),
  ('60add48c-3dc6-4d53-a54e-1cb5276fa877', 'Wie geht es Ihnen?', 'How are you? (formal)', 'كيف حالك؟ (رسمي)', 'Used in Wirtschaft und Politik', 'formal', false, NULL, 6),
  ('60add48c-3dc6-4d53-a54e-1cb5276fa877', 'Wie geht es dir?', 'How are you? (informal)', 'كيف حالك؟ (غير رسمي)', 'Used in Wirtschaft und Politik', 'informal', false, NULL, 7),
  ('60add48c-3dc6-4d53-a54e-1cb5276fa877', 'Mir geht es gut, danke.', 'I''m fine, thanks.', 'أنا بخير، شكراً.', 'Used in Wirtschaft und Politik', 'neutral', false, NULL, 8),
  ('60add48c-3dc6-4d53-a54e-1cb5276fa877', 'Freut mich!', 'Nice to meet you!', 'يسعدني!', 'Used in Wirtschaft und Politik', 'neutral', false, NULL, 9),
  ('60add48c-3dc6-4d53-a54e-1cb5276fa877', 'Bis später!', 'See you later!', 'أراك لاحقاً!', 'Used in Wirtschaft und Politik', 'informal', false, NULL, 10);

INSERT INTO public.lesson_flashcards (lesson_id, front, back, hint, category, order_index) VALUES
  ('60add48c-3dc6-4d53-a54e-1cb5276fa877', 'Guten Morgen', 'Good morning', 'Used before noon', 'expression', 1),
  ('60add48c-3dc6-4d53-a54e-1cb5276fa877', 'Guten Abend', 'Good evening', 'Used after 6 PM', 'expression', 2),
  ('60add48c-3dc6-4d53-a54e-1cb5276fa877', 'Tschüss', 'Bye (informal)', 'With friends', 'expression', 3),
  ('60add48c-3dc6-4d53-a54e-1cb5276fa877', 'Auf Wiedersehen', 'Goodbye (formal)', 'Formal situations', 'expression', 4),
  ('60add48c-3dc6-4d53-a54e-1cb5276fa877', 'Bis später', 'See you later', 'Soon again', 'expression', 5),
  ('60add48c-3dc6-4d53-a54e-1cb5276fa877', 'Willkommen', 'Welcome', 'First meeting', 'expression', 6),
  ('60add48c-3dc6-4d53-a54e-1cb5276fa877', 'Entschuldigung', 'Excuse me / Sorry', 'Apology or attention', 'expression', 7),
  ('60add48c-3dc6-4d53-a54e-1cb5276fa877', 'Vielen Dank', 'Thank you very much', 'Gratitude', 'expression', 8);

INSERT INTO public.lesson_homework (lesson_id, title, description, homework_type, tasks, estimated_minutes, order_index) VALUES
  ('60add48c-3dc6-4d53-a54e-1cb5276fa877', 'Homework: Politisches System und Prozesse', 'Complete these tasks to reinforce "Politisches System und Prozesse" (Wirtschaft und Politik).', 'grammar', '[{"description":"Review all vocabulary from \"Politisches System und Prozesse\" — write each word with its article and plural form."},{"description":"Write 5 sentences using the key words from this lesson."},{"description":"Practice the dialogue aloud 3 times and record yourself."}]', 20, 1);

INSERT INTO public.lesson_reviews (lesson_id, summary, key_points, grammar_summary, vocabulary_focus, common_mistakes_summary, tips) VALUES
  ('60add48c-3dc6-4d53-a54e-1cb5276fa877', 'In this lesson on "Politisches System und Prozesse" (Wirtschaft und Politik), you learned key vocabulary concepts at B2 level. Regular practice will help reinforce your understanding and build fluency.', '["Mastered the core vocabulary and expressions of \"Politisches System und Prozesse\"","Understood and practiced the grammar structures taught","Developed vocabulary skills through targeted exercises","Built confidence in using German in practical situations","Identified areas for further practice and improvement","Connected new knowledge with previously learned material"]', '[{"title":"Key Grammar Points","summary":"Review the grammar rules and structures from this lesson on \"Politisches System und Prozesse\""}]', ARRAY['"Politisches System und Prozesse" core vocabulary', 'Wirtschaft und Politik key terms']::text[], ARRAY['Pay attention to article gender (der/die/das)', 'Verb is always in second position in main clauses', 'Remember: German nouns are always capitalized']::text[], ARRAY['Practice 15-20 minutes daily for best results', 'Use new vocabulary in real sentences immediately', 'Speak out loud to improve pronunciation and fluency', 'Review previous lessons before starting new material']::text[]);

INSERT INTO public.lesson_speaking (lesson_id, title, prompt, scenario, tips, vocabulary_hints, min_duration_seconds, order_index) VALUES
  ('60add48c-3dc6-4d53-a54e-1cb5276fa877', 'Politisches System und Prozesse — Speaking 1', 'Practice the key vocabulary and phrases from "Politisches System und Prozesse" aloud. Focus on correct pronunciation.', 'Speaking practice for Wirtschaft und Politik', ARRAY['Speak slowly and clearly', 'Use full sentences', 'Don''t worry about mistakes', 'Practice 3 times']::text[], ARRAY['Use this lesson''s vocabulary', 'Apply correct grammar']::text[], 30, 1);

INSERT INTO public.lesson_speaking (lesson_id, title, prompt, scenario, tips, vocabulary_hints, min_duration_seconds, order_index) VALUES
  ('60add48c-3dc6-4d53-a54e-1cb5276fa877', 'Politisches System und Prozesse — Speaking 2', 'Role-play: Imagine you are in a situation related to Wirtschaft und Politik. Have a dialogue with a partner.', 'Speaking practice for Wirtschaft und Politik', ARRAY['Speak slowly and clearly', 'Use full sentences', 'Don''t worry about mistakes', 'Practice 3 times']::text[], ARRAY['Use this lesson''s vocabulary', 'Apply correct grammar']::text[], 60, 2);

INSERT INTO public.lesson_writing (lesson_id, title, task, tips, vocabulary_hints, grammar_focus, word_limit_min, word_limit_max, order_index) VALUES
  ('60add48c-3dc6-4d53-a54e-1cb5276fa877', 'Politisches System und Prozesse — Writing Task 1', 'Write a short text (50-100 words) about politisches system und prozesse. Use at least 5 vocabulary words from this lesson. Focus on correct sentence structure.', ARRAY['Use vocabulary from this lesson', 'Check your grammar', 'Write complete sentences']::text[], ARRAY['Apply new vocabulary', 'Use correct articles']::text[], ARRAY['Sentence structure', 'Verb conjugation', 'Article-noun agreement']::text[], 50, 150, 1);

INSERT INTO public.lesson_conversations (lesson_id, title, scenario, role_user, role_ai, context, opening_line, vocabulary_hints, difficulty, order_index) VALUES
  ('60add48c-3dc6-4d53-a54e-1cb5276fa877', 'Politisches System und Prozesse — Conversation 1', 'Practice a realistic conversation about politisches system und prozesse in the context of Wirtschaft und Politik.', 'Student', 'Teacher', 'You are a student at B2 level. Practice having a natural German conversation about this lesson''s topic.', 'Hallo! Lass uns über "Politisches System und Prozesse" sprechen. Bist du bereit?', ARRAY[]::text[], 'intermediate', 1);

INSERT INTO public.lesson_conversations (lesson_id, title, scenario, role_user, role_ai, context, opening_line, vocabulary_hints, difficulty, order_index) VALUES
  ('60add48c-3dc6-4d53-a54e-1cb5276fa877', 'Politisches System und Prozesse — Conversation 2', 'Practice a realistic conversation about politisches system und prozesse in the context of Wirtschaft und Politik.', 'Customer', 'Assistant', 'You are a student at B2 level. Practice having a natural German conversation about this lesson''s topic.', 'Hallo! Lass uns über "Politisches System und Prozesse" sprechen. Bist du bereit?', ARRAY[]::text[], 'intermediate', 2);

INSERT INTO public.lesson_ai_challenges (lesson_id, title, question, scenario, expected_elements, tips, difficulty, order_index) VALUES
  ('60add48c-3dc6-4d53-a54e-1cb5276fa877', 'Politisches System und Prozesse — Creative Application', 'Create a short dialogue or story using at least 10 vocabulary words and grammar structures from "Politisches System und Prozesse". The dialogue should be realistic and related to Wirtschaft und Politik.', 'Creative practice for Politisches System und Prozesse', ARRAY['10+ vocabulary words from the lesson', 'Correct grammar application', 'Realistic and natural dialogue', 'Creative and original content']::text[], ARRAY['Review the lesson material first', 'Take your time to think', 'Be creative and original']::text[], 'easy', 1);

INSERT INTO public.lesson_ai_challenges (lesson_id, title, question, scenario, expected_elements, tips, difficulty, order_index) VALUES
  ('60add48c-3dc6-4d53-a54e-1cb5276fa877', 'Politisches System und Prozesse — Deep Understanding', 'Explain the most important concepts from "Politisches System und Prozesse" in your own words. Give 3 original examples for each main concept. What did you find most challenging and why?', 'Creative practice for Politisches System und Prozesse', ARRAY['All key concepts covered thoroughly', 'Original examples provided', 'Self-reflection on learning process', 'Questions for the teacher identified']::text[], ARRAY['Review the lesson material first', 'Take your time to think', 'Be creative and original']::text[], 'medium', 2);

INSERT INTO public.lesson_reading (lesson_id, title, content, english_translation, arabic_translation, word_count, difficulty_rating, audio_url, source) VALUES
  ('60add48c-3dc6-4d53-a54e-1cb5276fa877', 'Politisches System und Prozesse — Reading Practice', 'This is a B2-level reading passage about politisches system und prozesse in the context of Wirtschaft und Politik.

Politisches System und Prozesse is an important topic for German learners. In this lesson, you will learn key vocabulary and grammar structures that will help you communicate effectively in real-life situations.

The module "Wirtschaft und Politik" provides a comprehensive introduction to this topic. By studying this material carefully and practicing regularly, you will build confidence in your German language skills.

Try to read the passage without translating every word. Focus on understanding the main ideas first. Then read again for details. Finally, practice reading aloud to improve your pronunciation.', NULL, NULL, 104, 1, NULL, 'DeutschMentor Curriculum');

INSERT INTO public.lesson_listening (lesson_id, title, transcript, english_translation, arabic_translation, audio_url, duration_seconds, speaker_count, scenario) VALUES
  ('60add48c-3dc6-4d53-a54e-1cb5276fa877', 'Politisches System und Prozesse — Listening Exercise', '[Teacher]: Hallo! Willkommen zur Lektion "Politisches System und Prozesse" aus dem Modul "Wirtschaft und Politik".

[Teacher]: Heute lernen wir wichtige Wörter und Sätze. Bitte hören Sie gut zu und wiederholen Sie.

[Student]: Ich bin bereit! Was lernen wir zuerst?

[Teacher]: Wir beginnen mit den Grundlagen. Wiederholen Sie bitte jedes Wort nach mir.

[Student]: Das ist eine gute Übung. Kann ich die Wörter auch in Sätzen hören?

[Teacher]: Natürlich! Ich zeige Ihnen Beispiele für jeden Satz. Dann üben wir zusammen.

[Student]: Perfekt! Vielen Dank für die Hilfe.

[Teacher]: Gern geschehen! Üben Sie zu Hause weiter. Viel Erfolg!', NULL, NULL, NULL, 120, 2, 'Wirtschaft und Politik');

INSERT INTO public.lesson_expressions (lesson_id, german, english_translation, arabic_translation, usage_context, formality, is_idiom, literal_translation, order_index) VALUES
  ('1e43bfaa-c48b-4f24-be18-e42f6c9152eb', 'Guten Morgen!', 'Good morning!', 'صباح الخير!', 'Used in Fachsprache und Terminologie', 'formal', false, NULL, 1),
  ('1e43bfaa-c48b-4f24-be18-e42f6c9152eb', 'Guten Tag!', 'Good day!', 'يوم سعيد!', 'Used in Fachsprache und Terminologie', 'formal', false, NULL, 2),
  ('1e43bfaa-c48b-4f24-be18-e42f6c9152eb', 'Hallo!', 'Hello!', 'مرحباً!', 'Used in Fachsprache und Terminologie', 'informal', false, NULL, 3),
  ('1e43bfaa-c48b-4f24-be18-e42f6c9152eb', 'Tschüss!', 'Bye!', 'مع السلامة!', 'Used in Fachsprache und Terminologie', 'informal', false, NULL, 4),
  ('1e43bfaa-c48b-4f24-be18-e42f6c9152eb', 'Auf Wiedersehen!', 'Goodbye!', 'إلى اللقاء!', 'Used in Fachsprache und Terminologie', 'formal', false, NULL, 5),
  ('1e43bfaa-c48b-4f24-be18-e42f6c9152eb', 'Wie geht es Ihnen?', 'How are you? (formal)', 'كيف حالك؟ (رسمي)', 'Used in Fachsprache und Terminologie', 'formal', false, NULL, 6),
  ('1e43bfaa-c48b-4f24-be18-e42f6c9152eb', 'Wie geht es dir?', 'How are you? (informal)', 'كيف حالك؟ (غير رسمي)', 'Used in Fachsprache und Terminologie', 'informal', false, NULL, 7),
  ('1e43bfaa-c48b-4f24-be18-e42f6c9152eb', 'Mir geht es gut, danke.', 'I''m fine, thanks.', 'أنا بخير، شكراً.', 'Used in Fachsprache und Terminologie', 'neutral', false, NULL, 8),
  ('1e43bfaa-c48b-4f24-be18-e42f6c9152eb', 'Freut mich!', 'Nice to meet you!', 'يسعدني!', 'Used in Fachsprache und Terminologie', 'neutral', false, NULL, 9),
  ('1e43bfaa-c48b-4f24-be18-e42f6c9152eb', 'Bis später!', 'See you later!', 'أراك لاحقاً!', 'Used in Fachsprache und Terminologie', 'informal', false, NULL, 10);

INSERT INTO public.lesson_flashcards (lesson_id, front, back, hint, category, order_index) VALUES
  ('1e43bfaa-c48b-4f24-be18-e42f6c9152eb', 'Guten Morgen', 'Good morning', 'Used before noon', 'expression', 1),
  ('1e43bfaa-c48b-4f24-be18-e42f6c9152eb', 'Guten Abend', 'Good evening', 'Used after 6 PM', 'expression', 2),
  ('1e43bfaa-c48b-4f24-be18-e42f6c9152eb', 'Tschüss', 'Bye (informal)', 'With friends', 'expression', 3),
  ('1e43bfaa-c48b-4f24-be18-e42f6c9152eb', 'Auf Wiedersehen', 'Goodbye (formal)', 'Formal situations', 'expression', 4),
  ('1e43bfaa-c48b-4f24-be18-e42f6c9152eb', 'Bis später', 'See you later', 'Soon again', 'expression', 5),
  ('1e43bfaa-c48b-4f24-be18-e42f6c9152eb', 'Willkommen', 'Welcome', 'First meeting', 'expression', 6),
  ('1e43bfaa-c48b-4f24-be18-e42f6c9152eb', 'Entschuldigung', 'Excuse me / Sorry', 'Apology or attention', 'expression', 7),
  ('1e43bfaa-c48b-4f24-be18-e42f6c9152eb', 'Vielen Dank', 'Thank you very much', 'Gratitude', 'expression', 8);

INSERT INTO public.lesson_homework (lesson_id, title, description, homework_type, tasks, estimated_minutes, order_index) VALUES
  ('1e43bfaa-c48b-4f24-be18-e42f6c9152eb', 'Homework: Technische Prozesse und Abläufe', 'Complete these tasks to reinforce "Technische Prozesse und Abläufe" (Fachsprache und Terminologie).', 'mixed', '[{"description":"Review all vocabulary from \"Technische Prozesse und Abläufe\" — write each word with its article and plural form."},{"description":"Write 5 sentences using the key words from this lesson."},{"description":"Practice the dialogue aloud 3 times and record yourself."}]', 25, 1);

INSERT INTO public.lesson_reviews (lesson_id, summary, key_points, grammar_summary, vocabulary_focus, common_mistakes_summary, tips) VALUES
  ('1e43bfaa-c48b-4f24-be18-e42f6c9152eb', 'In this lesson on "Technische Prozesse und Abläufe" (Fachsprache und Terminologie), you learned key vocabulary concepts at B2 level. Regular practice will help reinforce your understanding and build fluency.', '["Mastered the core vocabulary and expressions of \"Technische Prozesse und Abläufe\"","Understood and practiced the grammar structures taught","Developed vocabulary skills through targeted exercises","Built confidence in using German in practical situations","Identified areas for further practice and improvement","Connected new knowledge with previously learned material"]', '[{"title":"Key Grammar Points","summary":"Review the grammar rules and structures from this lesson on \"Technische Prozesse und Abläufe\""}]', ARRAY['"Technische Prozesse und Abläufe" core vocabulary', 'Fachsprache und Terminologie key terms']::text[], ARRAY['Pay attention to article gender (der/die/das)', 'Verb is always in second position in main clauses', 'Remember: German nouns are always capitalized']::text[], ARRAY['Practice 15-20 minutes daily for best results', 'Use new vocabulary in real sentences immediately', 'Speak out loud to improve pronunciation and fluency', 'Review previous lessons before starting new material']::text[]);

INSERT INTO public.lesson_speaking (lesson_id, title, prompt, scenario, tips, vocabulary_hints, min_duration_seconds, order_index) VALUES
  ('1e43bfaa-c48b-4f24-be18-e42f6c9152eb', 'Technische Prozesse und Abläufe — Speaking 1', 'Practice the key vocabulary and phrases from "Technische Prozesse und Abläufe" aloud. Focus on correct pronunciation.', 'Speaking practice for Fachsprache und Terminologie', ARRAY['Speak slowly and clearly', 'Use full sentences', 'Don''t worry about mistakes', 'Practice 3 times']::text[], ARRAY['Use this lesson''s vocabulary', 'Apply correct grammar']::text[], 30, 1);

INSERT INTO public.lesson_speaking (lesson_id, title, prompt, scenario, tips, vocabulary_hints, min_duration_seconds, order_index) VALUES
  ('1e43bfaa-c48b-4f24-be18-e42f6c9152eb', 'Technische Prozesse und Abläufe — Speaking 2', 'Role-play: Imagine you are in a situation related to Fachsprache und Terminologie. Have a dialogue with a partner.', 'Speaking practice for Fachsprache und Terminologie', ARRAY['Speak slowly and clearly', 'Use full sentences', 'Don''t worry about mistakes', 'Practice 3 times']::text[], ARRAY['Use this lesson''s vocabulary', 'Apply correct grammar']::text[], 60, 2);

INSERT INTO public.lesson_writing (lesson_id, title, task, tips, vocabulary_hints, grammar_focus, word_limit_min, word_limit_max, order_index) VALUES
  ('1e43bfaa-c48b-4f24-be18-e42f6c9152eb', 'Technische Prozesse und Abläufe — Writing Task 1', 'Write a short text (50-100 words) about technische prozesse und abläufe. Use at least 5 vocabulary words from this lesson. Focus on correct sentence structure.', ARRAY['Use vocabulary from this lesson', 'Check your grammar', 'Write complete sentences']::text[], ARRAY['Apply new vocabulary', 'Use correct articles']::text[], ARRAY['Sentence structure', 'Verb conjugation', 'Article-noun agreement']::text[], 50, 150, 1);

INSERT INTO public.lesson_conversations (lesson_id, title, scenario, role_user, role_ai, context, opening_line, vocabulary_hints, difficulty, order_index) VALUES
  ('1e43bfaa-c48b-4f24-be18-e42f6c9152eb', 'Technische Prozesse und Abläufe — Conversation 1', 'Practice a realistic conversation about technische prozesse und abläufe in the context of Fachsprache und Terminologie.', 'Student', 'Teacher', 'You are a student at B2 level. Practice having a natural German conversation about this lesson''s topic.', 'Hallo! Lass uns über "Technische Prozesse und Abläufe" sprechen. Bist du bereit?', ARRAY[]::text[], 'intermediate', 1);

INSERT INTO public.lesson_conversations (lesson_id, title, scenario, role_user, role_ai, context, opening_line, vocabulary_hints, difficulty, order_index) VALUES
  ('1e43bfaa-c48b-4f24-be18-e42f6c9152eb', 'Technische Prozesse und Abläufe — Conversation 2', 'Practice a realistic conversation about technische prozesse und abläufe in the context of Fachsprache und Terminologie.', 'Customer', 'Assistant', 'You are a student at B2 level. Practice having a natural German conversation about this lesson''s topic.', 'Hallo! Lass uns über "Technische Prozesse und Abläufe" sprechen. Bist du bereit?', ARRAY[]::text[], 'intermediate', 2);

INSERT INTO public.lesson_ai_challenges (lesson_id, title, question, scenario, expected_elements, tips, difficulty, order_index) VALUES
  ('1e43bfaa-c48b-4f24-be18-e42f6c9152eb', 'Technische Prozesse und Abläufe — Creative Application', 'Create a short dialogue or story using at least 10 vocabulary words and grammar structures from "Technische Prozesse und Abläufe". The dialogue should be realistic and related to Fachsprache und Terminologie.', 'Creative practice for Technische Prozesse und Abläufe', ARRAY['10+ vocabulary words from the lesson', 'Correct grammar application', 'Realistic and natural dialogue', 'Creative and original content']::text[], ARRAY['Review the lesson material first', 'Take your time to think', 'Be creative and original']::text[], 'easy', 1);

INSERT INTO public.lesson_ai_challenges (lesson_id, title, question, scenario, expected_elements, tips, difficulty, order_index) VALUES
  ('1e43bfaa-c48b-4f24-be18-e42f6c9152eb', 'Technische Prozesse und Abläufe — Deep Understanding', 'Explain the most important concepts from "Technische Prozesse und Abläufe" in your own words. Give 3 original examples for each main concept. What did you find most challenging and why?', 'Creative practice for Technische Prozesse und Abläufe', ARRAY['All key concepts covered thoroughly', 'Original examples provided', 'Self-reflection on learning process', 'Questions for the teacher identified']::text[], ARRAY['Review the lesson material first', 'Take your time to think', 'Be creative and original']::text[], 'medium', 2);

INSERT INTO public.lesson_reading (lesson_id, title, content, english_translation, arabic_translation, word_count, difficulty_rating, audio_url, source) VALUES
  ('1e43bfaa-c48b-4f24-be18-e42f6c9152eb', 'Technische Prozesse und Abläufe — Reading Practice', 'This is a B2-level reading passage about technische prozesse und abläufe in the context of Fachsprache und Terminologie.

Technische Prozesse und Abläufe is an important topic for German learners. In this lesson, you will learn key vocabulary and grammar structures that will help you communicate effectively in real-life situations.

The module "Fachsprache und Terminologie" provides a comprehensive introduction to this topic. By studying this material carefully and practicing regularly, you will build confidence in your German language skills.

Try to read the passage without translating every word. Focus on understanding the main ideas first. Then read again for details. Finally, practice reading aloud to improve your pronunciation.', NULL, NULL, 104, 1, NULL, 'DeutschMentor Curriculum');

INSERT INTO public.lesson_listening (lesson_id, title, transcript, english_translation, arabic_translation, audio_url, duration_seconds, speaker_count, scenario) VALUES
  ('1e43bfaa-c48b-4f24-be18-e42f6c9152eb', 'Technische Prozesse und Abläufe — Listening Exercise', '[Teacher]: Hallo! Willkommen zur Lektion "Technische Prozesse und Abläufe" aus dem Modul "Fachsprache und Terminologie".

[Teacher]: Heute lernen wir wichtige Wörter und Sätze. Bitte hören Sie gut zu und wiederholen Sie.

[Student]: Ich bin bereit! Was lernen wir zuerst?

[Teacher]: Wir beginnen mit den Grundlagen. Wiederholen Sie bitte jedes Wort nach mir.

[Student]: Das ist eine gute Übung. Kann ich die Wörter auch in Sätzen hören?

[Teacher]: Natürlich! Ich zeige Ihnen Beispiele für jeden Satz. Dann üben wir zusammen.

[Student]: Perfekt! Vielen Dank für die Hilfe.

[Teacher]: Gern geschehen! Üben Sie zu Hause weiter. Viel Erfolg!', NULL, NULL, NULL, 120, 2, 'Fachsprache und Terminologie');

INSERT INTO public.lesson_expressions (lesson_id, german, english_translation, arabic_translation, usage_context, formality, is_idiom, literal_translation, order_index) VALUES
  ('fb2477db-1618-4263-b64b-bdd2024228ba', 'Der Mann geht nach Hause.', 'The man goes home.', 'الرجل يذهب إلى المنزل.', 'Used in Kultur und Gesellschaft', 'neutral', false, NULL, 1),
  ('fb2477db-1618-4263-b64b-bdd2024228ba', 'Die Frau kommt aus Berlin.', 'The woman comes from Berlin.', 'المرأة تأتي من برلين.', 'Used in Kultur und Gesellschaft', 'neutral', false, NULL, 2),
  ('fb2477db-1618-4263-b64b-bdd2024228ba', 'Das Kind spielt im Garten.', 'The child plays in the garden.', 'الطفل يلعب في الحديقة.', 'Used in Kultur und Gesellschaft', 'neutral', false, NULL, 3),
  ('fb2477db-1618-4263-b64b-bdd2024228ba', 'Ich habe einen Hund.', 'I have a dog.', 'لدي كلب.', 'Used in Kultur und Gesellschaft', 'neutral', false, NULL, 4),
  ('fb2477db-1618-4263-b64b-bdd2024228ba', 'Kannst du mir helfen?', 'Can you help me?', 'هل يمكنك مساعدتي؟', 'Used in Kultur und Gesellschaft', 'informal', false, NULL, 5),
  ('fb2477db-1618-4263-b64b-bdd2024228ba', 'Wir müssen jetzt gehen.', 'We must go now.', 'يجب أن نذهب الآن.', 'Used in Kultur und Gesellschaft', 'neutral', false, NULL, 6),
  ('fb2477db-1618-4263-b64b-bdd2024228ba', 'Er ist gestern gekommen.', 'He came yesterday.', 'لقد أمس أتى.', 'Used in Kultur und Gesellschaft', 'neutral', false, NULL, 7),
  ('fb2477db-1618-4263-b64b-bdd2024228ba', 'Sie hat ein Buch gelesen.', 'She read a book.', 'هي قرأت كتاباً.', 'Used in Kultur und Gesellschaft', 'neutral', false, NULL, 8);

INSERT INTO public.lesson_flashcards (lesson_id, front, back, hint, category, order_index) VALUES
  ('fb2477db-1618-4263-b64b-bdd2024228ba', 'der', 'the (masculine)', 'Article for male nouns', 'grammar', 1),
  ('fb2477db-1618-4263-b64b-bdd2024228ba', 'die', 'the (feminine/plural)', 'Article for female/plural', 'grammar', 2),
  ('fb2477db-1618-4263-b64b-bdd2024228ba', 'das', 'the (neuter)', 'Article for neutral nouns', 'grammar', 3),
  ('fb2477db-1618-4263-b64b-bdd2024228ba', 'ein', 'a (masculine/neuter)', 'Indefinite article', 'grammar', 4),
  ('fb2477db-1618-4263-b64b-bdd2024228ba', 'eine', 'a (feminine)', 'Indefinite article', 'grammar', 5),
  ('fb2477db-1618-4263-b64b-bdd2024228ba', 'ich', 'I', 'First person singular', 'grammar', 6),
  ('fb2477db-1618-4263-b64b-bdd2024228ba', 'du', 'you (informal)', 'Second person singular', 'grammar', 7),
  ('fb2477db-1618-4263-b64b-bdd2024228ba', 'Sie', 'you (formal)', 'Capital S', 'grammar', 8);

INSERT INTO public.lesson_homework (lesson_id, title, description, homework_type, tasks, estimated_minutes, order_index) VALUES
  ('fb2477db-1618-4263-b64b-bdd2024228ba', 'Homework: Grammatik: Nomen-Verb-Verbindungen und Stilebenen', 'Complete these tasks to reinforce "Grammatik: Nomen-Verb-Verbindungen und Stilebenen" (Kultur und Gesellschaft).', 'vocabulary', '[{"description":"Review all vocabulary from \"Grammatik: Nomen-Verb-Verbindungen und Stilebenen\" — write each word with its article and plural form."},{"description":"Write 5 sentences using the key words from this lesson."},{"description":"Practice the dialogue aloud 3 times and record yourself."},{"description":"Explain the grammar rule in your own words and give 3 original examples."},{"description":"Find 3 more examples of this grammar rule in German texts or online."}]', 15, 1);

INSERT INTO public.lesson_reviews (lesson_id, summary, key_points, grammar_summary, vocabulary_focus, common_mistakes_summary, tips) VALUES
  ('fb2477db-1618-4263-b64b-bdd2024228ba', 'In this lesson on "Grammatik: Nomen-Verb-Verbindungen und Stilebenen" (Kultur und Gesellschaft), you learned key grammar concepts at B2 level. Regular practice will help reinforce your understanding and build fluency.', '["Mastered the core vocabulary and expressions of \"Grammatik: Nomen-Verb-Verbindungen und Stilebenen\"","Understood and practiced the grammar structures taught","Developed grammar skills through targeted exercises","Built confidence in using German in practical situations","Identified areas for further practice and improvement","Connected new knowledge with previously learned material"]', '[{"title":"Key Grammar Points","summary":"Review the grammar rules and structures from this lesson on \"Grammatik: Nomen-Verb-Verbindungen und Stilebenen\""}]', ARRAY['"Grammatik: Nomen-Verb-Verbindungen und Stilebenen" core vocabulary', 'Kultur und Gesellschaft key terms']::text[], ARRAY['Pay attention to article gender (der/die/das)', 'Verb is always in second position in main clauses', 'Remember: German nouns are always capitalized']::text[], ARRAY['Practice 15-20 minutes daily for best results', 'Use new vocabulary in real sentences immediately', 'Speak out loud to improve pronunciation and fluency', 'Review previous lessons before starting new material']::text[]);

INSERT INTO public.lesson_speaking (lesson_id, title, prompt, scenario, tips, vocabulary_hints, min_duration_seconds, order_index) VALUES
  ('fb2477db-1618-4263-b64b-bdd2024228ba', 'Grammatik: Nomen-Verb-Verbindungen und Stilebenen — Speaking 1', 'Practice the key vocabulary and phrases from "Grammatik: Nomen-Verb-Verbindungen und Stilebenen" aloud. Focus on correct pronunciation.', 'Speaking practice for Kultur und Gesellschaft', ARRAY['Speak slowly and clearly', 'Use full sentences', 'Don''t worry about mistakes', 'Practice 3 times']::text[], ARRAY['Use this lesson''s vocabulary', 'Apply correct grammar']::text[], 30, 1);

INSERT INTO public.lesson_speaking (lesson_id, title, prompt, scenario, tips, vocabulary_hints, min_duration_seconds, order_index) VALUES
  ('fb2477db-1618-4263-b64b-bdd2024228ba', 'Grammatik: Nomen-Verb-Verbindungen und Stilebenen — Speaking 2', 'Role-play: Imagine you are in a situation related to Kultur und Gesellschaft. Have a dialogue with a partner.', 'Speaking practice for Kultur und Gesellschaft', ARRAY['Speak slowly and clearly', 'Use full sentences', 'Don''t worry about mistakes', 'Practice 3 times']::text[], ARRAY['Use this lesson''s vocabulary', 'Apply correct grammar']::text[], 60, 2);

INSERT INTO public.lesson_writing (lesson_id, title, task, tips, vocabulary_hints, grammar_focus, word_limit_min, word_limit_max, order_index) VALUES
  ('fb2477db-1618-4263-b64b-bdd2024228ba', 'Grammatik: Nomen-Verb-Verbindungen und Stilebenen — Writing Task 1', 'Write a short text (50-100 words) about grammatik: nomen-verb-verbindungen und stilebenen. Use at least 5 vocabulary words from this lesson. Focus on correct sentence structure.', ARRAY['Use vocabulary from this lesson', 'Check your grammar', 'Write complete sentences']::text[], ARRAY['Apply new vocabulary', 'Use correct articles']::text[], ARRAY['Sentence structure', 'Verb conjugation', 'Article-noun agreement']::text[], 50, 150, 1);

INSERT INTO public.lesson_conversations (lesson_id, title, scenario, role_user, role_ai, context, opening_line, vocabulary_hints, difficulty, order_index) VALUES
  ('fb2477db-1618-4263-b64b-bdd2024228ba', 'Grammatik: Nomen-Verb-Verbindungen und Stilebenen — Conversation 1', 'Practice a realistic conversation about grammatik: nomen-verb-verbindungen und stilebenen in the context of Kultur und Gesellschaft.', 'Student', 'Teacher', 'You are a student at B2 level. Practice having a natural German conversation about this lesson''s topic.', 'Hallo! Lass uns über "Grammatik: Nomen-Verb-Verbindungen und Stilebenen" sprechen. Bist du bereit?', ARRAY[]::text[], 'intermediate', 1);

INSERT INTO public.lesson_ai_challenges (lesson_id, title, question, scenario, expected_elements, tips, difficulty, order_index) VALUES
  ('fb2477db-1618-4263-b64b-bdd2024228ba', 'Grammatik: Nomen-Verb-Verbindungen und Stilebenen — Creative Application', 'Create a short dialogue or story using at least 10 vocabulary words and grammar structures from "Grammatik: Nomen-Verb-Verbindungen und Stilebenen". The dialogue should be realistic and related to Kultur und Gesellschaft.', 'Creative practice for Grammatik: Nomen-Verb-Verbindungen und Stilebenen', ARRAY['10+ vocabulary words from the lesson', 'Correct grammar application', 'Realistic and natural dialogue', 'Creative and original content']::text[], ARRAY['Review the lesson material first', 'Take your time to think', 'Be creative and original']::text[], 'easy', 1);

INSERT INTO public.lesson_ai_challenges (lesson_id, title, question, scenario, expected_elements, tips, difficulty, order_index) VALUES
  ('fb2477db-1618-4263-b64b-bdd2024228ba', 'Grammatik: Nomen-Verb-Verbindungen und Stilebenen — Deep Understanding', 'Explain the most important concepts from "Grammatik: Nomen-Verb-Verbindungen und Stilebenen" in your own words. Give 3 original examples for each main concept. What did you find most challenging and why?', 'Creative practice for Grammatik: Nomen-Verb-Verbindungen und Stilebenen', ARRAY['All key concepts covered thoroughly', 'Original examples provided', 'Self-reflection on learning process', 'Questions for the teacher identified']::text[], ARRAY['Review the lesson material first', 'Take your time to think', 'Be creative and original']::text[], 'medium', 2);

INSERT INTO public.lesson_reading (lesson_id, title, content, english_translation, arabic_translation, word_count, difficulty_rating, audio_url, source) VALUES
  ('fb2477db-1618-4263-b64b-bdd2024228ba', 'Grammatik: Nomen-Verb-Verbindungen und Stilebenen — Reading Practice', 'This is a B2-level reading passage about grammatik: nomen-verb-verbindungen und stilebenen in the context of Kultur und Gesellschaft.

Grammatik: Nomen-Verb-Verbindungen und Stilebenen is an important topic for German learners. In this lesson, you will learn key vocabulary and grammar structures that will help you communicate effectively in real-life situations.

The module "Kultur und Gesellschaft" provides a comprehensive introduction to this topic. By studying this material carefully and practicing regularly, you will build confidence in your German language skills.

Try to read the passage without translating every word. Focus on understanding the main ideas first. Then read again for details. Finally, practice reading aloud to improve your pronunciation.', NULL, NULL, 104, 1, NULL, 'DeutschMentor Curriculum');

INSERT INTO public.lesson_listening (lesson_id, title, transcript, english_translation, arabic_translation, audio_url, duration_seconds, speaker_count, scenario) VALUES
  ('fb2477db-1618-4263-b64b-bdd2024228ba', 'Grammatik: Nomen-Verb-Verbindungen und Stilebenen — Listening Exercise', '[Teacher]: Hallo! Willkommen zur Lektion "Grammatik: Nomen-Verb-Verbindungen und Stilebenen" aus dem Modul "Kultur und Gesellschaft".

[Teacher]: Heute lernen wir wichtige Wörter und Sätze. Bitte hören Sie gut zu und wiederholen Sie.

[Student]: Ich bin bereit! Was lernen wir zuerst?

[Teacher]: Wir beginnen mit den Grundlagen. Wiederholen Sie bitte jedes Wort nach mir.

[Student]: Das ist eine gute Übung. Kann ich die Wörter auch in Sätzen hören?

[Teacher]: Natürlich! Ich zeige Ihnen Beispiele für jeden Satz. Dann üben wir zusammen.

[Student]: Perfekt! Vielen Dank für die Hilfe.

[Teacher]: Gern geschehen! Üben Sie zu Hause weiter. Viel Erfolg!', NULL, NULL, NULL, 120, 2, 'Kultur und Gesellschaft');

INSERT INTO public.lesson_expressions (lesson_id, german, english_translation, arabic_translation, usage_context, formality, is_idiom, literal_translation, order_index) VALUES
  ('b97340c0-863e-4801-bd6f-9a03faab1e15', 'Der Mann geht nach Hause.', 'The man goes home.', 'الرجل يذهب إلى المنزل.', 'Used in Präsentationen und Vorträge', 'neutral', false, NULL, 1),
  ('b97340c0-863e-4801-bd6f-9a03faab1e15', 'Die Frau kommt aus Berlin.', 'The woman comes from Berlin.', 'المرأة تأتي من برلين.', 'Used in Präsentationen und Vorträge', 'neutral', false, NULL, 2),
  ('b97340c0-863e-4801-bd6f-9a03faab1e15', 'Das Kind spielt im Garten.', 'The child plays in the garden.', 'الطفل يلعب في الحديقة.', 'Used in Präsentationen und Vorträge', 'neutral', false, NULL, 3),
  ('b97340c0-863e-4801-bd6f-9a03faab1e15', 'Ich habe einen Hund.', 'I have a dog.', 'لدي كلب.', 'Used in Präsentationen und Vorträge', 'neutral', false, NULL, 4),
  ('b97340c0-863e-4801-bd6f-9a03faab1e15', 'Kannst du mir helfen?', 'Can you help me?', 'هل يمكنك مساعدتي؟', 'Used in Präsentationen und Vorträge', 'informal', false, NULL, 5),
  ('b97340c0-863e-4801-bd6f-9a03faab1e15', 'Wir müssen jetzt gehen.', 'We must go now.', 'يجب أن نذهب الآن.', 'Used in Präsentationen und Vorträge', 'neutral', false, NULL, 6),
  ('b97340c0-863e-4801-bd6f-9a03faab1e15', 'Er ist gestern gekommen.', 'He came yesterday.', 'لقد أمس أتى.', 'Used in Präsentationen und Vorträge', 'neutral', false, NULL, 7),
  ('b97340c0-863e-4801-bd6f-9a03faab1e15', 'Sie hat ein Buch gelesen.', 'She read a book.', 'هي قرأت كتاباً.', 'Used in Präsentationen und Vorträge', 'neutral', false, NULL, 8);

INSERT INTO public.lesson_flashcards (lesson_id, front, back, hint, category, order_index) VALUES
  ('b97340c0-863e-4801-bd6f-9a03faab1e15', 'der', 'the (masculine)', 'Article for male nouns', 'grammar', 1),
  ('b97340c0-863e-4801-bd6f-9a03faab1e15', 'die', 'the (feminine/plural)', 'Article for female/plural', 'grammar', 2),
  ('b97340c0-863e-4801-bd6f-9a03faab1e15', 'das', 'the (neuter)', 'Article for neutral nouns', 'grammar', 3),
  ('b97340c0-863e-4801-bd6f-9a03faab1e15', 'ein', 'a (masculine/neuter)', 'Indefinite article', 'grammar', 4),
  ('b97340c0-863e-4801-bd6f-9a03faab1e15', 'eine', 'a (feminine)', 'Indefinite article', 'grammar', 5),
  ('b97340c0-863e-4801-bd6f-9a03faab1e15', 'ich', 'I', 'First person singular', 'grammar', 6),
  ('b97340c0-863e-4801-bd6f-9a03faab1e15', 'du', 'you (informal)', 'Second person singular', 'grammar', 7),
  ('b97340c0-863e-4801-bd6f-9a03faab1e15', 'Sie', 'you (formal)', 'Capital S', 'grammar', 8);

INSERT INTO public.lesson_homework (lesson_id, title, description, homework_type, tasks, estimated_minutes, order_index) VALUES
  ('b97340c0-863e-4801-bd6f-9a03faab1e15', 'Homework: Grammatik: Textverknüpfung und Konnektoren', 'Complete these tasks to reinforce "Grammatik: Textverknüpfung und Konnektoren" (Präsentationen und Vorträge).', 'writing', '[{"description":"Review all vocabulary from \"Grammatik: Textverknüpfung und Konnektoren\" — write each word with its article and plural form."},{"description":"Write 5 sentences using the key words from this lesson."},{"description":"Practice the dialogue aloud 3 times and record yourself."},{"description":"Explain the grammar rule in your own words and give 3 original examples."},{"description":"Find 3 more examples of this grammar rule in German texts or online."}]', 20, 1);

INSERT INTO public.lesson_reviews (lesson_id, summary, key_points, grammar_summary, vocabulary_focus, common_mistakes_summary, tips) VALUES
  ('b97340c0-863e-4801-bd6f-9a03faab1e15', 'In this lesson on "Grammatik: Textverknüpfung und Konnektoren" (Präsentationen und Vorträge), you learned key grammar concepts at B2 level. Regular practice will help reinforce your understanding and build fluency.', '["Mastered the core vocabulary and expressions of \"Grammatik: Textverknüpfung und Konnektoren\"","Understood and practiced the grammar structures taught","Developed grammar skills through targeted exercises","Built confidence in using German in practical situations","Identified areas for further practice and improvement","Connected new knowledge with previously learned material"]', '[{"title":"Key Grammar Points","summary":"Review the grammar rules and structures from this lesson on \"Grammatik: Textverknüpfung und Konnektoren\""}]', ARRAY['"Grammatik: Textverknüpfung und Konnektoren" core vocabulary', 'Präsentationen und Vorträge key terms']::text[], ARRAY['Pay attention to article gender (der/die/das)', 'Verb is always in second position in main clauses', 'Remember: German nouns are always capitalized']::text[], ARRAY['Practice 15-20 minutes daily for best results', 'Use new vocabulary in real sentences immediately', 'Speak out loud to improve pronunciation and fluency', 'Review previous lessons before starting new material']::text[]);

INSERT INTO public.lesson_speaking (lesson_id, title, prompt, scenario, tips, vocabulary_hints, min_duration_seconds, order_index) VALUES
  ('b97340c0-863e-4801-bd6f-9a03faab1e15', 'Grammatik: Textverknüpfung und Konnektoren — Speaking 1', 'Practice the key vocabulary and phrases from "Grammatik: Textverknüpfung und Konnektoren" aloud. Focus on correct pronunciation.', 'Speaking practice for Präsentationen und Vorträge', ARRAY['Speak slowly and clearly', 'Use full sentences', 'Don''t worry about mistakes', 'Practice 3 times']::text[], ARRAY['Use this lesson''s vocabulary', 'Apply correct grammar']::text[], 30, 1);

INSERT INTO public.lesson_speaking (lesson_id, title, prompt, scenario, tips, vocabulary_hints, min_duration_seconds, order_index) VALUES
  ('b97340c0-863e-4801-bd6f-9a03faab1e15', 'Grammatik: Textverknüpfung und Konnektoren — Speaking 2', 'Role-play: Imagine you are in a situation related to Präsentationen und Vorträge. Have a dialogue with a partner.', 'Speaking practice for Präsentationen und Vorträge', ARRAY['Speak slowly and clearly', 'Use full sentences', 'Don''t worry about mistakes', 'Practice 3 times']::text[], ARRAY['Use this lesson''s vocabulary', 'Apply correct grammar']::text[], 60, 2);

INSERT INTO public.lesson_writing (lesson_id, title, task, tips, vocabulary_hints, grammar_focus, word_limit_min, word_limit_max, order_index) VALUES
  ('b97340c0-863e-4801-bd6f-9a03faab1e15', 'Grammatik: Textverknüpfung und Konnektoren — Writing Task 1', 'Write a short text (50-100 words) about grammatik: textverknüpfung und konnektoren. Use at least 5 vocabulary words from this lesson. Focus on correct sentence structure.', ARRAY['Use vocabulary from this lesson', 'Check your grammar', 'Write complete sentences']::text[], ARRAY['Apply new vocabulary', 'Use correct articles']::text[], ARRAY['Sentence structure', 'Verb conjugation', 'Article-noun agreement']::text[], 50, 150, 1);

INSERT INTO public.lesson_conversations (lesson_id, title, scenario, role_user, role_ai, context, opening_line, vocabulary_hints, difficulty, order_index) VALUES
  ('b97340c0-863e-4801-bd6f-9a03faab1e15', 'Grammatik: Textverknüpfung und Konnektoren — Conversation 1', 'Practice a realistic conversation about grammatik: textverknüpfung und konnektoren in the context of Präsentationen und Vorträge.', 'Student', 'Teacher', 'You are a student at B2 level. Practice having a natural German conversation about this lesson''s topic.', 'Hallo! Lass uns über "Grammatik: Textverknüpfung und Konnektoren" sprechen. Bist du bereit?', ARRAY[]::text[], 'intermediate', 1);

INSERT INTO public.lesson_ai_challenges (lesson_id, title, question, scenario, expected_elements, tips, difficulty, order_index) VALUES
  ('b97340c0-863e-4801-bd6f-9a03faab1e15', 'Grammatik: Textverknüpfung und Konnektoren — Creative Application', 'Create a short dialogue or story using at least 10 vocabulary words and grammar structures from "Grammatik: Textverknüpfung und Konnektoren". The dialogue should be realistic and related to Präsentationen und Vorträge.', 'Creative practice for Grammatik: Textverknüpfung und Konnektoren', ARRAY['10+ vocabulary words from the lesson', 'Correct grammar application', 'Realistic and natural dialogue', 'Creative and original content']::text[], ARRAY['Review the lesson material first', 'Take your time to think', 'Be creative and original']::text[], 'easy', 1);

INSERT INTO public.lesson_ai_challenges (lesson_id, title, question, scenario, expected_elements, tips, difficulty, order_index) VALUES
  ('b97340c0-863e-4801-bd6f-9a03faab1e15', 'Grammatik: Textverknüpfung und Konnektoren — Deep Understanding', 'Explain the most important concepts from "Grammatik: Textverknüpfung und Konnektoren" in your own words. Give 3 original examples for each main concept. What did you find most challenging and why?', 'Creative practice for Grammatik: Textverknüpfung und Konnektoren', ARRAY['All key concepts covered thoroughly', 'Original examples provided', 'Self-reflection on learning process', 'Questions for the teacher identified']::text[], ARRAY['Review the lesson material first', 'Take your time to think', 'Be creative and original']::text[], 'medium', 2);

INSERT INTO public.lesson_reading (lesson_id, title, content, english_translation, arabic_translation, word_count, difficulty_rating, audio_url, source) VALUES
  ('b97340c0-863e-4801-bd6f-9a03faab1e15', 'Grammatik: Textverknüpfung und Konnektoren — Reading Practice', 'This is a B2-level reading passage about grammatik: textverknüpfung und konnektoren in the context of Präsentationen und Vorträge.

Grammatik: Textverknüpfung und Konnektoren is an important topic for German learners. In this lesson, you will learn key vocabulary and grammar structures that will help you communicate effectively in real-life situations.

The module "Präsentationen und Vorträge" provides a comprehensive introduction to this topic. By studying this material carefully and practicing regularly, you will build confidence in your German language skills.

Try to read the passage without translating every word. Focus on understanding the main ideas first. Then read again for details. Finally, practice reading aloud to improve your pronunciation.', NULL, NULL, 104, 1, NULL, 'DeutschMentor Curriculum');

INSERT INTO public.lesson_listening (lesson_id, title, transcript, english_translation, arabic_translation, audio_url, duration_seconds, speaker_count, scenario) VALUES
  ('b97340c0-863e-4801-bd6f-9a03faab1e15', 'Grammatik: Textverknüpfung und Konnektoren — Listening Exercise', '[Teacher]: Hallo! Willkommen zur Lektion "Grammatik: Textverknüpfung und Konnektoren" aus dem Modul "Präsentationen und Vorträge".

[Teacher]: Heute lernen wir wichtige Wörter und Sätze. Bitte hören Sie gut zu und wiederholen Sie.

[Student]: Ich bin bereit! Was lernen wir zuerst?

[Teacher]: Wir beginnen mit den Grundlagen. Wiederholen Sie bitte jedes Wort nach mir.

[Student]: Das ist eine gute Übung. Kann ich die Wörter auch in Sätzen hören?

[Teacher]: Natürlich! Ich zeige Ihnen Beispiele für jeden Satz. Dann üben wir zusammen.

[Student]: Perfekt! Vielen Dank für die Hilfe.

[Teacher]: Gern geschehen! Üben Sie zu Hause weiter. Viel Erfolg!', NULL, NULL, NULL, 120, 2, 'Präsentationen und Vorträge');

INSERT INTO public.lesson_expressions (lesson_id, german, english_translation, arabic_translation, usage_context, formality, is_idiom, literal_translation, order_index) VALUES
  ('0b60de3b-41ff-4d9d-83b0-215b8f0a4f5e', 'Der Mann geht nach Hause.', 'The man goes home.', 'الرجل يذهب إلى المنزل.', 'Used in Präsentationen und Vorträge', 'neutral', false, NULL, 1),
  ('0b60de3b-41ff-4d9d-83b0-215b8f0a4f5e', 'Die Frau kommt aus Berlin.', 'The woman comes from Berlin.', 'المرأة تأتي من برلين.', 'Used in Präsentationen und Vorträge', 'neutral', false, NULL, 2),
  ('0b60de3b-41ff-4d9d-83b0-215b8f0a4f5e', 'Das Kind spielt im Garten.', 'The child plays in the garden.', 'الطفل يلعب في الحديقة.', 'Used in Präsentationen und Vorträge', 'neutral', false, NULL, 3),
  ('0b60de3b-41ff-4d9d-83b0-215b8f0a4f5e', 'Ich habe einen Hund.', 'I have a dog.', 'لدي كلب.', 'Used in Präsentationen und Vorträge', 'neutral', false, NULL, 4),
  ('0b60de3b-41ff-4d9d-83b0-215b8f0a4f5e', 'Kannst du mir helfen?', 'Can you help me?', 'هل يمكنك مساعدتي؟', 'Used in Präsentationen und Vorträge', 'informal', false, NULL, 5),
  ('0b60de3b-41ff-4d9d-83b0-215b8f0a4f5e', 'Wir müssen jetzt gehen.', 'We must go now.', 'يجب أن نذهب الآن.', 'Used in Präsentationen und Vorträge', 'neutral', false, NULL, 6),
  ('0b60de3b-41ff-4d9d-83b0-215b8f0a4f5e', 'Er ist gestern gekommen.', 'He came yesterday.', 'لقد أمس أتى.', 'Used in Präsentationen und Vorträge', 'neutral', false, NULL, 7),
  ('0b60de3b-41ff-4d9d-83b0-215b8f0a4f5e', 'Sie hat ein Buch gelesen.', 'She read a book.', 'هي قرأت كتاباً.', 'Used in Präsentationen und Vorträge', 'neutral', false, NULL, 8);

INSERT INTO public.lesson_flashcards (lesson_id, front, back, hint, category, order_index) VALUES
  ('0b60de3b-41ff-4d9d-83b0-215b8f0a4f5e', 'der', 'the (masculine)', 'Article for male nouns', 'grammar', 1),
  ('0b60de3b-41ff-4d9d-83b0-215b8f0a4f5e', 'die', 'the (feminine/plural)', 'Article for female/plural', 'grammar', 2),
  ('0b60de3b-41ff-4d9d-83b0-215b8f0a4f5e', 'das', 'the (neuter)', 'Article for neutral nouns', 'grammar', 3),
  ('0b60de3b-41ff-4d9d-83b0-215b8f0a4f5e', 'ein', 'a (masculine/neuter)', 'Indefinite article', 'grammar', 4),
  ('0b60de3b-41ff-4d9d-83b0-215b8f0a4f5e', 'eine', 'a (feminine)', 'Indefinite article', 'grammar', 5),
  ('0b60de3b-41ff-4d9d-83b0-215b8f0a4f5e', 'ich', 'I', 'First person singular', 'grammar', 6),
  ('0b60de3b-41ff-4d9d-83b0-215b8f0a4f5e', 'du', 'you (informal)', 'Second person singular', 'grammar', 7),
  ('0b60de3b-41ff-4d9d-83b0-215b8f0a4f5e', 'Sie', 'you (formal)', 'Capital S', 'grammar', 8);

INSERT INTO public.lesson_homework (lesson_id, title, description, homework_type, tasks, estimated_minutes, order_index) VALUES
  ('0b60de3b-41ff-4d9d-83b0-215b8f0a4f5e', 'Homework: Grammatik: Textverknüpfung und Konnektoren', 'Complete these tasks to reinforce "Grammatik: Textverknüpfung und Konnektoren" (Präsentationen und Vorträge).', 'speaking', '[{"description":"Review all vocabulary from \"Grammatik: Textverknüpfung und Konnektoren\" — write each word with its article and plural form."},{"description":"Write 5 sentences using the key words from this lesson."},{"description":"Practice the dialogue aloud 3 times and record yourself."},{"description":"Explain the grammar rule in your own words and give 3 original examples."},{"description":"Find 3 more examples of this grammar rule in German texts or online."}]', 25, 1);

INSERT INTO public.lesson_reviews (lesson_id, summary, key_points, grammar_summary, vocabulary_focus, common_mistakes_summary, tips) VALUES
  ('0b60de3b-41ff-4d9d-83b0-215b8f0a4f5e', 'In this lesson on "Grammatik: Textverknüpfung und Konnektoren" (Präsentationen und Vorträge), you learned key grammar concepts at B2 level. Regular practice will help reinforce your understanding and build fluency.', '["Mastered the core vocabulary and expressions of \"Grammatik: Textverknüpfung und Konnektoren\"","Understood and practiced the grammar structures taught","Developed grammar skills through targeted exercises","Built confidence in using German in practical situations","Identified areas for further practice and improvement","Connected new knowledge with previously learned material"]', '[{"title":"Key Grammar Points","summary":"Review the grammar rules and structures from this lesson on \"Grammatik: Textverknüpfung und Konnektoren\""}]', ARRAY['"Grammatik: Textverknüpfung und Konnektoren" core vocabulary', 'Präsentationen und Vorträge key terms']::text[], ARRAY['Pay attention to article gender (der/die/das)', 'Verb is always in second position in main clauses', 'Remember: German nouns are always capitalized']::text[], ARRAY['Practice 15-20 minutes daily for best results', 'Use new vocabulary in real sentences immediately', 'Speak out loud to improve pronunciation and fluency', 'Review previous lessons before starting new material']::text[]);

INSERT INTO public.lesson_speaking (lesson_id, title, prompt, scenario, tips, vocabulary_hints, min_duration_seconds, order_index) VALUES
  ('0b60de3b-41ff-4d9d-83b0-215b8f0a4f5e', 'Grammatik: Textverknüpfung und Konnektoren — Speaking 1', 'Practice the key vocabulary and phrases from "Grammatik: Textverknüpfung und Konnektoren" aloud. Focus on correct pronunciation.', 'Speaking practice for Präsentationen und Vorträge', ARRAY['Speak slowly and clearly', 'Use full sentences', 'Don''t worry about mistakes', 'Practice 3 times']::text[], ARRAY['Use this lesson''s vocabulary', 'Apply correct grammar']::text[], 30, 1);

INSERT INTO public.lesson_speaking (lesson_id, title, prompt, scenario, tips, vocabulary_hints, min_duration_seconds, order_index) VALUES
  ('0b60de3b-41ff-4d9d-83b0-215b8f0a4f5e', 'Grammatik: Textverknüpfung und Konnektoren — Speaking 2', 'Role-play: Imagine you are in a situation related to Präsentationen und Vorträge. Have a dialogue with a partner.', 'Speaking practice for Präsentationen und Vorträge', ARRAY['Speak slowly and clearly', 'Use full sentences', 'Don''t worry about mistakes', 'Practice 3 times']::text[], ARRAY['Use this lesson''s vocabulary', 'Apply correct grammar']::text[], 60, 2);

INSERT INTO public.lesson_writing (lesson_id, title, task, tips, vocabulary_hints, grammar_focus, word_limit_min, word_limit_max, order_index) VALUES
  ('0b60de3b-41ff-4d9d-83b0-215b8f0a4f5e', 'Grammatik: Textverknüpfung und Konnektoren — Writing Task 1', 'Write a short text (50-100 words) about grammatik: textverknüpfung und konnektoren. Use at least 5 vocabulary words from this lesson. Focus on correct sentence structure.', ARRAY['Use vocabulary from this lesson', 'Check your grammar', 'Write complete sentences']::text[], ARRAY['Apply new vocabulary', 'Use correct articles']::text[], ARRAY['Sentence structure', 'Verb conjugation', 'Article-noun agreement']::text[], 50, 150, 1);

INSERT INTO public.lesson_conversations (lesson_id, title, scenario, role_user, role_ai, context, opening_line, vocabulary_hints, difficulty, order_index) VALUES
  ('0b60de3b-41ff-4d9d-83b0-215b8f0a4f5e', 'Grammatik: Textverknüpfung und Konnektoren — Conversation 1', 'Practice a realistic conversation about grammatik: textverknüpfung und konnektoren in the context of Präsentationen und Vorträge.', 'Student', 'Teacher', 'You are a student at B2 level. Practice having a natural German conversation about this lesson''s topic.', 'Hallo! Lass uns über "Grammatik: Textverknüpfung und Konnektoren" sprechen. Bist du bereit?', ARRAY[]::text[], 'intermediate', 1);

INSERT INTO public.lesson_ai_challenges (lesson_id, title, question, scenario, expected_elements, tips, difficulty, order_index) VALUES
  ('0b60de3b-41ff-4d9d-83b0-215b8f0a4f5e', 'Grammatik: Textverknüpfung und Konnektoren — Creative Application', 'Create a short dialogue or story using at least 10 vocabulary words and grammar structures from "Grammatik: Textverknüpfung und Konnektoren". The dialogue should be realistic and related to Präsentationen und Vorträge.', 'Creative practice for Grammatik: Textverknüpfung und Konnektoren', ARRAY['10+ vocabulary words from the lesson', 'Correct grammar application', 'Realistic and natural dialogue', 'Creative and original content']::text[], ARRAY['Review the lesson material first', 'Take your time to think', 'Be creative and original']::text[], 'easy', 1);

INSERT INTO public.lesson_ai_challenges (lesson_id, title, question, scenario, expected_elements, tips, difficulty, order_index) VALUES
  ('0b60de3b-41ff-4d9d-83b0-215b8f0a4f5e', 'Grammatik: Textverknüpfung und Konnektoren — Deep Understanding', 'Explain the most important concepts from "Grammatik: Textverknüpfung und Konnektoren" in your own words. Give 3 original examples for each main concept. What did you find most challenging and why?', 'Creative practice for Grammatik: Textverknüpfung und Konnektoren', ARRAY['All key concepts covered thoroughly', 'Original examples provided', 'Self-reflection on learning process', 'Questions for the teacher identified']::text[], ARRAY['Review the lesson material first', 'Take your time to think', 'Be creative and original']::text[], 'medium', 2);

INSERT INTO public.lesson_reading (lesson_id, title, content, english_translation, arabic_translation, word_count, difficulty_rating, audio_url, source) VALUES
  ('0b60de3b-41ff-4d9d-83b0-215b8f0a4f5e', 'Grammatik: Textverknüpfung und Konnektoren — Reading Practice', 'This is a B2-level reading passage about grammatik: textverknüpfung und konnektoren in the context of Präsentationen und Vorträge.

Grammatik: Textverknüpfung und Konnektoren is an important topic for German learners. In this lesson, you will learn key vocabulary and grammar structures that will help you communicate effectively in real-life situations.

The module "Präsentationen und Vorträge" provides a comprehensive introduction to this topic. By studying this material carefully and practicing regularly, you will build confidence in your German language skills.

Try to read the passage without translating every word. Focus on understanding the main ideas first. Then read again for details. Finally, practice reading aloud to improve your pronunciation.', NULL, NULL, 104, 1, NULL, 'DeutschMentor Curriculum');

INSERT INTO public.lesson_listening (lesson_id, title, transcript, english_translation, arabic_translation, audio_url, duration_seconds, speaker_count, scenario) VALUES
  ('0b60de3b-41ff-4d9d-83b0-215b8f0a4f5e', 'Grammatik: Textverknüpfung und Konnektoren — Listening Exercise', '[Teacher]: Hallo! Willkommen zur Lektion "Grammatik: Textverknüpfung und Konnektoren" aus dem Modul "Präsentationen und Vorträge".

[Teacher]: Heute lernen wir wichtige Wörter und Sätze. Bitte hören Sie gut zu und wiederholen Sie.

[Student]: Ich bin bereit! Was lernen wir zuerst?

[Teacher]: Wir beginnen mit den Grundlagen. Wiederholen Sie bitte jedes Wort nach mir.

[Student]: Das ist eine gute Übung. Kann ich die Wörter auch in Sätzen hören?

[Teacher]: Natürlich! Ich zeige Ihnen Beispiele für jeden Satz. Dann üben wir zusammen.

[Student]: Perfekt! Vielen Dank für die Hilfe.

[Teacher]: Gern geschehen! Üben Sie zu Hause weiter. Viel Erfolg!', NULL, NULL, NULL, 120, 2, 'Präsentationen und Vorträge');

INSERT INTO public.lesson_expressions (lesson_id, german, english_translation, arabic_translation, usage_context, formality, is_idiom, literal_translation, order_index) VALUES
  ('18505893-900f-46bc-a169-4a21f9d6677d', 'Der Mann geht nach Hause.', 'The man goes home.', 'الرجل يذهب إلى المنزل.', 'Used in Fachsprache und Terminologie', 'neutral', false, NULL, 1),
  ('18505893-900f-46bc-a169-4a21f9d6677d', 'Die Frau kommt aus Berlin.', 'The woman comes from Berlin.', 'المرأة تأتي من برلين.', 'Used in Fachsprache und Terminologie', 'neutral', false, NULL, 2),
  ('18505893-900f-46bc-a169-4a21f9d6677d', 'Das Kind spielt im Garten.', 'The child plays in the garden.', 'الطفل يلعب في الحديقة.', 'Used in Fachsprache und Terminologie', 'neutral', false, NULL, 3),
  ('18505893-900f-46bc-a169-4a21f9d6677d', 'Ich habe einen Hund.', 'I have a dog.', 'لدي كلب.', 'Used in Fachsprache und Terminologie', 'neutral', false, NULL, 4),
  ('18505893-900f-46bc-a169-4a21f9d6677d', 'Kannst du mir helfen?', 'Can you help me?', 'هل يمكنك مساعدتي؟', 'Used in Fachsprache und Terminologie', 'informal', false, NULL, 5),
  ('18505893-900f-46bc-a169-4a21f9d6677d', 'Wir müssen jetzt gehen.', 'We must go now.', 'يجب أن نذهب الآن.', 'Used in Fachsprache und Terminologie', 'neutral', false, NULL, 6),
  ('18505893-900f-46bc-a169-4a21f9d6677d', 'Er ist gestern gekommen.', 'He came yesterday.', 'لقد أمس أتى.', 'Used in Fachsprache und Terminologie', 'neutral', false, NULL, 7),
  ('18505893-900f-46bc-a169-4a21f9d6677d', 'Sie hat ein Buch gelesen.', 'She read a book.', 'هي قرأت كتاباً.', 'Used in Fachsprache und Terminologie', 'neutral', false, NULL, 8);

INSERT INTO public.lesson_flashcards (lesson_id, front, back, hint, category, order_index) VALUES
  ('18505893-900f-46bc-a169-4a21f9d6677d', 'der', 'the (masculine)', 'Article for male nouns', 'grammar', 1),
  ('18505893-900f-46bc-a169-4a21f9d6677d', 'die', 'the (feminine/plural)', 'Article for female/plural', 'grammar', 2),
  ('18505893-900f-46bc-a169-4a21f9d6677d', 'das', 'the (neuter)', 'Article for neutral nouns', 'grammar', 3),
  ('18505893-900f-46bc-a169-4a21f9d6677d', 'ein', 'a (masculine/neuter)', 'Indefinite article', 'grammar', 4),
  ('18505893-900f-46bc-a169-4a21f9d6677d', 'eine', 'a (feminine)', 'Indefinite article', 'grammar', 5),
  ('18505893-900f-46bc-a169-4a21f9d6677d', 'ich', 'I', 'First person singular', 'grammar', 6),
  ('18505893-900f-46bc-a169-4a21f9d6677d', 'du', 'you (informal)', 'Second person singular', 'grammar', 7),
  ('18505893-900f-46bc-a169-4a21f9d6677d', 'Sie', 'you (formal)', 'Capital S', 'grammar', 8);

INSERT INTO public.lesson_homework (lesson_id, title, description, homework_type, tasks, estimated_minutes, order_index) VALUES
  ('18505893-900f-46bc-a169-4a21f9d6677d', 'Homework: Grammatik: Komplexe Nominalphrasen', 'Complete these tasks to reinforce "Grammatik: Komplexe Nominalphrasen" (Fachsprache und Terminologie).', 'reading', '[{"description":"Review all vocabulary from \"Grammatik: Komplexe Nominalphrasen\" — write each word with its article and plural form."},{"description":"Write 5 sentences using the key words from this lesson."},{"description":"Practice the dialogue aloud 3 times and record yourself."},{"description":"Explain the grammar rule in your own words and give 3 original examples."},{"description":"Find 3 more examples of this grammar rule in German texts or online."}]', 15, 1);

INSERT INTO public.lesson_reviews (lesson_id, summary, key_points, grammar_summary, vocabulary_focus, common_mistakes_summary, tips) VALUES
  ('18505893-900f-46bc-a169-4a21f9d6677d', 'In this lesson on "Grammatik: Komplexe Nominalphrasen" (Fachsprache und Terminologie), you learned key grammar concepts at B2 level. Regular practice will help reinforce your understanding and build fluency.', '["Mastered the core vocabulary and expressions of \"Grammatik: Komplexe Nominalphrasen\"","Understood and practiced the grammar structures taught","Developed grammar skills through targeted exercises","Built confidence in using German in practical situations","Identified areas for further practice and improvement","Connected new knowledge with previously learned material"]', '[{"title":"Key Grammar Points","summary":"Review the grammar rules and structures from this lesson on \"Grammatik: Komplexe Nominalphrasen\""}]', ARRAY['"Grammatik: Komplexe Nominalphrasen" core vocabulary', 'Fachsprache und Terminologie key terms']::text[], ARRAY['Pay attention to article gender (der/die/das)', 'Verb is always in second position in main clauses', 'Remember: German nouns are always capitalized']::text[], ARRAY['Practice 15-20 minutes daily for best results', 'Use new vocabulary in real sentences immediately', 'Speak out loud to improve pronunciation and fluency', 'Review previous lessons before starting new material']::text[]);

INSERT INTO public.lesson_speaking (lesson_id, title, prompt, scenario, tips, vocabulary_hints, min_duration_seconds, order_index) VALUES
  ('18505893-900f-46bc-a169-4a21f9d6677d', 'Grammatik: Komplexe Nominalphrasen — Speaking 1', 'Practice the key vocabulary and phrases from "Grammatik: Komplexe Nominalphrasen" aloud. Focus on correct pronunciation.', 'Speaking practice for Fachsprache und Terminologie', ARRAY['Speak slowly and clearly', 'Use full sentences', 'Don''t worry about mistakes', 'Practice 3 times']::text[], ARRAY['Use this lesson''s vocabulary', 'Apply correct grammar']::text[], 30, 1);

INSERT INTO public.lesson_speaking (lesson_id, title, prompt, scenario, tips, vocabulary_hints, min_duration_seconds, order_index) VALUES
  ('18505893-900f-46bc-a169-4a21f9d6677d', 'Grammatik: Komplexe Nominalphrasen — Speaking 2', 'Role-play: Imagine you are in a situation related to Fachsprache und Terminologie. Have a dialogue with a partner.', 'Speaking practice for Fachsprache und Terminologie', ARRAY['Speak slowly and clearly', 'Use full sentences', 'Don''t worry about mistakes', 'Practice 3 times']::text[], ARRAY['Use this lesson''s vocabulary', 'Apply correct grammar']::text[], 60, 2);

INSERT INTO public.lesson_writing (lesson_id, title, task, tips, vocabulary_hints, grammar_focus, word_limit_min, word_limit_max, order_index) VALUES
  ('18505893-900f-46bc-a169-4a21f9d6677d', 'Grammatik: Komplexe Nominalphrasen — Writing Task 1', 'Write a short text (50-100 words) about grammatik: komplexe nominalphrasen. Use at least 5 vocabulary words from this lesson. Focus on correct sentence structure.', ARRAY['Use vocabulary from this lesson', 'Check your grammar', 'Write complete sentences']::text[], ARRAY['Apply new vocabulary', 'Use correct articles']::text[], ARRAY['Sentence structure', 'Verb conjugation', 'Article-noun agreement']::text[], 50, 150, 1);

INSERT INTO public.lesson_conversations (lesson_id, title, scenario, role_user, role_ai, context, opening_line, vocabulary_hints, difficulty, order_index) VALUES
  ('18505893-900f-46bc-a169-4a21f9d6677d', 'Grammatik: Komplexe Nominalphrasen — Conversation 1', 'Practice a realistic conversation about grammatik: komplexe nominalphrasen in the context of Fachsprache und Terminologie.', 'Student', 'Teacher', 'You are a student at B2 level. Practice having a natural German conversation about this lesson''s topic.', 'Hallo! Lass uns über "Grammatik: Komplexe Nominalphrasen" sprechen. Bist du bereit?', ARRAY[]::text[], 'intermediate', 1);

INSERT INTO public.lesson_ai_challenges (lesson_id, title, question, scenario, expected_elements, tips, difficulty, order_index) VALUES
  ('18505893-900f-46bc-a169-4a21f9d6677d', 'Grammatik: Komplexe Nominalphrasen — Creative Application', 'Create a short dialogue or story using at least 10 vocabulary words and grammar structures from "Grammatik: Komplexe Nominalphrasen". The dialogue should be realistic and related to Fachsprache und Terminologie.', 'Creative practice for Grammatik: Komplexe Nominalphrasen', ARRAY['10+ vocabulary words from the lesson', 'Correct grammar application', 'Realistic and natural dialogue', 'Creative and original content']::text[], ARRAY['Review the lesson material first', 'Take your time to think', 'Be creative and original']::text[], 'easy', 1);

INSERT INTO public.lesson_ai_challenges (lesson_id, title, question, scenario, expected_elements, tips, difficulty, order_index) VALUES
  ('18505893-900f-46bc-a169-4a21f9d6677d', 'Grammatik: Komplexe Nominalphrasen — Deep Understanding', 'Explain the most important concepts from "Grammatik: Komplexe Nominalphrasen" in your own words. Give 3 original examples for each main concept. What did you find most challenging and why?', 'Creative practice for Grammatik: Komplexe Nominalphrasen', ARRAY['All key concepts covered thoroughly', 'Original examples provided', 'Self-reflection on learning process', 'Questions for the teacher identified']::text[], ARRAY['Review the lesson material first', 'Take your time to think', 'Be creative and original']::text[], 'medium', 2);

INSERT INTO public.lesson_reading (lesson_id, title, content, english_translation, arabic_translation, word_count, difficulty_rating, audio_url, source) VALUES
  ('18505893-900f-46bc-a169-4a21f9d6677d', 'Grammatik: Komplexe Nominalphrasen — Reading Practice', 'This is a B2-level reading passage about grammatik: komplexe nominalphrasen in the context of Fachsprache und Terminologie.

Grammatik: Komplexe Nominalphrasen is an important topic for German learners. In this lesson, you will learn key vocabulary and grammar structures that will help you communicate effectively in real-life situations.

The module "Fachsprache und Terminologie" provides a comprehensive introduction to this topic. By studying this material carefully and practicing regularly, you will build confidence in your German language skills.

Try to read the passage without translating every word. Focus on understanding the main ideas first. Then read again for details. Finally, practice reading aloud to improve your pronunciation.', NULL, NULL, 102, 1, NULL, 'DeutschMentor Curriculum');

INSERT INTO public.lesson_listening (lesson_id, title, transcript, english_translation, arabic_translation, audio_url, duration_seconds, speaker_count, scenario) VALUES
  ('18505893-900f-46bc-a169-4a21f9d6677d', 'Grammatik: Komplexe Nominalphrasen — Listening Exercise', '[Teacher]: Hallo! Willkommen zur Lektion "Grammatik: Komplexe Nominalphrasen" aus dem Modul "Fachsprache und Terminologie".

[Teacher]: Heute lernen wir wichtige Wörter und Sätze. Bitte hören Sie gut zu und wiederholen Sie.

[Student]: Ich bin bereit! Was lernen wir zuerst?

[Teacher]: Wir beginnen mit den Grundlagen. Wiederholen Sie bitte jedes Wort nach mir.

[Student]: Das ist eine gute Übung. Kann ich die Wörter auch in Sätzen hören?

[Teacher]: Natürlich! Ich zeige Ihnen Beispiele für jeden Satz. Dann üben wir zusammen.

[Student]: Perfekt! Vielen Dank für die Hilfe.

[Teacher]: Gern geschehen! Üben Sie zu Hause weiter. Viel Erfolg!', NULL, NULL, NULL, 120, 2, 'Fachsprache und Terminologie');

INSERT INTO public.lesson_expressions (lesson_id, german, english_translation, arabic_translation, usage_context, formality, is_idiom, literal_translation, order_index) VALUES
  ('dea8558b-07ab-4763-87e9-517d9d1ec409', 'Der Mann geht nach Hause.', 'The man goes home.', 'الرجل يذهب إلى المنزل.', 'Used in Wirtschaft und Politik', 'neutral', false, NULL, 1),
  ('dea8558b-07ab-4763-87e9-517d9d1ec409', 'Die Frau kommt aus Berlin.', 'The woman comes from Berlin.', 'المرأة تأتي من برلين.', 'Used in Wirtschaft und Politik', 'neutral', false, NULL, 2),
  ('dea8558b-07ab-4763-87e9-517d9d1ec409', 'Das Kind spielt im Garten.', 'The child plays in the garden.', 'الطفل يلعب في الحديقة.', 'Used in Wirtschaft und Politik', 'neutral', false, NULL, 3),
  ('dea8558b-07ab-4763-87e9-517d9d1ec409', 'Ich habe einen Hund.', 'I have a dog.', 'لدي كلب.', 'Used in Wirtschaft und Politik', 'neutral', false, NULL, 4),
  ('dea8558b-07ab-4763-87e9-517d9d1ec409', 'Kannst du mir helfen?', 'Can you help me?', 'هل يمكنك مساعدتي؟', 'Used in Wirtschaft und Politik', 'informal', false, NULL, 5),
  ('dea8558b-07ab-4763-87e9-517d9d1ec409', 'Wir müssen jetzt gehen.', 'We must go now.', 'يجب أن نذهب الآن.', 'Used in Wirtschaft und Politik', 'neutral', false, NULL, 6),
  ('dea8558b-07ab-4763-87e9-517d9d1ec409', 'Er ist gestern gekommen.', 'He came yesterday.', 'لقد أمس أتى.', 'Used in Wirtschaft und Politik', 'neutral', false, NULL, 7),
  ('dea8558b-07ab-4763-87e9-517d9d1ec409', 'Sie hat ein Buch gelesen.', 'She read a book.', 'هي قرأت كتاباً.', 'Used in Wirtschaft und Politik', 'neutral', false, NULL, 8);

INSERT INTO public.lesson_flashcards (lesson_id, front, back, hint, category, order_index) VALUES
  ('dea8558b-07ab-4763-87e9-517d9d1ec409', 'der', 'the (masculine)', 'Article for male nouns', 'grammar', 1),
  ('dea8558b-07ab-4763-87e9-517d9d1ec409', 'die', 'the (feminine/plural)', 'Article for female/plural', 'grammar', 2),
  ('dea8558b-07ab-4763-87e9-517d9d1ec409', 'das', 'the (neuter)', 'Article for neutral nouns', 'grammar', 3),
  ('dea8558b-07ab-4763-87e9-517d9d1ec409', 'ein', 'a (masculine/neuter)', 'Indefinite article', 'grammar', 4),
  ('dea8558b-07ab-4763-87e9-517d9d1ec409', 'eine', 'a (feminine)', 'Indefinite article', 'grammar', 5),
  ('dea8558b-07ab-4763-87e9-517d9d1ec409', 'ich', 'I', 'First person singular', 'grammar', 6),
  ('dea8558b-07ab-4763-87e9-517d9d1ec409', 'du', 'you (informal)', 'Second person singular', 'grammar', 7),
  ('dea8558b-07ab-4763-87e9-517d9d1ec409', 'Sie', 'you (formal)', 'Capital S', 'grammar', 8);

INSERT INTO public.lesson_homework (lesson_id, title, description, homework_type, tasks, estimated_minutes, order_index) VALUES
  ('dea8558b-07ab-4763-87e9-517d9d1ec409', 'Homework: Grammatik: Vergleiche mit als, als ob und als wenn', 'Complete these tasks to reinforce "Grammatik: Vergleiche mit als, als ob und als wenn" (Wirtschaft und Politik).', 'grammar', '[{"description":"Review all vocabulary from \"Grammatik: Vergleiche mit als, als ob und als wenn\" — write each word with its article and plural form."},{"description":"Write 5 sentences using the key words from this lesson."},{"description":"Practice the dialogue aloud 3 times and record yourself."},{"description":"Explain the grammar rule in your own words and give 3 original examples."},{"description":"Find 3 more examples of this grammar rule in German texts or online."}]', 20, 1);

INSERT INTO public.lesson_reviews (lesson_id, summary, key_points, grammar_summary, vocabulary_focus, common_mistakes_summary, tips) VALUES
  ('dea8558b-07ab-4763-87e9-517d9d1ec409', 'In this lesson on "Grammatik: Vergleiche mit als, als ob und als wenn" (Wirtschaft und Politik), you learned key grammar concepts at B2 level. Regular practice will help reinforce your understanding and build fluency.', '["Mastered the core vocabulary and expressions of \"Grammatik: Vergleiche mit als, als ob und als wenn\"","Understood and practiced the grammar structures taught","Developed grammar skills through targeted exercises","Built confidence in using German in practical situations","Identified areas for further practice and improvement","Connected new knowledge with previously learned material"]', '[{"title":"Key Grammar Points","summary":"Review the grammar rules and structures from this lesson on \"Grammatik: Vergleiche mit als, als ob und als wenn\""}]', ARRAY['"Grammatik: Vergleiche mit als, als ob und als wenn" core vocabulary', 'Wirtschaft und Politik key terms']::text[], ARRAY['Pay attention to article gender (der/die/das)', 'Verb is always in second position in main clauses', 'Remember: German nouns are always capitalized']::text[], ARRAY['Practice 15-20 minutes daily for best results', 'Use new vocabulary in real sentences immediately', 'Speak out loud to improve pronunciation and fluency', 'Review previous lessons before starting new material']::text[]);

INSERT INTO public.lesson_speaking (lesson_id, title, prompt, scenario, tips, vocabulary_hints, min_duration_seconds, order_index) VALUES
  ('dea8558b-07ab-4763-87e9-517d9d1ec409', 'Grammatik: Vergleiche mit als, als ob und als wenn — Speaking 1', 'Practice the key vocabulary and phrases from "Grammatik: Vergleiche mit als, als ob und als wenn" aloud. Focus on correct pronunciation.', 'Speaking practice for Wirtschaft und Politik', ARRAY['Speak slowly and clearly', 'Use full sentences', 'Don''t worry about mistakes', 'Practice 3 times']::text[], ARRAY['Use this lesson''s vocabulary', 'Apply correct grammar']::text[], 30, 1);

INSERT INTO public.lesson_speaking (lesson_id, title, prompt, scenario, tips, vocabulary_hints, min_duration_seconds, order_index) VALUES
  ('dea8558b-07ab-4763-87e9-517d9d1ec409', 'Grammatik: Vergleiche mit als, als ob und als wenn — Speaking 2', 'Role-play: Imagine you are in a situation related to Wirtschaft und Politik. Have a dialogue with a partner.', 'Speaking practice for Wirtschaft und Politik', ARRAY['Speak slowly and clearly', 'Use full sentences', 'Don''t worry about mistakes', 'Practice 3 times']::text[], ARRAY['Use this lesson''s vocabulary', 'Apply correct grammar']::text[], 60, 2);

INSERT INTO public.lesson_writing (lesson_id, title, task, tips, vocabulary_hints, grammar_focus, word_limit_min, word_limit_max, order_index) VALUES
  ('dea8558b-07ab-4763-87e9-517d9d1ec409', 'Grammatik: Vergleiche mit als, als ob und als wenn — Writing Task 1', 'Write a short text (50-100 words) about grammatik: vergleiche mit als, als ob und als wenn. Use at least 5 vocabulary words from this lesson. Focus on correct sentence structure.', ARRAY['Use vocabulary from this lesson', 'Check your grammar', 'Write complete sentences']::text[], ARRAY['Apply new vocabulary', 'Use correct articles']::text[], ARRAY['Sentence structure', 'Verb conjugation', 'Article-noun agreement']::text[], 50, 150, 1);

INSERT INTO public.lesson_conversations (lesson_id, title, scenario, role_user, role_ai, context, opening_line, vocabulary_hints, difficulty, order_index) VALUES
  ('dea8558b-07ab-4763-87e9-517d9d1ec409', 'Grammatik: Vergleiche mit als, als ob und als wenn — Conversation 1', 'Practice a realistic conversation about grammatik: vergleiche mit als, als ob und als wenn in the context of Wirtschaft und Politik.', 'Student', 'Teacher', 'You are a student at B2 level. Practice having a natural German conversation about this lesson''s topic.', 'Hallo! Lass uns über "Grammatik: Vergleiche mit als, als ob und als wenn" sprechen. Bist du bereit?', ARRAY[]::text[], 'intermediate', 1);

INSERT INTO public.lesson_ai_challenges (lesson_id, title, question, scenario, expected_elements, tips, difficulty, order_index) VALUES
  ('dea8558b-07ab-4763-87e9-517d9d1ec409', 'Grammatik: Vergleiche mit als, als ob und als wenn — Creative Application', 'Create a short dialogue or story using at least 10 vocabulary words and grammar structures from "Grammatik: Vergleiche mit als, als ob und als wenn". The dialogue should be realistic and related to Wirtschaft und Politik.', 'Creative practice for Grammatik: Vergleiche mit als, als ob und als wenn', ARRAY['10+ vocabulary words from the lesson', 'Correct grammar application', 'Realistic and natural dialogue', 'Creative and original content']::text[], ARRAY['Review the lesson material first', 'Take your time to think', 'Be creative and original']::text[], 'easy', 1);

INSERT INTO public.lesson_ai_challenges (lesson_id, title, question, scenario, expected_elements, tips, difficulty, order_index) VALUES
  ('dea8558b-07ab-4763-87e9-517d9d1ec409', 'Grammatik: Vergleiche mit als, als ob und als wenn — Deep Understanding', 'Explain the most important concepts from "Grammatik: Vergleiche mit als, als ob und als wenn" in your own words. Give 3 original examples for each main concept. What did you find most challenging and why?', 'Creative practice for Grammatik: Vergleiche mit als, als ob und als wenn', ARRAY['All key concepts covered thoroughly', 'Original examples provided', 'Self-reflection on learning process', 'Questions for the teacher identified']::text[], ARRAY['Review the lesson material first', 'Take your time to think', 'Be creative and original']::text[], 'medium', 2);

INSERT INTO public.lesson_reading (lesson_id, title, content, english_translation, arabic_translation, word_count, difficulty_rating, audio_url, source) VALUES
  ('dea8558b-07ab-4763-87e9-517d9d1ec409', 'Grammatik: Vergleiche mit als, als ob und als wenn — Reading Practice', 'This is a B2-level reading passage about grammatik: vergleiche mit als, als ob und als wenn in the context of Wirtschaft und Politik.

Grammatik: Vergleiche mit als, als ob und als wenn is an important topic for German learners. In this lesson, you will learn key vocabulary and grammar structures that will help you communicate effectively in real-life situations.

The module "Wirtschaft und Politik" provides a comprehensive introduction to this topic. By studying this material carefully and practicing regularly, you will build confidence in your German language skills.

Try to read the passage without translating every word. Focus on understanding the main ideas first. Then read again for details. Finally, practice reading aloud to improve your pronunciation.', NULL, NULL, 114, 1, NULL, 'DeutschMentor Curriculum');

INSERT INTO public.lesson_listening (lesson_id, title, transcript, english_translation, arabic_translation, audio_url, duration_seconds, speaker_count, scenario) VALUES
  ('dea8558b-07ab-4763-87e9-517d9d1ec409', 'Grammatik: Vergleiche mit als, als ob und als wenn — Listening Exercise', '[Teacher]: Hallo! Willkommen zur Lektion "Grammatik: Vergleiche mit als, als ob und als wenn" aus dem Modul "Wirtschaft und Politik".

[Teacher]: Heute lernen wir wichtige Wörter und Sätze. Bitte hören Sie gut zu und wiederholen Sie.

[Student]: Ich bin bereit! Was lernen wir zuerst?

[Teacher]: Wir beginnen mit den Grundlagen. Wiederholen Sie bitte jedes Wort nach mir.

[Student]: Das ist eine gute Übung. Kann ich die Wörter auch in Sätzen hören?

[Teacher]: Natürlich! Ich zeige Ihnen Beispiele für jeden Satz. Dann üben wir zusammen.

[Student]: Perfekt! Vielen Dank für die Hilfe.

[Teacher]: Gern geschehen! Üben Sie zu Hause weiter. Viel Erfolg!', NULL, NULL, NULL, 120, 2, 'Wirtschaft und Politik');

INSERT INTO public.lesson_expressions (lesson_id, german, english_translation, arabic_translation, usage_context, formality, is_idiom, literal_translation, order_index) VALUES
  ('672b5335-1fdb-4281-af03-84120b01baa6', 'Der Mann geht nach Hause.', 'The man goes home.', 'الرجل يذهب إلى المنزل.', 'Used in Fachsprache und Terminologie', 'neutral', false, NULL, 1),
  ('672b5335-1fdb-4281-af03-84120b01baa6', 'Die Frau kommt aus Berlin.', 'The woman comes from Berlin.', 'المرأة تأتي من برلين.', 'Used in Fachsprache und Terminologie', 'neutral', false, NULL, 2),
  ('672b5335-1fdb-4281-af03-84120b01baa6', 'Das Kind spielt im Garten.', 'The child plays in the garden.', 'الطفل يلعب في الحديقة.', 'Used in Fachsprache und Terminologie', 'neutral', false, NULL, 3),
  ('672b5335-1fdb-4281-af03-84120b01baa6', 'Ich habe einen Hund.', 'I have a dog.', 'لدي كلب.', 'Used in Fachsprache und Terminologie', 'neutral', false, NULL, 4),
  ('672b5335-1fdb-4281-af03-84120b01baa6', 'Kannst du mir helfen?', 'Can you help me?', 'هل يمكنك مساعدتي؟', 'Used in Fachsprache und Terminologie', 'informal', false, NULL, 5),
  ('672b5335-1fdb-4281-af03-84120b01baa6', 'Wir müssen jetzt gehen.', 'We must go now.', 'يجب أن نذهب الآن.', 'Used in Fachsprache und Terminologie', 'neutral', false, NULL, 6),
  ('672b5335-1fdb-4281-af03-84120b01baa6', 'Er ist gestern gekommen.', 'He came yesterday.', 'لقد أمس أتى.', 'Used in Fachsprache und Terminologie', 'neutral', false, NULL, 7),
  ('672b5335-1fdb-4281-af03-84120b01baa6', 'Sie hat ein Buch gelesen.', 'She read a book.', 'هي قرأت كتاباً.', 'Used in Fachsprache und Terminologie', 'neutral', false, NULL, 8);

INSERT INTO public.lesson_flashcards (lesson_id, front, back, hint, category, order_index) VALUES
  ('672b5335-1fdb-4281-af03-84120b01baa6', 'der', 'the (masculine)', 'Article for male nouns', 'grammar', 1),
  ('672b5335-1fdb-4281-af03-84120b01baa6', 'die', 'the (feminine/plural)', 'Article for female/plural', 'grammar', 2),
  ('672b5335-1fdb-4281-af03-84120b01baa6', 'das', 'the (neuter)', 'Article for neutral nouns', 'grammar', 3),
  ('672b5335-1fdb-4281-af03-84120b01baa6', 'ein', 'a (masculine/neuter)', 'Indefinite article', 'grammar', 4),
  ('672b5335-1fdb-4281-af03-84120b01baa6', 'eine', 'a (feminine)', 'Indefinite article', 'grammar', 5),
  ('672b5335-1fdb-4281-af03-84120b01baa6', 'ich', 'I', 'First person singular', 'grammar', 6),
  ('672b5335-1fdb-4281-af03-84120b01baa6', 'du', 'you (informal)', 'Second person singular', 'grammar', 7),
  ('672b5335-1fdb-4281-af03-84120b01baa6', 'Sie', 'you (formal)', 'Capital S', 'grammar', 8);

INSERT INTO public.lesson_homework (lesson_id, title, description, homework_type, tasks, estimated_minutes, order_index) VALUES
  ('672b5335-1fdb-4281-af03-84120b01baa6', 'Homework: Grammatik: Komplexe Nominalphrasen', 'Complete these tasks to reinforce "Grammatik: Komplexe Nominalphrasen" (Fachsprache und Terminologie).', 'mixed', '[{"description":"Review all vocabulary from \"Grammatik: Komplexe Nominalphrasen\" — write each word with its article and plural form."},{"description":"Write 5 sentences using the key words from this lesson."},{"description":"Practice the dialogue aloud 3 times and record yourself."},{"description":"Explain the grammar rule in your own words and give 3 original examples."},{"description":"Find 3 more examples of this grammar rule in German texts or online."}]', 25, 1);

INSERT INTO public.lesson_reviews (lesson_id, summary, key_points, grammar_summary, vocabulary_focus, common_mistakes_summary, tips) VALUES
  ('672b5335-1fdb-4281-af03-84120b01baa6', 'In this lesson on "Grammatik: Komplexe Nominalphrasen" (Fachsprache und Terminologie), you learned key grammar concepts at B2 level. Regular practice will help reinforce your understanding and build fluency.', '["Mastered the core vocabulary and expressions of \"Grammatik: Komplexe Nominalphrasen\"","Understood and practiced the grammar structures taught","Developed grammar skills through targeted exercises","Built confidence in using German in practical situations","Identified areas for further practice and improvement","Connected new knowledge with previously learned material"]', '[{"title":"Key Grammar Points","summary":"Review the grammar rules and structures from this lesson on \"Grammatik: Komplexe Nominalphrasen\""}]', ARRAY['"Grammatik: Komplexe Nominalphrasen" core vocabulary', 'Fachsprache und Terminologie key terms']::text[], ARRAY['Pay attention to article gender (der/die/das)', 'Verb is always in second position in main clauses', 'Remember: German nouns are always capitalized']::text[], ARRAY['Practice 15-20 minutes daily for best results', 'Use new vocabulary in real sentences immediately', 'Speak out loud to improve pronunciation and fluency', 'Review previous lessons before starting new material']::text[]);

INSERT INTO public.lesson_speaking (lesson_id, title, prompt, scenario, tips, vocabulary_hints, min_duration_seconds, order_index) VALUES
  ('672b5335-1fdb-4281-af03-84120b01baa6', 'Grammatik: Komplexe Nominalphrasen — Speaking 1', 'Practice the key vocabulary and phrases from "Grammatik: Komplexe Nominalphrasen" aloud. Focus on correct pronunciation.', 'Speaking practice for Fachsprache und Terminologie', ARRAY['Speak slowly and clearly', 'Use full sentences', 'Don''t worry about mistakes', 'Practice 3 times']::text[], ARRAY['Use this lesson''s vocabulary', 'Apply correct grammar']::text[], 30, 1);

INSERT INTO public.lesson_speaking (lesson_id, title, prompt, scenario, tips, vocabulary_hints, min_duration_seconds, order_index) VALUES
  ('672b5335-1fdb-4281-af03-84120b01baa6', 'Grammatik: Komplexe Nominalphrasen — Speaking 2', 'Role-play: Imagine you are in a situation related to Fachsprache und Terminologie. Have a dialogue with a partner.', 'Speaking practice for Fachsprache und Terminologie', ARRAY['Speak slowly and clearly', 'Use full sentences', 'Don''t worry about mistakes', 'Practice 3 times']::text[], ARRAY['Use this lesson''s vocabulary', 'Apply correct grammar']::text[], 60, 2);

INSERT INTO public.lesson_writing (lesson_id, title, task, tips, vocabulary_hints, grammar_focus, word_limit_min, word_limit_max, order_index) VALUES
  ('672b5335-1fdb-4281-af03-84120b01baa6', 'Grammatik: Komplexe Nominalphrasen — Writing Task 1', 'Write a short text (50-100 words) about grammatik: komplexe nominalphrasen. Use at least 5 vocabulary words from this lesson. Focus on correct sentence structure.', ARRAY['Use vocabulary from this lesson', 'Check your grammar', 'Write complete sentences']::text[], ARRAY['Apply new vocabulary', 'Use correct articles']::text[], ARRAY['Sentence structure', 'Verb conjugation', 'Article-noun agreement']::text[], 50, 150, 1);

INSERT INTO public.lesson_conversations (lesson_id, title, scenario, role_user, role_ai, context, opening_line, vocabulary_hints, difficulty, order_index) VALUES
  ('672b5335-1fdb-4281-af03-84120b01baa6', 'Grammatik: Komplexe Nominalphrasen — Conversation 1', 'Practice a realistic conversation about grammatik: komplexe nominalphrasen in the context of Fachsprache und Terminologie.', 'Student', 'Teacher', 'You are a student at B2 level. Practice having a natural German conversation about this lesson''s topic.', 'Hallo! Lass uns über "Grammatik: Komplexe Nominalphrasen" sprechen. Bist du bereit?', ARRAY[]::text[], 'intermediate', 1);

INSERT INTO public.lesson_ai_challenges (lesson_id, title, question, scenario, expected_elements, tips, difficulty, order_index) VALUES
  ('672b5335-1fdb-4281-af03-84120b01baa6', 'Grammatik: Komplexe Nominalphrasen — Creative Application', 'Create a short dialogue or story using at least 10 vocabulary words and grammar structures from "Grammatik: Komplexe Nominalphrasen". The dialogue should be realistic and related to Fachsprache und Terminologie.', 'Creative practice for Grammatik: Komplexe Nominalphrasen', ARRAY['10+ vocabulary words from the lesson', 'Correct grammar application', 'Realistic and natural dialogue', 'Creative and original content']::text[], ARRAY['Review the lesson material first', 'Take your time to think', 'Be creative and original']::text[], 'easy', 1);

INSERT INTO public.lesson_ai_challenges (lesson_id, title, question, scenario, expected_elements, tips, difficulty, order_index) VALUES
  ('672b5335-1fdb-4281-af03-84120b01baa6', 'Grammatik: Komplexe Nominalphrasen — Deep Understanding', 'Explain the most important concepts from "Grammatik: Komplexe Nominalphrasen" in your own words. Give 3 original examples for each main concept. What did you find most challenging and why?', 'Creative practice for Grammatik: Komplexe Nominalphrasen', ARRAY['All key concepts covered thoroughly', 'Original examples provided', 'Self-reflection on learning process', 'Questions for the teacher identified']::text[], ARRAY['Review the lesson material first', 'Take your time to think', 'Be creative and original']::text[], 'medium', 2);

INSERT INTO public.lesson_reading (lesson_id, title, content, english_translation, arabic_translation, word_count, difficulty_rating, audio_url, source) VALUES
  ('672b5335-1fdb-4281-af03-84120b01baa6', 'Grammatik: Komplexe Nominalphrasen — Reading Practice', 'This is a B2-level reading passage about grammatik: komplexe nominalphrasen in the context of Fachsprache und Terminologie.

Grammatik: Komplexe Nominalphrasen is an important topic for German learners. In this lesson, you will learn key vocabulary and grammar structures that will help you communicate effectively in real-life situations.

The module "Fachsprache und Terminologie" provides a comprehensive introduction to this topic. By studying this material carefully and practicing regularly, you will build confidence in your German language skills.

Try to read the passage without translating every word. Focus on understanding the main ideas first. Then read again for details. Finally, practice reading aloud to improve your pronunciation.', NULL, NULL, 102, 1, NULL, 'DeutschMentor Curriculum');

INSERT INTO public.lesson_listening (lesson_id, title, transcript, english_translation, arabic_translation, audio_url, duration_seconds, speaker_count, scenario) VALUES
  ('672b5335-1fdb-4281-af03-84120b01baa6', 'Grammatik: Komplexe Nominalphrasen — Listening Exercise', '[Teacher]: Hallo! Willkommen zur Lektion "Grammatik: Komplexe Nominalphrasen" aus dem Modul "Fachsprache und Terminologie".

[Teacher]: Heute lernen wir wichtige Wörter und Sätze. Bitte hören Sie gut zu und wiederholen Sie.

[Student]: Ich bin bereit! Was lernen wir zuerst?

[Teacher]: Wir beginnen mit den Grundlagen. Wiederholen Sie bitte jedes Wort nach mir.

[Student]: Das ist eine gute Übung. Kann ich die Wörter auch in Sätzen hören?

[Teacher]: Natürlich! Ich zeige Ihnen Beispiele für jeden Satz. Dann üben wir zusammen.

[Student]: Perfekt! Vielen Dank für die Hilfe.

[Teacher]: Gern geschehen! Üben Sie zu Hause weiter. Viel Erfolg!', NULL, NULL, NULL, 120, 2, 'Fachsprache und Terminologie');

INSERT INTO public.lesson_expressions (lesson_id, german, english_translation, arabic_translation, usage_context, formality, is_idiom, literal_translation, order_index) VALUES
  ('33d6df3c-60f2-4d11-8b9a-fa63f48fd166', 'Was sind Sie von Beruf?', 'What do you do for a living?', 'ما هي مهنتك؟', 'Used in Berufliche Kommunikation', 'formal', false, NULL, 1),
  ('33d6df3c-60f2-4d11-8b9a-fa63f48fd166', 'Ich arbeite als Ingenieur.', 'I work as an engineer.', 'أعمل كمهندس.', 'Used in Berufliche Kommunikation', 'neutral', false, NULL, 2),
  ('33d6df3c-60f2-4d11-8b9a-fa63f48fd166', 'Wo arbeiten Sie?', 'Where do you work?', 'أين تعمل؟', 'Used in Berufliche Kommunikation', 'formal', false, NULL, 3),
  ('33d6df3c-60f2-4d11-8b9a-fa63f48fd166', 'Ich bin selbstständig.', 'I am self-employed.', 'أنا مستقل.', 'Used in Berufliche Kommunikation', 'neutral', false, NULL, 4),
  ('33d6df3c-60f2-4d11-8b9a-fa63f48fd166', 'Ich bin Angestellte bei einer Firma.', 'I am an employee at a company.', 'أنا موظفة في شركة.', 'Used in Berufliche Kommunikation', 'neutral', false, NULL, 5),
  ('33d6df3c-60f2-4d11-8b9a-fa63f48fd166', 'Mein Büro ist im Zentrum.', 'My office is in the center.', 'مكتبي في المركز.', 'Used in Berufliche Kommunikation', 'neutral', false, NULL, 6),
  ('33d6df3c-60f2-4d11-8b9a-fa63f48fd166', 'Ich arbeite von 9 bis 17 Uhr.', 'I work from 9 to 5.', 'أعمل من 9 إلى 5.', 'Used in Berufliche Kommunikation', 'neutral', false, NULL, 7);

INSERT INTO public.lesson_flashcards (lesson_id, front, back, hint, category, order_index) VALUES
  ('33d6df3c-60f2-4d11-8b9a-fa63f48fd166', 'der Beruf', 'profession', 'Job title', 'vocabulary', 1),
  ('33d6df3c-60f2-4d11-8b9a-fa63f48fd166', 'die Arbeit', 'work', 'What you do', 'vocabulary', 2),
  ('33d6df3c-60f2-4d11-8b9a-fa63f48fd166', 'das Büro', 'office', 'Where you work', 'vocabulary', 3),
  ('33d6df3c-60f2-4d11-8b9a-fa63f48fd166', 'der Chef', 'boss', 'Your supervisor', 'vocabulary', 4),
  ('33d6df3c-60f2-4d11-8b9a-fa63f48fd166', 'die Firma', 'company', 'Business', 'vocabulary', 5),
  ('33d6df3c-60f2-4d11-8b9a-fa63f48fd166', 'der Kollege', 'colleague', 'Work together', 'vocabulary', 6),
  ('33d6df3c-60f2-4d11-8b9a-fa63f48fd166', 'das Gehalt', 'salary', 'Monthly payment', 'vocabulary', 7),
  ('33d6df3c-60f2-4d11-8b9a-fa63f48fd166', 'die Bewerbung', 'application', 'For a job', 'vocabulary', 8);

INSERT INTO public.lesson_homework (lesson_id, title, description, homework_type, tasks, estimated_minutes, order_index) VALUES
  ('33d6df3c-60f2-4d11-8b9a-fa63f48fd166', 'Homework: Grammatik: Konnektoren und Satzverbindungen', 'Complete these tasks to reinforce "Grammatik: Konnektoren und Satzverbindungen" (Berufliche Kommunikation).', 'vocabulary', '[{"description":"Review all vocabulary from \"Grammatik: Konnektoren und Satzverbindungen\" — write each word with its article and plural form."},{"description":"Write 5 sentences using the key words from this lesson."},{"description":"Practice the dialogue aloud 3 times and record yourself."},{"description":"Explain the grammar rule in your own words and give 3 original examples."},{"description":"Find 3 more examples of this grammar rule in German texts or online."}]', 15, 1);

INSERT INTO public.lesson_reviews (lesson_id, summary, key_points, grammar_summary, vocabulary_focus, common_mistakes_summary, tips) VALUES
  ('33d6df3c-60f2-4d11-8b9a-fa63f48fd166', 'In this lesson on "Grammatik: Konnektoren und Satzverbindungen" (Berufliche Kommunikation), you learned key grammar concepts at B2 level. Regular practice will help reinforce your understanding and build fluency.', '["Mastered the core vocabulary and expressions of \"Grammatik: Konnektoren und Satzverbindungen\"","Understood and practiced the grammar structures taught","Developed grammar skills through targeted exercises","Built confidence in using German in practical situations","Identified areas for further practice and improvement","Connected new knowledge with previously learned material"]', '[{"title":"Key Grammar Points","summary":"Review the grammar rules and structures from this lesson on \"Grammatik: Konnektoren und Satzverbindungen\""}]', ARRAY['"Grammatik: Konnektoren und Satzverbindungen" core vocabulary', 'Berufliche Kommunikation key terms']::text[], ARRAY['Pay attention to article gender (der/die/das)', 'Verb is always in second position in main clauses', 'Remember: German nouns are always capitalized']::text[], ARRAY['Practice 15-20 minutes daily for best results', 'Use new vocabulary in real sentences immediately', 'Speak out loud to improve pronunciation and fluency', 'Review previous lessons before starting new material']::text[]);

INSERT INTO public.lesson_speaking (lesson_id, title, prompt, scenario, tips, vocabulary_hints, min_duration_seconds, order_index) VALUES
  ('33d6df3c-60f2-4d11-8b9a-fa63f48fd166', 'Grammatik: Konnektoren und Satzverbindungen — Speaking 1', 'Practice the key vocabulary and phrases from "Grammatik: Konnektoren und Satzverbindungen" aloud. Focus on correct pronunciation.', 'Speaking practice for Berufliche Kommunikation', ARRAY['Speak slowly and clearly', 'Use full sentences', 'Don''t worry about mistakes', 'Practice 3 times']::text[], ARRAY['Use this lesson''s vocabulary', 'Apply correct grammar']::text[], 30, 1);

INSERT INTO public.lesson_speaking (lesson_id, title, prompt, scenario, tips, vocabulary_hints, min_duration_seconds, order_index) VALUES
  ('33d6df3c-60f2-4d11-8b9a-fa63f48fd166', 'Grammatik: Konnektoren und Satzverbindungen — Speaking 2', 'Role-play: Imagine you are in a situation related to Berufliche Kommunikation. Have a dialogue with a partner.', 'Speaking practice for Berufliche Kommunikation', ARRAY['Speak slowly and clearly', 'Use full sentences', 'Don''t worry about mistakes', 'Practice 3 times']::text[], ARRAY['Use this lesson''s vocabulary', 'Apply correct grammar']::text[], 60, 2);

INSERT INTO public.lesson_writing (lesson_id, title, task, tips, vocabulary_hints, grammar_focus, word_limit_min, word_limit_max, order_index) VALUES
  ('33d6df3c-60f2-4d11-8b9a-fa63f48fd166', 'Grammatik: Konnektoren und Satzverbindungen — Writing Task 1', 'Write a short text (50-100 words) about grammatik: konnektoren und satzverbindungen. Use at least 5 vocabulary words from this lesson. Focus on correct sentence structure.', ARRAY['Use vocabulary from this lesson', 'Check your grammar', 'Write complete sentences']::text[], ARRAY['Apply new vocabulary', 'Use correct articles']::text[], ARRAY['Sentence structure', 'Verb conjugation', 'Article-noun agreement']::text[], 50, 150, 1);

INSERT INTO public.lesson_conversations (lesson_id, title, scenario, role_user, role_ai, context, opening_line, vocabulary_hints, difficulty, order_index) VALUES
  ('33d6df3c-60f2-4d11-8b9a-fa63f48fd166', 'Grammatik: Konnektoren und Satzverbindungen — Conversation 1', 'Practice a realistic conversation about grammatik: konnektoren und satzverbindungen in the context of Berufliche Kommunikation.', 'Student', 'Teacher', 'You are a student at B2 level. Practice having a natural German conversation about this lesson''s topic.', 'Hallo! Lass uns über "Grammatik: Konnektoren und Satzverbindungen" sprechen. Bist du bereit?', ARRAY[]::text[], 'intermediate', 1);

INSERT INTO public.lesson_ai_challenges (lesson_id, title, question, scenario, expected_elements, tips, difficulty, order_index) VALUES
  ('33d6df3c-60f2-4d11-8b9a-fa63f48fd166', 'Grammatik: Konnektoren und Satzverbindungen — Creative Application', 'Create a short dialogue or story using at least 10 vocabulary words and grammar structures from "Grammatik: Konnektoren und Satzverbindungen". The dialogue should be realistic and related to Berufliche Kommunikation.', 'Creative practice for Grammatik: Konnektoren und Satzverbindungen', ARRAY['10+ vocabulary words from the lesson', 'Correct grammar application', 'Realistic and natural dialogue', 'Creative and original content']::text[], ARRAY['Review the lesson material first', 'Take your time to think', 'Be creative and original']::text[], 'easy', 1);

INSERT INTO public.lesson_ai_challenges (lesson_id, title, question, scenario, expected_elements, tips, difficulty, order_index) VALUES
  ('33d6df3c-60f2-4d11-8b9a-fa63f48fd166', 'Grammatik: Konnektoren und Satzverbindungen — Deep Understanding', 'Explain the most important concepts from "Grammatik: Konnektoren und Satzverbindungen" in your own words. Give 3 original examples for each main concept. What did you find most challenging and why?', 'Creative practice for Grammatik: Konnektoren und Satzverbindungen', ARRAY['All key concepts covered thoroughly', 'Original examples provided', 'Self-reflection on learning process', 'Questions for the teacher identified']::text[], ARRAY['Review the lesson material first', 'Take your time to think', 'Be creative and original']::text[], 'medium', 2);

INSERT INTO public.lesson_reading (lesson_id, title, content, english_translation, arabic_translation, word_count, difficulty_rating, audio_url, source) VALUES
  ('33d6df3c-60f2-4d11-8b9a-fa63f48fd166', 'Grammatik: Konnektoren und Satzverbindungen — Reading Practice', 'This is a B2-level reading passage about grammatik: konnektoren und satzverbindungen in the context of Berufliche Kommunikation.

Grammatik: Konnektoren und Satzverbindungen is an important topic for German learners. In this lesson, you will learn key vocabulary and grammar structures that will help you communicate effectively in real-life situations.

The module "Berufliche Kommunikation" provides a comprehensive introduction to this topic. By studying this material carefully and practicing regularly, you will build confidence in your German language skills.

Try to read the passage without translating every word. Focus on understanding the main ideas first. Then read again for details. Finally, practice reading aloud to improve your pronunciation.', NULL, NULL, 102, 1, NULL, 'DeutschMentor Curriculum');

INSERT INTO public.lesson_listening (lesson_id, title, transcript, english_translation, arabic_translation, audio_url, duration_seconds, speaker_count, scenario) VALUES
  ('33d6df3c-60f2-4d11-8b9a-fa63f48fd166', 'Grammatik: Konnektoren und Satzverbindungen — Listening Exercise', '[Teacher]: Hallo! Willkommen zur Lektion "Grammatik: Konnektoren und Satzverbindungen" aus dem Modul "Berufliche Kommunikation".

[Teacher]: Heute lernen wir wichtige Wörter und Sätze. Bitte hören Sie gut zu und wiederholen Sie.

[Student]: Ich bin bereit! Was lernen wir zuerst?

[Teacher]: Wir beginnen mit den Grundlagen. Wiederholen Sie bitte jedes Wort nach mir.

[Student]: Das ist eine gute Übung. Kann ich die Wörter auch in Sätzen hören?

[Teacher]: Natürlich! Ich zeige Ihnen Beispiele für jeden Satz. Dann üben wir zusammen.

[Student]: Perfekt! Vielen Dank für die Hilfe.

[Teacher]: Gern geschehen! Üben Sie zu Hause weiter. Viel Erfolg!', NULL, NULL, NULL, 120, 2, 'Berufliche Kommunikation');

INSERT INTO public.lesson_expressions (lesson_id, german, english_translation, arabic_translation, usage_context, formality, is_idiom, literal_translation, order_index) VALUES
  ('b9c585da-b3e3-4eef-a6ba-d87fe4810ae8', 'Der Mann geht nach Hause.', 'The man goes home.', 'الرجل يذهب إلى المنزل.', 'Used in Diskussion und Argumentation', 'neutral', false, NULL, 1),
  ('b9c585da-b3e3-4eef-a6ba-d87fe4810ae8', 'Die Frau kommt aus Berlin.', 'The woman comes from Berlin.', 'المرأة تأتي من برلين.', 'Used in Diskussion und Argumentation', 'neutral', false, NULL, 2),
  ('b9c585da-b3e3-4eef-a6ba-d87fe4810ae8', 'Das Kind spielt im Garten.', 'The child plays in the garden.', 'الطفل يلعب في الحديقة.', 'Used in Diskussion und Argumentation', 'neutral', false, NULL, 3),
  ('b9c585da-b3e3-4eef-a6ba-d87fe4810ae8', 'Ich habe einen Hund.', 'I have a dog.', 'لدي كلب.', 'Used in Diskussion und Argumentation', 'neutral', false, NULL, 4),
  ('b9c585da-b3e3-4eef-a6ba-d87fe4810ae8', 'Kannst du mir helfen?', 'Can you help me?', 'هل يمكنك مساعدتي؟', 'Used in Diskussion und Argumentation', 'informal', false, NULL, 5),
  ('b9c585da-b3e3-4eef-a6ba-d87fe4810ae8', 'Wir müssen jetzt gehen.', 'We must go now.', 'يجب أن نذهب الآن.', 'Used in Diskussion und Argumentation', 'neutral', false, NULL, 6),
  ('b9c585da-b3e3-4eef-a6ba-d87fe4810ae8', 'Er ist gestern gekommen.', 'He came yesterday.', 'لقد أمس أتى.', 'Used in Diskussion und Argumentation', 'neutral', false, NULL, 7),
  ('b9c585da-b3e3-4eef-a6ba-d87fe4810ae8', 'Sie hat ein Buch gelesen.', 'She read a book.', 'هي قرأت كتاباً.', 'Used in Diskussion und Argumentation', 'neutral', false, NULL, 8);

INSERT INTO public.lesson_flashcards (lesson_id, front, back, hint, category, order_index) VALUES
  ('b9c585da-b3e3-4eef-a6ba-d87fe4810ae8', 'der', 'the (masculine)', 'Article for male nouns', 'grammar', 1),
  ('b9c585da-b3e3-4eef-a6ba-d87fe4810ae8', 'die', 'the (feminine/plural)', 'Article for female/plural', 'grammar', 2),
  ('b9c585da-b3e3-4eef-a6ba-d87fe4810ae8', 'das', 'the (neuter)', 'Article for neutral nouns', 'grammar', 3),
  ('b9c585da-b3e3-4eef-a6ba-d87fe4810ae8', 'ein', 'a (masculine/neuter)', 'Indefinite article', 'grammar', 4),
  ('b9c585da-b3e3-4eef-a6ba-d87fe4810ae8', 'eine', 'a (feminine)', 'Indefinite article', 'grammar', 5),
  ('b9c585da-b3e3-4eef-a6ba-d87fe4810ae8', 'ich', 'I', 'First person singular', 'grammar', 6),
  ('b9c585da-b3e3-4eef-a6ba-d87fe4810ae8', 'du', 'you (informal)', 'Second person singular', 'grammar', 7),
  ('b9c585da-b3e3-4eef-a6ba-d87fe4810ae8', 'Sie', 'you (formal)', 'Capital S', 'grammar', 8);

INSERT INTO public.lesson_homework (lesson_id, title, description, homework_type, tasks, estimated_minutes, order_index) VALUES
  ('b9c585da-b3e3-4eef-a6ba-d87fe4810ae8', 'Homework: Grammatik: Je...desto/umso und erweiterte Infinitivsätze', 'Complete these tasks to reinforce "Grammatik: Je...desto/umso und erweiterte Infinitivsätze" (Diskussion und Argumentation).', 'writing', '[{"description":"Review all vocabulary from \"Grammatik: Je...desto/umso und erweiterte Infinitivsätze\" — write each word with its article and plural form."},{"description":"Write 5 sentences using the key words from this lesson."},{"description":"Practice the dialogue aloud 3 times and record yourself."},{"description":"Explain the grammar rule in your own words and give 3 original examples."},{"description":"Find 3 more examples of this grammar rule in German texts or online."}]', 20, 1);

INSERT INTO public.lesson_reviews (lesson_id, summary, key_points, grammar_summary, vocabulary_focus, common_mistakes_summary, tips) VALUES
  ('b9c585da-b3e3-4eef-a6ba-d87fe4810ae8', 'In this lesson on "Grammatik: Je...desto/umso und erweiterte Infinitivsätze" (Diskussion und Argumentation), you learned key grammar concepts at B2 level. Regular practice will help reinforce your understanding and build fluency.', '["Mastered the core vocabulary and expressions of \"Grammatik: Je...desto/umso und erweiterte Infinitivsätze\"","Understood and practiced the grammar structures taught","Developed grammar skills through targeted exercises","Built confidence in using German in practical situations","Identified areas for further practice and improvement","Connected new knowledge with previously learned material"]', '[{"title":"Key Grammar Points","summary":"Review the grammar rules and structures from this lesson on \"Grammatik: Je...desto/umso und erweiterte Infinitivsätze\""}]', ARRAY['"Grammatik: Je...desto/umso und erweiterte Infinitivsätze" core vocabulary', 'Diskussion und Argumentation key terms']::text[], ARRAY['Pay attention to article gender (der/die/das)', 'Verb is always in second position in main clauses', 'Remember: German nouns are always capitalized']::text[], ARRAY['Practice 15-20 minutes daily for best results', 'Use new vocabulary in real sentences immediately', 'Speak out loud to improve pronunciation and fluency', 'Review previous lessons before starting new material']::text[]);

INSERT INTO public.lesson_speaking (lesson_id, title, prompt, scenario, tips, vocabulary_hints, min_duration_seconds, order_index) VALUES
  ('b9c585da-b3e3-4eef-a6ba-d87fe4810ae8', 'Grammatik: Je...desto/umso und erweiterte Infinitivsätze — Speaking 1', 'Practice the key vocabulary and phrases from "Grammatik: Je...desto/umso und erweiterte Infinitivsätze" aloud. Focus on correct pronunciation.', 'Speaking practice for Diskussion und Argumentation', ARRAY['Speak slowly and clearly', 'Use full sentences', 'Don''t worry about mistakes', 'Practice 3 times']::text[], ARRAY['Use this lesson''s vocabulary', 'Apply correct grammar']::text[], 30, 1);

INSERT INTO public.lesson_speaking (lesson_id, title, prompt, scenario, tips, vocabulary_hints, min_duration_seconds, order_index) VALUES
  ('b9c585da-b3e3-4eef-a6ba-d87fe4810ae8', 'Grammatik: Je...desto/umso und erweiterte Infinitivsätze — Speaking 2', 'Role-play: Imagine you are in a situation related to Diskussion und Argumentation. Have a dialogue with a partner.', 'Speaking practice for Diskussion und Argumentation', ARRAY['Speak slowly and clearly', 'Use full sentences', 'Don''t worry about mistakes', 'Practice 3 times']::text[], ARRAY['Use this lesson''s vocabulary', 'Apply correct grammar']::text[], 60, 2);

INSERT INTO public.lesson_writing (lesson_id, title, task, tips, vocabulary_hints, grammar_focus, word_limit_min, word_limit_max, order_index) VALUES
  ('b9c585da-b3e3-4eef-a6ba-d87fe4810ae8', 'Grammatik: Je...desto/umso und erweiterte Infinitivsätze — Writing Task 1', 'Write a short text (50-100 words) about grammatik: je...desto/umso und erweiterte infinitivsätze. Use at least 5 vocabulary words from this lesson. Focus on correct sentence structure.', ARRAY['Use vocabulary from this lesson', 'Check your grammar', 'Write complete sentences']::text[], ARRAY['Apply new vocabulary', 'Use correct articles']::text[], ARRAY['Sentence structure', 'Verb conjugation', 'Article-noun agreement']::text[], 50, 150, 1);

INSERT INTO public.lesson_conversations (lesson_id, title, scenario, role_user, role_ai, context, opening_line, vocabulary_hints, difficulty, order_index) VALUES
  ('b9c585da-b3e3-4eef-a6ba-d87fe4810ae8', 'Grammatik: Je...desto/umso und erweiterte Infinitivsätze — Conversation 1', 'Practice a realistic conversation about grammatik: je...desto/umso und erweiterte infinitivsätze in the context of Diskussion und Argumentation.', 'Student', 'Teacher', 'You are a student at B2 level. Practice having a natural German conversation about this lesson''s topic.', 'Hallo! Lass uns über "Grammatik: Je...desto/umso und erweiterte Infinitivsätze" sprechen. Bist du bereit?', ARRAY[]::text[], 'intermediate', 1);

INSERT INTO public.lesson_ai_challenges (lesson_id, title, question, scenario, expected_elements, tips, difficulty, order_index) VALUES
  ('b9c585da-b3e3-4eef-a6ba-d87fe4810ae8', 'Grammatik: Je...desto/umso und erweiterte Infinitivsätze — Creative Application', 'Create a short dialogue or story using at least 10 vocabulary words and grammar structures from "Grammatik: Je...desto/umso und erweiterte Infinitivsätze". The dialogue should be realistic and related to Diskussion und Argumentation.', 'Creative practice for Grammatik: Je...desto/umso und erweiterte Infinitivsätze', ARRAY['10+ vocabulary words from the lesson', 'Correct grammar application', 'Realistic and natural dialogue', 'Creative and original content']::text[], ARRAY['Review the lesson material first', 'Take your time to think', 'Be creative and original']::text[], 'easy', 1);

INSERT INTO public.lesson_ai_challenges (lesson_id, title, question, scenario, expected_elements, tips, difficulty, order_index) VALUES
  ('b9c585da-b3e3-4eef-a6ba-d87fe4810ae8', 'Grammatik: Je...desto/umso und erweiterte Infinitivsätze — Deep Understanding', 'Explain the most important concepts from "Grammatik: Je...desto/umso und erweiterte Infinitivsätze" in your own words. Give 3 original examples for each main concept. What did you find most challenging and why?', 'Creative practice for Grammatik: Je...desto/umso und erweiterte Infinitivsätze', ARRAY['All key concepts covered thoroughly', 'Original examples provided', 'Self-reflection on learning process', 'Questions for the teacher identified']::text[], ARRAY['Review the lesson material first', 'Take your time to think', 'Be creative and original']::text[], 'medium', 2);

INSERT INTO public.lesson_reading (lesson_id, title, content, english_translation, arabic_translation, word_count, difficulty_rating, audio_url, source) VALUES
  ('b9c585da-b3e3-4eef-a6ba-d87fe4810ae8', 'Grammatik: Je...desto/umso und erweiterte Infinitivsätze — Reading Practice', 'This is a B2-level reading passage about grammatik: je...desto/umso und erweiterte infinitivsätze in the context of Diskussion und Argumentation.

Grammatik: Je...desto/umso und erweiterte Infinitivsätze is an important topic for German learners. In this lesson, you will learn key vocabulary and grammar structures that will help you communicate effectively in real-life situations.

The module "Diskussion und Argumentation" provides a comprehensive introduction to this topic. By studying this material carefully and practicing regularly, you will build confidence in your German language skills.

Try to read the passage without translating every word. Focus on understanding the main ideas first. Then read again for details. Finally, practice reading aloud to improve your pronunciation.', NULL, NULL, 106, 1, NULL, 'DeutschMentor Curriculum');

INSERT INTO public.lesson_listening (lesson_id, title, transcript, english_translation, arabic_translation, audio_url, duration_seconds, speaker_count, scenario) VALUES
  ('b9c585da-b3e3-4eef-a6ba-d87fe4810ae8', 'Grammatik: Je...desto/umso und erweiterte Infinitivsätze — Listening Exercise', '[Teacher]: Hallo! Willkommen zur Lektion "Grammatik: Je...desto/umso und erweiterte Infinitivsätze" aus dem Modul "Diskussion und Argumentation".

[Teacher]: Heute lernen wir wichtige Wörter und Sätze. Bitte hören Sie gut zu und wiederholen Sie.

[Student]: Ich bin bereit! Was lernen wir zuerst?

[Teacher]: Wir beginnen mit den Grundlagen. Wiederholen Sie bitte jedes Wort nach mir.

[Student]: Das ist eine gute Übung. Kann ich die Wörter auch in Sätzen hören?

[Teacher]: Natürlich! Ich zeige Ihnen Beispiele für jeden Satz. Dann üben wir zusammen.

[Student]: Perfekt! Vielen Dank für die Hilfe.

[Teacher]: Gern geschehen! Üben Sie zu Hause weiter. Viel Erfolg!', NULL, NULL, NULL, 120, 2, 'Diskussion und Argumentation');

INSERT INTO public.lesson_expressions (lesson_id, german, english_translation, arabic_translation, usage_context, formality, is_idiom, literal_translation, order_index) VALUES
  ('e610f005-b994-46a2-9c06-e24c563db542', 'Der Mann geht nach Hause.', 'The man goes home.', 'الرجل يذهب إلى المنزل.', 'Used in Kultur und Gesellschaft', 'neutral', false, NULL, 1),
  ('e610f005-b994-46a2-9c06-e24c563db542', 'Die Frau kommt aus Berlin.', 'The woman comes from Berlin.', 'المرأة تأتي من برلين.', 'Used in Kultur und Gesellschaft', 'neutral', false, NULL, 2),
  ('e610f005-b994-46a2-9c06-e24c563db542', 'Das Kind spielt im Garten.', 'The child plays in the garden.', 'الطفل يلعب في الحديقة.', 'Used in Kultur und Gesellschaft', 'neutral', false, NULL, 3),
  ('e610f005-b994-46a2-9c06-e24c563db542', 'Ich habe einen Hund.', 'I have a dog.', 'لدي كلب.', 'Used in Kultur und Gesellschaft', 'neutral', false, NULL, 4),
  ('e610f005-b994-46a2-9c06-e24c563db542', 'Kannst du mir helfen?', 'Can you help me?', 'هل يمكنك مساعدتي؟', 'Used in Kultur und Gesellschaft', 'informal', false, NULL, 5),
  ('e610f005-b994-46a2-9c06-e24c563db542', 'Wir müssen jetzt gehen.', 'We must go now.', 'يجب أن نذهب الآن.', 'Used in Kultur und Gesellschaft', 'neutral', false, NULL, 6),
  ('e610f005-b994-46a2-9c06-e24c563db542', 'Er ist gestern gekommen.', 'He came yesterday.', 'لقد أمس أتى.', 'Used in Kultur und Gesellschaft', 'neutral', false, NULL, 7),
  ('e610f005-b994-46a2-9c06-e24c563db542', 'Sie hat ein Buch gelesen.', 'She read a book.', 'هي قرأت كتاباً.', 'Used in Kultur und Gesellschaft', 'neutral', false, NULL, 8);

INSERT INTO public.lesson_flashcards (lesson_id, front, back, hint, category, order_index) VALUES
  ('e610f005-b994-46a2-9c06-e24c563db542', 'der', 'the (masculine)', 'Article for male nouns', 'grammar', 1),
  ('e610f005-b994-46a2-9c06-e24c563db542', 'die', 'the (feminine/plural)', 'Article for female/plural', 'grammar', 2),
  ('e610f005-b994-46a2-9c06-e24c563db542', 'das', 'the (neuter)', 'Article for neutral nouns', 'grammar', 3),
  ('e610f005-b994-46a2-9c06-e24c563db542', 'ein', 'a (masculine/neuter)', 'Indefinite article', 'grammar', 4),
  ('e610f005-b994-46a2-9c06-e24c563db542', 'eine', 'a (feminine)', 'Indefinite article', 'grammar', 5),
  ('e610f005-b994-46a2-9c06-e24c563db542', 'ich', 'I', 'First person singular', 'grammar', 6),
  ('e610f005-b994-46a2-9c06-e24c563db542', 'du', 'you (informal)', 'Second person singular', 'grammar', 7),
  ('e610f005-b994-46a2-9c06-e24c563db542', 'Sie', 'you (formal)', 'Capital S', 'grammar', 8);

INSERT INTO public.lesson_homework (lesson_id, title, description, homework_type, tasks, estimated_minutes, order_index) VALUES
  ('e610f005-b994-46a2-9c06-e24c563db542', 'Homework: Grammatik: Nomen-Verb-Verbindungen und Stilebenen', 'Complete these tasks to reinforce "Grammatik: Nomen-Verb-Verbindungen und Stilebenen" (Kultur und Gesellschaft).', 'speaking', '[{"description":"Review all vocabulary from \"Grammatik: Nomen-Verb-Verbindungen und Stilebenen\" — write each word with its article and plural form."},{"description":"Write 5 sentences using the key words from this lesson."},{"description":"Practice the dialogue aloud 3 times and record yourself."},{"description":"Explain the grammar rule in your own words and give 3 original examples."},{"description":"Find 3 more examples of this grammar rule in German texts or online."}]', 25, 1);

INSERT INTO public.lesson_reviews (lesson_id, summary, key_points, grammar_summary, vocabulary_focus, common_mistakes_summary, tips) VALUES
  ('e610f005-b994-46a2-9c06-e24c563db542', 'In this lesson on "Grammatik: Nomen-Verb-Verbindungen und Stilebenen" (Kultur und Gesellschaft), you learned key grammar concepts at B2 level. Regular practice will help reinforce your understanding and build fluency.', '["Mastered the core vocabulary and expressions of \"Grammatik: Nomen-Verb-Verbindungen und Stilebenen\"","Understood and practiced the grammar structures taught","Developed grammar skills through targeted exercises","Built confidence in using German in practical situations","Identified areas for further practice and improvement","Connected new knowledge with previously learned material"]', '[{"title":"Key Grammar Points","summary":"Review the grammar rules and structures from this lesson on \"Grammatik: Nomen-Verb-Verbindungen und Stilebenen\""}]', ARRAY['"Grammatik: Nomen-Verb-Verbindungen und Stilebenen" core vocabulary', 'Kultur und Gesellschaft key terms']::text[], ARRAY['Pay attention to article gender (der/die/das)', 'Verb is always in second position in main clauses', 'Remember: German nouns are always capitalized']::text[], ARRAY['Practice 15-20 minutes daily for best results', 'Use new vocabulary in real sentences immediately', 'Speak out loud to improve pronunciation and fluency', 'Review previous lessons before starting new material']::text[]);

INSERT INTO public.lesson_speaking (lesson_id, title, prompt, scenario, tips, vocabulary_hints, min_duration_seconds, order_index) VALUES
  ('e610f005-b994-46a2-9c06-e24c563db542', 'Grammatik: Nomen-Verb-Verbindungen und Stilebenen — Speaking 1', 'Practice the key vocabulary and phrases from "Grammatik: Nomen-Verb-Verbindungen und Stilebenen" aloud. Focus on correct pronunciation.', 'Speaking practice for Kultur und Gesellschaft', ARRAY['Speak slowly and clearly', 'Use full sentences', 'Don''t worry about mistakes', 'Practice 3 times']::text[], ARRAY['Use this lesson''s vocabulary', 'Apply correct grammar']::text[], 30, 1);

INSERT INTO public.lesson_speaking (lesson_id, title, prompt, scenario, tips, vocabulary_hints, min_duration_seconds, order_index) VALUES
  ('e610f005-b994-46a2-9c06-e24c563db542', 'Grammatik: Nomen-Verb-Verbindungen und Stilebenen — Speaking 2', 'Role-play: Imagine you are in a situation related to Kultur und Gesellschaft. Have a dialogue with a partner.', 'Speaking practice for Kultur und Gesellschaft', ARRAY['Speak slowly and clearly', 'Use full sentences', 'Don''t worry about mistakes', 'Practice 3 times']::text[], ARRAY['Use this lesson''s vocabulary', 'Apply correct grammar']::text[], 60, 2);

INSERT INTO public.lesson_writing (lesson_id, title, task, tips, vocabulary_hints, grammar_focus, word_limit_min, word_limit_max, order_index) VALUES
  ('e610f005-b994-46a2-9c06-e24c563db542', 'Grammatik: Nomen-Verb-Verbindungen und Stilebenen — Writing Task 1', 'Write a short text (50-100 words) about grammatik: nomen-verb-verbindungen und stilebenen. Use at least 5 vocabulary words from this lesson. Focus on correct sentence structure.', ARRAY['Use vocabulary from this lesson', 'Check your grammar', 'Write complete sentences']::text[], ARRAY['Apply new vocabulary', 'Use correct articles']::text[], ARRAY['Sentence structure', 'Verb conjugation', 'Article-noun agreement']::text[], 50, 150, 1);

INSERT INTO public.lesson_conversations (lesson_id, title, scenario, role_user, role_ai, context, opening_line, vocabulary_hints, difficulty, order_index) VALUES
  ('e610f005-b994-46a2-9c06-e24c563db542', 'Grammatik: Nomen-Verb-Verbindungen und Stilebenen — Conversation 1', 'Practice a realistic conversation about grammatik: nomen-verb-verbindungen und stilebenen in the context of Kultur und Gesellschaft.', 'Student', 'Teacher', 'You are a student at B2 level. Practice having a natural German conversation about this lesson''s topic.', 'Hallo! Lass uns über "Grammatik: Nomen-Verb-Verbindungen und Stilebenen" sprechen. Bist du bereit?', ARRAY[]::text[], 'intermediate', 1);

INSERT INTO public.lesson_ai_challenges (lesson_id, title, question, scenario, expected_elements, tips, difficulty, order_index) VALUES
  ('e610f005-b994-46a2-9c06-e24c563db542', 'Grammatik: Nomen-Verb-Verbindungen und Stilebenen — Creative Application', 'Create a short dialogue or story using at least 10 vocabulary words and grammar structures from "Grammatik: Nomen-Verb-Verbindungen und Stilebenen". The dialogue should be realistic and related to Kultur und Gesellschaft.', 'Creative practice for Grammatik: Nomen-Verb-Verbindungen und Stilebenen', ARRAY['10+ vocabulary words from the lesson', 'Correct grammar application', 'Realistic and natural dialogue', 'Creative and original content']::text[], ARRAY['Review the lesson material first', 'Take your time to think', 'Be creative and original']::text[], 'easy', 1);

INSERT INTO public.lesson_ai_challenges (lesson_id, title, question, scenario, expected_elements, tips, difficulty, order_index) VALUES
  ('e610f005-b994-46a2-9c06-e24c563db542', 'Grammatik: Nomen-Verb-Verbindungen und Stilebenen — Deep Understanding', 'Explain the most important concepts from "Grammatik: Nomen-Verb-Verbindungen und Stilebenen" in your own words. Give 3 original examples for each main concept. What did you find most challenging and why?', 'Creative practice for Grammatik: Nomen-Verb-Verbindungen und Stilebenen', ARRAY['All key concepts covered thoroughly', 'Original examples provided', 'Self-reflection on learning process', 'Questions for the teacher identified']::text[], ARRAY['Review the lesson material first', 'Take your time to think', 'Be creative and original']::text[], 'medium', 2);

INSERT INTO public.lesson_reading (lesson_id, title, content, english_translation, arabic_translation, word_count, difficulty_rating, audio_url, source) VALUES
  ('e610f005-b994-46a2-9c06-e24c563db542', 'Grammatik: Nomen-Verb-Verbindungen und Stilebenen — Reading Practice', 'This is a B2-level reading passage about grammatik: nomen-verb-verbindungen und stilebenen in the context of Kultur und Gesellschaft.

Grammatik: Nomen-Verb-Verbindungen und Stilebenen is an important topic for German learners. In this lesson, you will learn key vocabulary and grammar structures that will help you communicate effectively in real-life situations.

The module "Kultur und Gesellschaft" provides a comprehensive introduction to this topic. By studying this material carefully and practicing regularly, you will build confidence in your German language skills.

Try to read the passage without translating every word. Focus on understanding the main ideas first. Then read again for details. Finally, practice reading aloud to improve your pronunciation.', NULL, NULL, 104, 1, NULL, 'DeutschMentor Curriculum');

INSERT INTO public.lesson_listening (lesson_id, title, transcript, english_translation, arabic_translation, audio_url, duration_seconds, speaker_count, scenario) VALUES
  ('e610f005-b994-46a2-9c06-e24c563db542', 'Grammatik: Nomen-Verb-Verbindungen und Stilebenen — Listening Exercise', '[Teacher]: Hallo! Willkommen zur Lektion "Grammatik: Nomen-Verb-Verbindungen und Stilebenen" aus dem Modul "Kultur und Gesellschaft".

[Teacher]: Heute lernen wir wichtige Wörter und Sätze. Bitte hören Sie gut zu und wiederholen Sie.

[Student]: Ich bin bereit! Was lernen wir zuerst?

[Teacher]: Wir beginnen mit den Grundlagen. Wiederholen Sie bitte jedes Wort nach mir.

[Student]: Das ist eine gute Übung. Kann ich die Wörter auch in Sätzen hören?

[Teacher]: Natürlich! Ich zeige Ihnen Beispiele für jeden Satz. Dann üben wir zusammen.

[Student]: Perfekt! Vielen Dank für die Hilfe.

[Teacher]: Gern geschehen! Üben Sie zu Hause weiter. Viel Erfolg!', NULL, NULL, NULL, 120, 2, 'Kultur und Gesellschaft');

INSERT INTO public.lesson_expressions (lesson_id, german, english_translation, arabic_translation, usage_context, formality, is_idiom, literal_translation, order_index) VALUES
  ('cc20c931-d9d9-4123-82ed-e2d026957c87', 'Der Mann geht nach Hause.', 'The man goes home.', 'الرجل يذهب إلى المنزل.', 'Used in Diskussion und Argumentation', 'neutral', false, NULL, 1),
  ('cc20c931-d9d9-4123-82ed-e2d026957c87', 'Die Frau kommt aus Berlin.', 'The woman comes from Berlin.', 'المرأة تأتي من برلين.', 'Used in Diskussion und Argumentation', 'neutral', false, NULL, 2),
  ('cc20c931-d9d9-4123-82ed-e2d026957c87', 'Das Kind spielt im Garten.', 'The child plays in the garden.', 'الطفل يلعب في الحديقة.', 'Used in Diskussion und Argumentation', 'neutral', false, NULL, 3),
  ('cc20c931-d9d9-4123-82ed-e2d026957c87', 'Ich habe einen Hund.', 'I have a dog.', 'لدي كلب.', 'Used in Diskussion und Argumentation', 'neutral', false, NULL, 4),
  ('cc20c931-d9d9-4123-82ed-e2d026957c87', 'Kannst du mir helfen?', 'Can you help me?', 'هل يمكنك مساعدتي؟', 'Used in Diskussion und Argumentation', 'informal', false, NULL, 5),
  ('cc20c931-d9d9-4123-82ed-e2d026957c87', 'Wir müssen jetzt gehen.', 'We must go now.', 'يجب أن نذهب الآن.', 'Used in Diskussion und Argumentation', 'neutral', false, NULL, 6),
  ('cc20c931-d9d9-4123-82ed-e2d026957c87', 'Er ist gestern gekommen.', 'He came yesterday.', 'لقد أمس أتى.', 'Used in Diskussion und Argumentation', 'neutral', false, NULL, 7),
  ('cc20c931-d9d9-4123-82ed-e2d026957c87', 'Sie hat ein Buch gelesen.', 'She read a book.', 'هي قرأت كتاباً.', 'Used in Diskussion und Argumentation', 'neutral', false, NULL, 8);

INSERT INTO public.lesson_flashcards (lesson_id, front, back, hint, category, order_index) VALUES
  ('cc20c931-d9d9-4123-82ed-e2d026957c87', 'der', 'the (masculine)', 'Article for male nouns', 'grammar', 1),
  ('cc20c931-d9d9-4123-82ed-e2d026957c87', 'die', 'the (feminine/plural)', 'Article for female/plural', 'grammar', 2),
  ('cc20c931-d9d9-4123-82ed-e2d026957c87', 'das', 'the (neuter)', 'Article for neutral nouns', 'grammar', 3),
  ('cc20c931-d9d9-4123-82ed-e2d026957c87', 'ein', 'a (masculine/neuter)', 'Indefinite article', 'grammar', 4),
  ('cc20c931-d9d9-4123-82ed-e2d026957c87', 'eine', 'a (feminine)', 'Indefinite article', 'grammar', 5),
  ('cc20c931-d9d9-4123-82ed-e2d026957c87', 'ich', 'I', 'First person singular', 'grammar', 6),
  ('cc20c931-d9d9-4123-82ed-e2d026957c87', 'du', 'you (informal)', 'Second person singular', 'grammar', 7),
  ('cc20c931-d9d9-4123-82ed-e2d026957c87', 'Sie', 'you (formal)', 'Capital S', 'grammar', 8);

INSERT INTO public.lesson_homework (lesson_id, title, description, homework_type, tasks, estimated_minutes, order_index) VALUES
  ('cc20c931-d9d9-4123-82ed-e2d026957c87', 'Homework: Grammatik: Je...desto/umso und erweiterte Infinitivsätze', 'Complete these tasks to reinforce "Grammatik: Je...desto/umso und erweiterte Infinitivsätze" (Diskussion und Argumentation).', 'reading', '[{"description":"Review all vocabulary from \"Grammatik: Je...desto/umso und erweiterte Infinitivsätze\" — write each word with its article and plural form."},{"description":"Write 5 sentences using the key words from this lesson."},{"description":"Practice the dialogue aloud 3 times and record yourself."},{"description":"Explain the grammar rule in your own words and give 3 original examples."},{"description":"Find 3 more examples of this grammar rule in German texts or online."}]', 15, 1);

INSERT INTO public.lesson_reviews (lesson_id, summary, key_points, grammar_summary, vocabulary_focus, common_mistakes_summary, tips) VALUES
  ('cc20c931-d9d9-4123-82ed-e2d026957c87', 'In this lesson on "Grammatik: Je...desto/umso und erweiterte Infinitivsätze" (Diskussion und Argumentation), you learned key grammar concepts at B2 level. Regular practice will help reinforce your understanding and build fluency.', '["Mastered the core vocabulary and expressions of \"Grammatik: Je...desto/umso und erweiterte Infinitivsätze\"","Understood and practiced the grammar structures taught","Developed grammar skills through targeted exercises","Built confidence in using German in practical situations","Identified areas for further practice and improvement","Connected new knowledge with previously learned material"]', '[{"title":"Key Grammar Points","summary":"Review the grammar rules and structures from this lesson on \"Grammatik: Je...desto/umso und erweiterte Infinitivsätze\""}]', ARRAY['"Grammatik: Je...desto/umso und erweiterte Infinitivsätze" core vocabulary', 'Diskussion und Argumentation key terms']::text[], ARRAY['Pay attention to article gender (der/die/das)', 'Verb is always in second position in main clauses', 'Remember: German nouns are always capitalized']::text[], ARRAY['Practice 15-20 minutes daily for best results', 'Use new vocabulary in real sentences immediately', 'Speak out loud to improve pronunciation and fluency', 'Review previous lessons before starting new material']::text[]);

INSERT INTO public.lesson_speaking (lesson_id, title, prompt, scenario, tips, vocabulary_hints, min_duration_seconds, order_index) VALUES
  ('cc20c931-d9d9-4123-82ed-e2d026957c87', 'Grammatik: Je...desto/umso und erweiterte Infinitivsätze — Speaking 1', 'Practice the key vocabulary and phrases from "Grammatik: Je...desto/umso und erweiterte Infinitivsätze" aloud. Focus on correct pronunciation.', 'Speaking practice for Diskussion und Argumentation', ARRAY['Speak slowly and clearly', 'Use full sentences', 'Don''t worry about mistakes', 'Practice 3 times']::text[], ARRAY['Use this lesson''s vocabulary', 'Apply correct grammar']::text[], 30, 1);

INSERT INTO public.lesson_speaking (lesson_id, title, prompt, scenario, tips, vocabulary_hints, min_duration_seconds, order_index) VALUES
  ('cc20c931-d9d9-4123-82ed-e2d026957c87', 'Grammatik: Je...desto/umso und erweiterte Infinitivsätze — Speaking 2', 'Role-play: Imagine you are in a situation related to Diskussion und Argumentation. Have a dialogue with a partner.', 'Speaking practice for Diskussion und Argumentation', ARRAY['Speak slowly and clearly', 'Use full sentences', 'Don''t worry about mistakes', 'Practice 3 times']::text[], ARRAY['Use this lesson''s vocabulary', 'Apply correct grammar']::text[], 60, 2);

INSERT INTO public.lesson_writing (lesson_id, title, task, tips, vocabulary_hints, grammar_focus, word_limit_min, word_limit_max, order_index) VALUES
  ('cc20c931-d9d9-4123-82ed-e2d026957c87', 'Grammatik: Je...desto/umso und erweiterte Infinitivsätze — Writing Task 1', 'Write a short text (50-100 words) about grammatik: je...desto/umso und erweiterte infinitivsätze. Use at least 5 vocabulary words from this lesson. Focus on correct sentence structure.', ARRAY['Use vocabulary from this lesson', 'Check your grammar', 'Write complete sentences']::text[], ARRAY['Apply new vocabulary', 'Use correct articles']::text[], ARRAY['Sentence structure', 'Verb conjugation', 'Article-noun agreement']::text[], 50, 150, 1);

INSERT INTO public.lesson_conversations (lesson_id, title, scenario, role_user, role_ai, context, opening_line, vocabulary_hints, difficulty, order_index) VALUES
  ('cc20c931-d9d9-4123-82ed-e2d026957c87', 'Grammatik: Je...desto/umso und erweiterte Infinitivsätze — Conversation 1', 'Practice a realistic conversation about grammatik: je...desto/umso und erweiterte infinitivsätze in the context of Diskussion und Argumentation.', 'Student', 'Teacher', 'You are a student at B2 level. Practice having a natural German conversation about this lesson''s topic.', 'Hallo! Lass uns über "Grammatik: Je...desto/umso und erweiterte Infinitivsätze" sprechen. Bist du bereit?', ARRAY[]::text[], 'intermediate', 1);

INSERT INTO public.lesson_ai_challenges (lesson_id, title, question, scenario, expected_elements, tips, difficulty, order_index) VALUES
  ('cc20c931-d9d9-4123-82ed-e2d026957c87', 'Grammatik: Je...desto/umso und erweiterte Infinitivsätze — Creative Application', 'Create a short dialogue or story using at least 10 vocabulary words and grammar structures from "Grammatik: Je...desto/umso und erweiterte Infinitivsätze". The dialogue should be realistic and related to Diskussion und Argumentation.', 'Creative practice for Grammatik: Je...desto/umso und erweiterte Infinitivsätze', ARRAY['10+ vocabulary words from the lesson', 'Correct grammar application', 'Realistic and natural dialogue', 'Creative and original content']::text[], ARRAY['Review the lesson material first', 'Take your time to think', 'Be creative and original']::text[], 'easy', 1);

INSERT INTO public.lesson_ai_challenges (lesson_id, title, question, scenario, expected_elements, tips, difficulty, order_index) VALUES
  ('cc20c931-d9d9-4123-82ed-e2d026957c87', 'Grammatik: Je...desto/umso und erweiterte Infinitivsätze — Deep Understanding', 'Explain the most important concepts from "Grammatik: Je...desto/umso und erweiterte Infinitivsätze" in your own words. Give 3 original examples for each main concept. What did you find most challenging and why?', 'Creative practice for Grammatik: Je...desto/umso und erweiterte Infinitivsätze', ARRAY['All key concepts covered thoroughly', 'Original examples provided', 'Self-reflection on learning process', 'Questions for the teacher identified']::text[], ARRAY['Review the lesson material first', 'Take your time to think', 'Be creative and original']::text[], 'medium', 2);

INSERT INTO public.lesson_reading (lesson_id, title, content, english_translation, arabic_translation, word_count, difficulty_rating, audio_url, source) VALUES
  ('cc20c931-d9d9-4123-82ed-e2d026957c87', 'Grammatik: Je...desto/umso und erweiterte Infinitivsätze — Reading Practice', 'This is a B2-level reading passage about grammatik: je...desto/umso und erweiterte infinitivsätze in the context of Diskussion und Argumentation.

Grammatik: Je...desto/umso und erweiterte Infinitivsätze is an important topic for German learners. In this lesson, you will learn key vocabulary and grammar structures that will help you communicate effectively in real-life situations.

The module "Diskussion und Argumentation" provides a comprehensive introduction to this topic. By studying this material carefully and practicing regularly, you will build confidence in your German language skills.

Try to read the passage without translating every word. Focus on understanding the main ideas first. Then read again for details. Finally, practice reading aloud to improve your pronunciation.', NULL, NULL, 106, 1, NULL, 'DeutschMentor Curriculum');

INSERT INTO public.lesson_listening (lesson_id, title, transcript, english_translation, arabic_translation, audio_url, duration_seconds, speaker_count, scenario) VALUES
  ('cc20c931-d9d9-4123-82ed-e2d026957c87', 'Grammatik: Je...desto/umso und erweiterte Infinitivsätze — Listening Exercise', '[Teacher]: Hallo! Willkommen zur Lektion "Grammatik: Je...desto/umso und erweiterte Infinitivsätze" aus dem Modul "Diskussion und Argumentation".

[Teacher]: Heute lernen wir wichtige Wörter und Sätze. Bitte hören Sie gut zu und wiederholen Sie.

[Student]: Ich bin bereit! Was lernen wir zuerst?

[Teacher]: Wir beginnen mit den Grundlagen. Wiederholen Sie bitte jedes Wort nach mir.

[Student]: Das ist eine gute Übung. Kann ich die Wörter auch in Sätzen hören?

[Teacher]: Natürlich! Ich zeige Ihnen Beispiele für jeden Satz. Dann üben wir zusammen.

[Student]: Perfekt! Vielen Dank für die Hilfe.

[Teacher]: Gern geschehen! Üben Sie zu Hause weiter. Viel Erfolg!', NULL, NULL, NULL, 120, 2, 'Diskussion und Argumentation');

INSERT INTO public.lesson_expressions (lesson_id, german, english_translation, arabic_translation, usage_context, formality, is_idiom, literal_translation, order_index) VALUES
  ('5825abf1-9f6f-40a0-a86d-4f69fd8c54ea', 'Was sind Sie von Beruf?', 'What do you do for a living?', 'ما هي مهنتك؟', 'Used in Berufliche Kommunikation', 'formal', false, NULL, 1),
  ('5825abf1-9f6f-40a0-a86d-4f69fd8c54ea', 'Ich arbeite als Ingenieur.', 'I work as an engineer.', 'أعمل كمهندس.', 'Used in Berufliche Kommunikation', 'neutral', false, NULL, 2),
  ('5825abf1-9f6f-40a0-a86d-4f69fd8c54ea', 'Wo arbeiten Sie?', 'Where do you work?', 'أين تعمل؟', 'Used in Berufliche Kommunikation', 'formal', false, NULL, 3),
  ('5825abf1-9f6f-40a0-a86d-4f69fd8c54ea', 'Ich bin selbstständig.', 'I am self-employed.', 'أنا مستقل.', 'Used in Berufliche Kommunikation', 'neutral', false, NULL, 4),
  ('5825abf1-9f6f-40a0-a86d-4f69fd8c54ea', 'Ich bin Angestellte bei einer Firma.', 'I am an employee at a company.', 'أنا موظفة في شركة.', 'Used in Berufliche Kommunikation', 'neutral', false, NULL, 5),
  ('5825abf1-9f6f-40a0-a86d-4f69fd8c54ea', 'Mein Büro ist im Zentrum.', 'My office is in the center.', 'مكتبي في المركز.', 'Used in Berufliche Kommunikation', 'neutral', false, NULL, 6),
  ('5825abf1-9f6f-40a0-a86d-4f69fd8c54ea', 'Ich arbeite von 9 bis 17 Uhr.', 'I work from 9 to 5.', 'أعمل من 9 إلى 5.', 'Used in Berufliche Kommunikation', 'neutral', false, NULL, 7);

INSERT INTO public.lesson_flashcards (lesson_id, front, back, hint, category, order_index) VALUES
  ('5825abf1-9f6f-40a0-a86d-4f69fd8c54ea', 'der Beruf', 'profession', 'Job title', 'vocabulary', 1),
  ('5825abf1-9f6f-40a0-a86d-4f69fd8c54ea', 'die Arbeit', 'work', 'What you do', 'vocabulary', 2),
  ('5825abf1-9f6f-40a0-a86d-4f69fd8c54ea', 'das Büro', 'office', 'Where you work', 'vocabulary', 3),
  ('5825abf1-9f6f-40a0-a86d-4f69fd8c54ea', 'der Chef', 'boss', 'Your supervisor', 'vocabulary', 4),
  ('5825abf1-9f6f-40a0-a86d-4f69fd8c54ea', 'die Firma', 'company', 'Business', 'vocabulary', 5),
  ('5825abf1-9f6f-40a0-a86d-4f69fd8c54ea', 'der Kollege', 'colleague', 'Work together', 'vocabulary', 6),
  ('5825abf1-9f6f-40a0-a86d-4f69fd8c54ea', 'das Gehalt', 'salary', 'Monthly payment', 'vocabulary', 7),
  ('5825abf1-9f6f-40a0-a86d-4f69fd8c54ea', 'die Bewerbung', 'application', 'For a job', 'vocabulary', 8);

INSERT INTO public.lesson_homework (lesson_id, title, description, homework_type, tasks, estimated_minutes, order_index) VALUES
  ('5825abf1-9f6f-40a0-a86d-4f69fd8c54ea', 'Homework: Grammatik: Konnektoren und Satzverbindungen', 'Complete these tasks to reinforce "Grammatik: Konnektoren und Satzverbindungen" (Berufliche Kommunikation).', 'grammar', '[{"description":"Review all vocabulary from \"Grammatik: Konnektoren und Satzverbindungen\" — write each word with its article and plural form."},{"description":"Write 5 sentences using the key words from this lesson."},{"description":"Practice the dialogue aloud 3 times and record yourself."},{"description":"Explain the grammar rule in your own words and give 3 original examples."},{"description":"Find 3 more examples of this grammar rule in German texts or online."}]', 20, 1);

INSERT INTO public.lesson_reviews (lesson_id, summary, key_points, grammar_summary, vocabulary_focus, common_mistakes_summary, tips) VALUES
  ('5825abf1-9f6f-40a0-a86d-4f69fd8c54ea', 'In this lesson on "Grammatik: Konnektoren und Satzverbindungen" (Berufliche Kommunikation), you learned key grammar concepts at B2 level. Regular practice will help reinforce your understanding and build fluency.', '["Mastered the core vocabulary and expressions of \"Grammatik: Konnektoren und Satzverbindungen\"","Understood and practiced the grammar structures taught","Developed grammar skills through targeted exercises","Built confidence in using German in practical situations","Identified areas for further practice and improvement","Connected new knowledge with previously learned material"]', '[{"title":"Key Grammar Points","summary":"Review the grammar rules and structures from this lesson on \"Grammatik: Konnektoren und Satzverbindungen\""}]', ARRAY['"Grammatik: Konnektoren und Satzverbindungen" core vocabulary', 'Berufliche Kommunikation key terms']::text[], ARRAY['Pay attention to article gender (der/die/das)', 'Verb is always in second position in main clauses', 'Remember: German nouns are always capitalized']::text[], ARRAY['Practice 15-20 minutes daily for best results', 'Use new vocabulary in real sentences immediately', 'Speak out loud to improve pronunciation and fluency', 'Review previous lessons before starting new material']::text[]);

INSERT INTO public.lesson_speaking (lesson_id, title, prompt, scenario, tips, vocabulary_hints, min_duration_seconds, order_index) VALUES
  ('5825abf1-9f6f-40a0-a86d-4f69fd8c54ea', 'Grammatik: Konnektoren und Satzverbindungen — Speaking 1', 'Practice the key vocabulary and phrases from "Grammatik: Konnektoren und Satzverbindungen" aloud. Focus on correct pronunciation.', 'Speaking practice for Berufliche Kommunikation', ARRAY['Speak slowly and clearly', 'Use full sentences', 'Don''t worry about mistakes', 'Practice 3 times']::text[], ARRAY['Use this lesson''s vocabulary', 'Apply correct grammar']::text[], 30, 1);

INSERT INTO public.lesson_speaking (lesson_id, title, prompt, scenario, tips, vocabulary_hints, min_duration_seconds, order_index) VALUES
  ('5825abf1-9f6f-40a0-a86d-4f69fd8c54ea', 'Grammatik: Konnektoren und Satzverbindungen — Speaking 2', 'Role-play: Imagine you are in a situation related to Berufliche Kommunikation. Have a dialogue with a partner.', 'Speaking practice for Berufliche Kommunikation', ARRAY['Speak slowly and clearly', 'Use full sentences', 'Don''t worry about mistakes', 'Practice 3 times']::text[], ARRAY['Use this lesson''s vocabulary', 'Apply correct grammar']::text[], 60, 2);

INSERT INTO public.lesson_writing (lesson_id, title, task, tips, vocabulary_hints, grammar_focus, word_limit_min, word_limit_max, order_index) VALUES
  ('5825abf1-9f6f-40a0-a86d-4f69fd8c54ea', 'Grammatik: Konnektoren und Satzverbindungen — Writing Task 1', 'Write a short text (50-100 words) about grammatik: konnektoren und satzverbindungen. Use at least 5 vocabulary words from this lesson. Focus on correct sentence structure.', ARRAY['Use vocabulary from this lesson', 'Check your grammar', 'Write complete sentences']::text[], ARRAY['Apply new vocabulary', 'Use correct articles']::text[], ARRAY['Sentence structure', 'Verb conjugation', 'Article-noun agreement']::text[], 50, 150, 1);

INSERT INTO public.lesson_conversations (lesson_id, title, scenario, role_user, role_ai, context, opening_line, vocabulary_hints, difficulty, order_index) VALUES
  ('5825abf1-9f6f-40a0-a86d-4f69fd8c54ea', 'Grammatik: Konnektoren und Satzverbindungen — Conversation 1', 'Practice a realistic conversation about grammatik: konnektoren und satzverbindungen in the context of Berufliche Kommunikation.', 'Student', 'Teacher', 'You are a student at B2 level. Practice having a natural German conversation about this lesson''s topic.', 'Hallo! Lass uns über "Grammatik: Konnektoren und Satzverbindungen" sprechen. Bist du bereit?', ARRAY[]::text[], 'intermediate', 1);

INSERT INTO public.lesson_ai_challenges (lesson_id, title, question, scenario, expected_elements, tips, difficulty, order_index) VALUES
  ('5825abf1-9f6f-40a0-a86d-4f69fd8c54ea', 'Grammatik: Konnektoren und Satzverbindungen — Creative Application', 'Create a short dialogue or story using at least 10 vocabulary words and grammar structures from "Grammatik: Konnektoren und Satzverbindungen". The dialogue should be realistic and related to Berufliche Kommunikation.', 'Creative practice for Grammatik: Konnektoren und Satzverbindungen', ARRAY['10+ vocabulary words from the lesson', 'Correct grammar application', 'Realistic and natural dialogue', 'Creative and original content']::text[], ARRAY['Review the lesson material first', 'Take your time to think', 'Be creative and original']::text[], 'easy', 1);

INSERT INTO public.lesson_ai_challenges (lesson_id, title, question, scenario, expected_elements, tips, difficulty, order_index) VALUES
  ('5825abf1-9f6f-40a0-a86d-4f69fd8c54ea', 'Grammatik: Konnektoren und Satzverbindungen — Deep Understanding', 'Explain the most important concepts from "Grammatik: Konnektoren und Satzverbindungen" in your own words. Give 3 original examples for each main concept. What did you find most challenging and why?', 'Creative practice for Grammatik: Konnektoren und Satzverbindungen', ARRAY['All key concepts covered thoroughly', 'Original examples provided', 'Self-reflection on learning process', 'Questions for the teacher identified']::text[], ARRAY['Review the lesson material first', 'Take your time to think', 'Be creative and original']::text[], 'medium', 2);

INSERT INTO public.lesson_reading (lesson_id, title, content, english_translation, arabic_translation, word_count, difficulty_rating, audio_url, source) VALUES
  ('5825abf1-9f6f-40a0-a86d-4f69fd8c54ea', 'Grammatik: Konnektoren und Satzverbindungen — Reading Practice', 'This is a B2-level reading passage about grammatik: konnektoren und satzverbindungen in the context of Berufliche Kommunikation.

Grammatik: Konnektoren und Satzverbindungen is an important topic for German learners. In this lesson, you will learn key vocabulary and grammar structures that will help you communicate effectively in real-life situations.

The module "Berufliche Kommunikation" provides a comprehensive introduction to this topic. By studying this material carefully and practicing regularly, you will build confidence in your German language skills.

Try to read the passage without translating every word. Focus on understanding the main ideas first. Then read again for details. Finally, practice reading aloud to improve your pronunciation.', NULL, NULL, 102, 1, NULL, 'DeutschMentor Curriculum');

INSERT INTO public.lesson_listening (lesson_id, title, transcript, english_translation, arabic_translation, audio_url, duration_seconds, speaker_count, scenario) VALUES
  ('5825abf1-9f6f-40a0-a86d-4f69fd8c54ea', 'Grammatik: Konnektoren und Satzverbindungen — Listening Exercise', '[Teacher]: Hallo! Willkommen zur Lektion "Grammatik: Konnektoren und Satzverbindungen" aus dem Modul "Berufliche Kommunikation".

[Teacher]: Heute lernen wir wichtige Wörter und Sätze. Bitte hören Sie gut zu und wiederholen Sie.

[Student]: Ich bin bereit! Was lernen wir zuerst?

[Teacher]: Wir beginnen mit den Grundlagen. Wiederholen Sie bitte jedes Wort nach mir.

[Student]: Das ist eine gute Übung. Kann ich die Wörter auch in Sätzen hören?

[Teacher]: Natürlich! Ich zeige Ihnen Beispiele für jeden Satz. Dann üben wir zusammen.

[Student]: Perfekt! Vielen Dank für die Hilfe.

[Teacher]: Gern geschehen! Üben Sie zu Hause weiter. Viel Erfolg!', NULL, NULL, NULL, 120, 2, 'Berufliche Kommunikation');

INSERT INTO public.lesson_expressions (lesson_id, german, english_translation, arabic_translation, usage_context, formality, is_idiom, literal_translation, order_index) VALUES
  ('19eb4e1b-6e49-4a33-8467-93d0be8424d9', 'Der Mann geht nach Hause.', 'The man goes home.', 'الرجل يذهب إلى المنزل.', 'Used in Wirtschaft und Politik', 'neutral', false, NULL, 1),
  ('19eb4e1b-6e49-4a33-8467-93d0be8424d9', 'Die Frau kommt aus Berlin.', 'The woman comes from Berlin.', 'المرأة تأتي من برلين.', 'Used in Wirtschaft und Politik', 'neutral', false, NULL, 2),
  ('19eb4e1b-6e49-4a33-8467-93d0be8424d9', 'Das Kind spielt im Garten.', 'The child plays in the garden.', 'الطفل يلعب في الحديقة.', 'Used in Wirtschaft und Politik', 'neutral', false, NULL, 3),
  ('19eb4e1b-6e49-4a33-8467-93d0be8424d9', 'Ich habe einen Hund.', 'I have a dog.', 'لدي كلب.', 'Used in Wirtschaft und Politik', 'neutral', false, NULL, 4),
  ('19eb4e1b-6e49-4a33-8467-93d0be8424d9', 'Kannst du mir helfen?', 'Can you help me?', 'هل يمكنك مساعدتي؟', 'Used in Wirtschaft und Politik', 'informal', false, NULL, 5),
  ('19eb4e1b-6e49-4a33-8467-93d0be8424d9', 'Wir müssen jetzt gehen.', 'We must go now.', 'يجب أن نذهب الآن.', 'Used in Wirtschaft und Politik', 'neutral', false, NULL, 6),
  ('19eb4e1b-6e49-4a33-8467-93d0be8424d9', 'Er ist gestern gekommen.', 'He came yesterday.', 'لقد أمس أتى.', 'Used in Wirtschaft und Politik', 'neutral', false, NULL, 7),
  ('19eb4e1b-6e49-4a33-8467-93d0be8424d9', 'Sie hat ein Buch gelesen.', 'She read a book.', 'هي قرأت كتاباً.', 'Used in Wirtschaft und Politik', 'neutral', false, NULL, 8);

INSERT INTO public.lesson_flashcards (lesson_id, front, back, hint, category, order_index) VALUES
  ('19eb4e1b-6e49-4a33-8467-93d0be8424d9', 'der', 'the (masculine)', 'Article for male nouns', 'grammar', 1),
  ('19eb4e1b-6e49-4a33-8467-93d0be8424d9', 'die', 'the (feminine/plural)', 'Article for female/plural', 'grammar', 2),
  ('19eb4e1b-6e49-4a33-8467-93d0be8424d9', 'das', 'the (neuter)', 'Article for neutral nouns', 'grammar', 3),
  ('19eb4e1b-6e49-4a33-8467-93d0be8424d9', 'ein', 'a (masculine/neuter)', 'Indefinite article', 'grammar', 4),
  ('19eb4e1b-6e49-4a33-8467-93d0be8424d9', 'eine', 'a (feminine)', 'Indefinite article', 'grammar', 5),
  ('19eb4e1b-6e49-4a33-8467-93d0be8424d9', 'ich', 'I', 'First person singular', 'grammar', 6),
  ('19eb4e1b-6e49-4a33-8467-93d0be8424d9', 'du', 'you (informal)', 'Second person singular', 'grammar', 7),
  ('19eb4e1b-6e49-4a33-8467-93d0be8424d9', 'Sie', 'you (formal)', 'Capital S', 'grammar', 8);

INSERT INTO public.lesson_homework (lesson_id, title, description, homework_type, tasks, estimated_minutes, order_index) VALUES
  ('19eb4e1b-6e49-4a33-8467-93d0be8424d9', 'Homework: Grammatik: Vergleiche mit als, als ob und als wenn', 'Complete these tasks to reinforce "Grammatik: Vergleiche mit als, als ob und als wenn" (Wirtschaft und Politik).', 'mixed', '[{"description":"Review all vocabulary from \"Grammatik: Vergleiche mit als, als ob und als wenn\" — write each word with its article and plural form."},{"description":"Write 5 sentences using the key words from this lesson."},{"description":"Practice the dialogue aloud 3 times and record yourself."},{"description":"Explain the grammar rule in your own words and give 3 original examples."},{"description":"Find 3 more examples of this grammar rule in German texts or online."}]', 25, 1);

INSERT INTO public.lesson_reviews (lesson_id, summary, key_points, grammar_summary, vocabulary_focus, common_mistakes_summary, tips) VALUES
  ('19eb4e1b-6e49-4a33-8467-93d0be8424d9', 'In this lesson on "Grammatik: Vergleiche mit als, als ob und als wenn" (Wirtschaft und Politik), you learned key grammar concepts at B2 level. Regular practice will help reinforce your understanding and build fluency.', '["Mastered the core vocabulary and expressions of \"Grammatik: Vergleiche mit als, als ob und als wenn\"","Understood and practiced the grammar structures taught","Developed grammar skills through targeted exercises","Built confidence in using German in practical situations","Identified areas for further practice and improvement","Connected new knowledge with previously learned material"]', '[{"title":"Key Grammar Points","summary":"Review the grammar rules and structures from this lesson on \"Grammatik: Vergleiche mit als, als ob und als wenn\""}]', ARRAY['"Grammatik: Vergleiche mit als, als ob und als wenn" core vocabulary', 'Wirtschaft und Politik key terms']::text[], ARRAY['Pay attention to article gender (der/die/das)', 'Verb is always in second position in main clauses', 'Remember: German nouns are always capitalized']::text[], ARRAY['Practice 15-20 minutes daily for best results', 'Use new vocabulary in real sentences immediately', 'Speak out loud to improve pronunciation and fluency', 'Review previous lessons before starting new material']::text[]);

INSERT INTO public.lesson_speaking (lesson_id, title, prompt, scenario, tips, vocabulary_hints, min_duration_seconds, order_index) VALUES
  ('19eb4e1b-6e49-4a33-8467-93d0be8424d9', 'Grammatik: Vergleiche mit als, als ob und als wenn — Speaking 1', 'Practice the key vocabulary and phrases from "Grammatik: Vergleiche mit als, als ob und als wenn" aloud. Focus on correct pronunciation.', 'Speaking practice for Wirtschaft und Politik', ARRAY['Speak slowly and clearly', 'Use full sentences', 'Don''t worry about mistakes', 'Practice 3 times']::text[], ARRAY['Use this lesson''s vocabulary', 'Apply correct grammar']::text[], 30, 1);

INSERT INTO public.lesson_speaking (lesson_id, title, prompt, scenario, tips, vocabulary_hints, min_duration_seconds, order_index) VALUES
  ('19eb4e1b-6e49-4a33-8467-93d0be8424d9', 'Grammatik: Vergleiche mit als, als ob und als wenn — Speaking 2', 'Role-play: Imagine you are in a situation related to Wirtschaft und Politik. Have a dialogue with a partner.', 'Speaking practice for Wirtschaft und Politik', ARRAY['Speak slowly and clearly', 'Use full sentences', 'Don''t worry about mistakes', 'Practice 3 times']::text[], ARRAY['Use this lesson''s vocabulary', 'Apply correct grammar']::text[], 60, 2);

INSERT INTO public.lesson_writing (lesson_id, title, task, tips, vocabulary_hints, grammar_focus, word_limit_min, word_limit_max, order_index) VALUES
  ('19eb4e1b-6e49-4a33-8467-93d0be8424d9', 'Grammatik: Vergleiche mit als, als ob und als wenn — Writing Task 1', 'Write a short text (50-100 words) about grammatik: vergleiche mit als, als ob und als wenn. Use at least 5 vocabulary words from this lesson. Focus on correct sentence structure.', ARRAY['Use vocabulary from this lesson', 'Check your grammar', 'Write complete sentences']::text[], ARRAY['Apply new vocabulary', 'Use correct articles']::text[], ARRAY['Sentence structure', 'Verb conjugation', 'Article-noun agreement']::text[], 50, 150, 1);

INSERT INTO public.lesson_conversations (lesson_id, title, scenario, role_user, role_ai, context, opening_line, vocabulary_hints, difficulty, order_index) VALUES
  ('19eb4e1b-6e49-4a33-8467-93d0be8424d9', 'Grammatik: Vergleiche mit als, als ob und als wenn — Conversation 1', 'Practice a realistic conversation about grammatik: vergleiche mit als, als ob und als wenn in the context of Wirtschaft und Politik.', 'Student', 'Teacher', 'You are a student at B2 level. Practice having a natural German conversation about this lesson''s topic.', 'Hallo! Lass uns über "Grammatik: Vergleiche mit als, als ob und als wenn" sprechen. Bist du bereit?', ARRAY[]::text[], 'intermediate', 1);

INSERT INTO public.lesson_ai_challenges (lesson_id, title, question, scenario, expected_elements, tips, difficulty, order_index) VALUES
  ('19eb4e1b-6e49-4a33-8467-93d0be8424d9', 'Grammatik: Vergleiche mit als, als ob und als wenn — Creative Application', 'Create a short dialogue or story using at least 10 vocabulary words and grammar structures from "Grammatik: Vergleiche mit als, als ob und als wenn". The dialogue should be realistic and related to Wirtschaft und Politik.', 'Creative practice for Grammatik: Vergleiche mit als, als ob und als wenn', ARRAY['10+ vocabulary words from the lesson', 'Correct grammar application', 'Realistic and natural dialogue', 'Creative and original content']::text[], ARRAY['Review the lesson material first', 'Take your time to think', 'Be creative and original']::text[], 'easy', 1);

INSERT INTO public.lesson_ai_challenges (lesson_id, title, question, scenario, expected_elements, tips, difficulty, order_index) VALUES
  ('19eb4e1b-6e49-4a33-8467-93d0be8424d9', 'Grammatik: Vergleiche mit als, als ob und als wenn — Deep Understanding', 'Explain the most important concepts from "Grammatik: Vergleiche mit als, als ob und als wenn" in your own words. Give 3 original examples for each main concept. What did you find most challenging and why?', 'Creative practice for Grammatik: Vergleiche mit als, als ob und als wenn', ARRAY['All key concepts covered thoroughly', 'Original examples provided', 'Self-reflection on learning process', 'Questions for the teacher identified']::text[], ARRAY['Review the lesson material first', 'Take your time to think', 'Be creative and original']::text[], 'medium', 2);

INSERT INTO public.lesson_reading (lesson_id, title, content, english_translation, arabic_translation, word_count, difficulty_rating, audio_url, source) VALUES
  ('19eb4e1b-6e49-4a33-8467-93d0be8424d9', 'Grammatik: Vergleiche mit als, als ob und als wenn — Reading Practice', 'This is a B2-level reading passage about grammatik: vergleiche mit als, als ob und als wenn in the context of Wirtschaft und Politik.

Grammatik: Vergleiche mit als, als ob und als wenn is an important topic for German learners. In this lesson, you will learn key vocabulary and grammar structures that will help you communicate effectively in real-life situations.

The module "Wirtschaft und Politik" provides a comprehensive introduction to this topic. By studying this material carefully and practicing regularly, you will build confidence in your German language skills.

Try to read the passage without translating every word. Focus on understanding the main ideas first. Then read again for details. Finally, practice reading aloud to improve your pronunciation.', NULL, NULL, 114, 1, NULL, 'DeutschMentor Curriculum');

INSERT INTO public.lesson_listening (lesson_id, title, transcript, english_translation, arabic_translation, audio_url, duration_seconds, speaker_count, scenario) VALUES
  ('19eb4e1b-6e49-4a33-8467-93d0be8424d9', 'Grammatik: Vergleiche mit als, als ob und als wenn — Listening Exercise', '[Teacher]: Hallo! Willkommen zur Lektion "Grammatik: Vergleiche mit als, als ob und als wenn" aus dem Modul "Wirtschaft und Politik".

[Teacher]: Heute lernen wir wichtige Wörter und Sätze. Bitte hören Sie gut zu und wiederholen Sie.

[Student]: Ich bin bereit! Was lernen wir zuerst?

[Teacher]: Wir beginnen mit den Grundlagen. Wiederholen Sie bitte jedes Wort nach mir.

[Student]: Das ist eine gute Übung. Kann ich die Wörter auch in Sätzen hören?

[Teacher]: Natürlich! Ich zeige Ihnen Beispiele für jeden Satz. Dann üben wir zusammen.

[Student]: Perfekt! Vielen Dank für die Hilfe.

[Teacher]: Gern geschehen! Üben Sie zu Hause weiter. Viel Erfolg!', NULL, NULL, NULL, 120, 2, 'Wirtschaft und Politik');

INSERT INTO public.lesson_expressions (lesson_id, german, english_translation, arabic_translation, usage_context, formality, is_idiom, literal_translation, order_index) VALUES
  ('d43ab996-298e-4ff4-af0b-17d9e543a881', 'Guten Morgen!', 'Good morning!', 'صباح الخير!', 'Used in Diskussion und Argumentation', 'formal', false, NULL, 1),
  ('d43ab996-298e-4ff4-af0b-17d9e543a881', 'Guten Tag!', 'Good day!', 'يوم سعيد!', 'Used in Diskussion und Argumentation', 'formal', false, NULL, 2),
  ('d43ab996-298e-4ff4-af0b-17d9e543a881', 'Hallo!', 'Hello!', 'مرحباً!', 'Used in Diskussion und Argumentation', 'informal', false, NULL, 3),
  ('d43ab996-298e-4ff4-af0b-17d9e543a881', 'Tschüss!', 'Bye!', 'مع السلامة!', 'Used in Diskussion und Argumentation', 'informal', false, NULL, 4),
  ('d43ab996-298e-4ff4-af0b-17d9e543a881', 'Auf Wiedersehen!', 'Goodbye!', 'إلى اللقاء!', 'Used in Diskussion und Argumentation', 'formal', false, NULL, 5),
  ('d43ab996-298e-4ff4-af0b-17d9e543a881', 'Wie geht es Ihnen?', 'How are you? (formal)', 'كيف حالك؟ (رسمي)', 'Used in Diskussion und Argumentation', 'formal', false, NULL, 6),
  ('d43ab996-298e-4ff4-af0b-17d9e543a881', 'Wie geht es dir?', 'How are you? (informal)', 'كيف حالك؟ (غير رسمي)', 'Used in Diskussion und Argumentation', 'informal', false, NULL, 7),
  ('d43ab996-298e-4ff4-af0b-17d9e543a881', 'Mir geht es gut, danke.', 'I''m fine, thanks.', 'أنا بخير، شكراً.', 'Used in Diskussion und Argumentation', 'neutral', false, NULL, 8),
  ('d43ab996-298e-4ff4-af0b-17d9e543a881', 'Freut mich!', 'Nice to meet you!', 'يسعدني!', 'Used in Diskussion und Argumentation', 'neutral', false, NULL, 9),
  ('d43ab996-298e-4ff4-af0b-17d9e543a881', 'Bis später!', 'See you later!', 'أراك لاحقاً!', 'Used in Diskussion und Argumentation', 'informal', false, NULL, 10);

INSERT INTO public.lesson_flashcards (lesson_id, front, back, hint, category, order_index) VALUES
  ('d43ab996-298e-4ff4-af0b-17d9e543a881', 'Guten Morgen', 'Good morning', 'Used before noon', 'expression', 1),
  ('d43ab996-298e-4ff4-af0b-17d9e543a881', 'Guten Abend', 'Good evening', 'Used after 6 PM', 'expression', 2),
  ('d43ab996-298e-4ff4-af0b-17d9e543a881', 'Tschüss', 'Bye (informal)', 'With friends', 'expression', 3),
  ('d43ab996-298e-4ff4-af0b-17d9e543a881', 'Auf Wiedersehen', 'Goodbye (formal)', 'Formal situations', 'expression', 4),
  ('d43ab996-298e-4ff4-af0b-17d9e543a881', 'Bis später', 'See you later', 'Soon again', 'expression', 5),
  ('d43ab996-298e-4ff4-af0b-17d9e543a881', 'Willkommen', 'Welcome', 'First meeting', 'expression', 6),
  ('d43ab996-298e-4ff4-af0b-17d9e543a881', 'Entschuldigung', 'Excuse me / Sorry', 'Apology or attention', 'expression', 7),
  ('d43ab996-298e-4ff4-af0b-17d9e543a881', 'Vielen Dank', 'Thank you very much', 'Gratitude', 'expression', 8);

INSERT INTO public.lesson_homework (lesson_id, title, description, homework_type, tasks, estimated_minutes, order_index) VALUES
  ('d43ab996-298e-4ff4-af0b-17d9e543a881', 'Homework: Diskussion führen', 'Complete these tasks to reinforce "Diskussion führen" (Diskussion und Argumentation).', 'vocabulary', '[{"description":"Review all vocabulary from \"Diskussion führen\" — write each word with its article and plural form."},{"description":"Write 5 sentences using the key words from this lesson."},{"description":"Practice the dialogue aloud 3 times and record yourself."}]', 15, 1);

INSERT INTO public.lesson_reviews (lesson_id, summary, key_points, grammar_summary, vocabulary_focus, common_mistakes_summary, tips) VALUES
  ('d43ab996-298e-4ff4-af0b-17d9e543a881', 'In this lesson on "Diskussion führen" (Diskussion und Argumentation), you learned key reading concepts at B2 level. Regular practice will help reinforce your understanding and build fluency.', '["Mastered the core vocabulary and expressions of \"Diskussion führen\"","Understood and practiced the grammar structures taught","Developed reading skills through targeted exercises","Built confidence in using German in practical situations","Identified areas for further practice and improvement","Connected new knowledge with previously learned material"]', '[{"title":"Key Grammar Points","summary":"Review the grammar rules and structures from this lesson on \"Diskussion führen\""}]', ARRAY['"Diskussion führen" core vocabulary', 'Diskussion und Argumentation key terms']::text[], ARRAY['Pay attention to article gender (der/die/das)', 'Verb is always in second position in main clauses', 'Remember: German nouns are always capitalized']::text[], ARRAY['Practice 15-20 minutes daily for best results', 'Use new vocabulary in real sentences immediately', 'Speak out loud to improve pronunciation and fluency', 'Review previous lessons before starting new material']::text[]);

INSERT INTO public.lesson_speaking (lesson_id, title, prompt, scenario, tips, vocabulary_hints, min_duration_seconds, order_index) VALUES
  ('d43ab996-298e-4ff4-af0b-17d9e543a881', 'Diskussion führen — Speaking 1', 'Practice the key vocabulary and phrases from "Diskussion führen" aloud. Focus on correct pronunciation.', 'Speaking practice for Diskussion und Argumentation', ARRAY['Speak slowly and clearly', 'Use full sentences', 'Don''t worry about mistakes', 'Practice 3 times']::text[], ARRAY['Use this lesson''s vocabulary', 'Apply correct grammar']::text[], 30, 1);

INSERT INTO public.lesson_speaking (lesson_id, title, prompt, scenario, tips, vocabulary_hints, min_duration_seconds, order_index) VALUES
  ('d43ab996-298e-4ff4-af0b-17d9e543a881', 'Diskussion führen — Speaking 2', 'Role-play: Imagine you are in a situation related to Diskussion und Argumentation. Have a dialogue with a partner.', 'Speaking practice for Diskussion und Argumentation', ARRAY['Speak slowly and clearly', 'Use full sentences', 'Don''t worry about mistakes', 'Practice 3 times']::text[], ARRAY['Use this lesson''s vocabulary', 'Apply correct grammar']::text[], 60, 2);

INSERT INTO public.lesson_writing (lesson_id, title, task, tips, vocabulary_hints, grammar_focus, word_limit_min, word_limit_max, order_index) VALUES
  ('d43ab996-298e-4ff4-af0b-17d9e543a881', 'Diskussion führen — Writing Task 1', 'Write a short text (50-100 words) about diskussion führen. Use at least 5 vocabulary words from this lesson. Focus on correct sentence structure.', ARRAY['Use vocabulary from this lesson', 'Check your grammar', 'Write complete sentences']::text[], ARRAY['Apply new vocabulary', 'Use correct articles']::text[], ARRAY['Sentence structure', 'Verb conjugation', 'Article-noun agreement']::text[], 50, 150, 1);

INSERT INTO public.lesson_conversations (lesson_id, title, scenario, role_user, role_ai, context, opening_line, vocabulary_hints, difficulty, order_index) VALUES
  ('d43ab996-298e-4ff4-af0b-17d9e543a881', 'Diskussion führen — Conversation 1', 'Practice a realistic conversation about diskussion führen in the context of Diskussion und Argumentation.', 'Student', 'Teacher', 'You are a student at B2 level. Practice having a natural German conversation about this lesson''s topic.', 'Hallo! Lass uns über "Diskussion führen" sprechen. Bist du bereit?', ARRAY[]::text[], 'intermediate', 1);

INSERT INTO public.lesson_conversations (lesson_id, title, scenario, role_user, role_ai, context, opening_line, vocabulary_hints, difficulty, order_index) VALUES
  ('d43ab996-298e-4ff4-af0b-17d9e543a881', 'Diskussion führen — Conversation 2', 'Practice a realistic conversation about diskussion führen in the context of Diskussion und Argumentation.', 'Customer', 'Assistant', 'You are a student at B2 level. Practice having a natural German conversation about this lesson''s topic.', 'Hallo! Lass uns über "Diskussion führen" sprechen. Bist du bereit?', ARRAY[]::text[], 'intermediate', 2);

INSERT INTO public.lesson_ai_challenges (lesson_id, title, question, scenario, expected_elements, tips, difficulty, order_index) VALUES
  ('d43ab996-298e-4ff4-af0b-17d9e543a881', 'Diskussion führen — Creative Application', 'Create a short dialogue or story using at least 10 vocabulary words and grammar structures from "Diskussion führen". The dialogue should be realistic and related to Diskussion und Argumentation.', 'Creative practice for Diskussion führen', ARRAY['10+ vocabulary words from the lesson', 'Correct grammar application', 'Realistic and natural dialogue', 'Creative and original content']::text[], ARRAY['Review the lesson material first', 'Take your time to think', 'Be creative and original']::text[], 'easy', 1);

INSERT INTO public.lesson_reading (lesson_id, title, content, english_translation, arabic_translation, word_count, difficulty_rating, audio_url, source) VALUES
  ('d43ab996-298e-4ff4-af0b-17d9e543a881', 'Diskussion führen — Reading Practice', 'This is a B2-level reading passage about diskussion führen in the context of Diskussion und Argumentation.

Diskussion führen is an important topic for German learners. In this lesson, you will learn key vocabulary and grammar structures that will help you communicate effectively in real-life situations.

The module "Diskussion und Argumentation" provides a comprehensive introduction to this topic. By studying this material carefully and practicing regularly, you will build confidence in your German language skills.

Try to read the passage without translating every word. Focus on understanding the main ideas first. Then read again for details. Finally, practice reading aloud to improve your pronunciation.', NULL, NULL, 100, 1, NULL, 'DeutschMentor Curriculum');

INSERT INTO public.lesson_listening (lesson_id, title, transcript, english_translation, arabic_translation, audio_url, duration_seconds, speaker_count, scenario) VALUES
  ('d43ab996-298e-4ff4-af0b-17d9e543a881', 'Diskussion führen — Listening Exercise', '[Teacher]: Hallo! Willkommen zur Lektion "Diskussion führen" aus dem Modul "Diskussion und Argumentation".

[Teacher]: Heute lernen wir wichtige Wörter und Sätze. Bitte hören Sie gut zu und wiederholen Sie.

[Student]: Ich bin bereit! Was lernen wir zuerst?

[Teacher]: Wir beginnen mit den Grundlagen. Wiederholen Sie bitte jedes Wort nach mir.

[Student]: Das ist eine gute Übung. Kann ich die Wörter auch in Sätzen hören?

[Teacher]: Natürlich! Ich zeige Ihnen Beispiele für jeden Satz. Dann üben wir zusammen.

[Student]: Perfekt! Vielen Dank für die Hilfe.

[Teacher]: Gern geschehen! Üben Sie zu Hause weiter. Viel Erfolg!', NULL, NULL, NULL, 120, 2, 'Diskussion und Argumentation');

INSERT INTO public.lesson_expressions (lesson_id, german, english_translation, arabic_translation, usage_context, formality, is_idiom, literal_translation, order_index) VALUES
  ('73befbad-fc50-4d86-8816-0c3af6d946e2', 'Was sind Sie von Beruf?', 'What do you do for a living?', 'ما هي مهنتك؟', 'Used in Berufliche Kommunikation', 'formal', false, NULL, 1),
  ('73befbad-fc50-4d86-8816-0c3af6d946e2', 'Ich arbeite als Ingenieur.', 'I work as an engineer.', 'أعمل كمهندس.', 'Used in Berufliche Kommunikation', 'neutral', false, NULL, 2),
  ('73befbad-fc50-4d86-8816-0c3af6d946e2', 'Wo arbeiten Sie?', 'Where do you work?', 'أين تعمل؟', 'Used in Berufliche Kommunikation', 'formal', false, NULL, 3),
  ('73befbad-fc50-4d86-8816-0c3af6d946e2', 'Ich bin selbstständig.', 'I am self-employed.', 'أنا مستقل.', 'Used in Berufliche Kommunikation', 'neutral', false, NULL, 4),
  ('73befbad-fc50-4d86-8816-0c3af6d946e2', 'Ich bin Angestellte bei einer Firma.', 'I am an employee at a company.', 'أنا موظفة في شركة.', 'Used in Berufliche Kommunikation', 'neutral', false, NULL, 5),
  ('73befbad-fc50-4d86-8816-0c3af6d946e2', 'Mein Büro ist im Zentrum.', 'My office is in the center.', 'مكتبي في المركز.', 'Used in Berufliche Kommunikation', 'neutral', false, NULL, 6),
  ('73befbad-fc50-4d86-8816-0c3af6d946e2', 'Ich arbeite von 9 bis 17 Uhr.', 'I work from 9 to 5.', 'أعمل من 9 إلى 5.', 'Used in Berufliche Kommunikation', 'neutral', false, NULL, 7);

INSERT INTO public.lesson_flashcards (lesson_id, front, back, hint, category, order_index) VALUES
  ('73befbad-fc50-4d86-8816-0c3af6d946e2', 'der Beruf', 'profession', 'Job title', 'vocabulary', 1),
  ('73befbad-fc50-4d86-8816-0c3af6d946e2', 'die Arbeit', 'work', 'What you do', 'vocabulary', 2),
  ('73befbad-fc50-4d86-8816-0c3af6d946e2', 'das Büro', 'office', 'Where you work', 'vocabulary', 3),
  ('73befbad-fc50-4d86-8816-0c3af6d946e2', 'der Chef', 'boss', 'Your supervisor', 'vocabulary', 4),
  ('73befbad-fc50-4d86-8816-0c3af6d946e2', 'die Firma', 'company', 'Business', 'vocabulary', 5),
  ('73befbad-fc50-4d86-8816-0c3af6d946e2', 'der Kollege', 'colleague', 'Work together', 'vocabulary', 6),
  ('73befbad-fc50-4d86-8816-0c3af6d946e2', 'das Gehalt', 'salary', 'Monthly payment', 'vocabulary', 7),
  ('73befbad-fc50-4d86-8816-0c3af6d946e2', 'die Bewerbung', 'application', 'For a job', 'vocabulary', 8);

INSERT INTO public.lesson_homework (lesson_id, title, description, homework_type, tasks, estimated_minutes, order_index) VALUES
  ('73befbad-fc50-4d86-8816-0c3af6d946e2', 'Homework: Meetings und Verhandlungen', 'Complete these tasks to reinforce "Meetings und Verhandlungen" (Berufliche Kommunikation).', 'writing', '[{"description":"Review all vocabulary from \"Meetings und Verhandlungen\" — write each word with its article and plural form."},{"description":"Write 5 sentences using the key words from this lesson."},{"description":"Practice the dialogue aloud 3 times and record yourself."}]', 20, 1);

INSERT INTO public.lesson_reviews (lesson_id, summary, key_points, grammar_summary, vocabulary_focus, common_mistakes_summary, tips) VALUES
  ('73befbad-fc50-4d86-8816-0c3af6d946e2', 'In this lesson on "Meetings und Verhandlungen" (Berufliche Kommunikation), you learned key listening concepts at B2 level. Regular practice will help reinforce your understanding and build fluency.', '["Mastered the core vocabulary and expressions of \"Meetings und Verhandlungen\"","Understood and practiced the grammar structures taught","Developed listening skills through targeted exercises","Built confidence in using German in practical situations","Identified areas for further practice and improvement","Connected new knowledge with previously learned material"]', '[{"title":"Key Grammar Points","summary":"Review the grammar rules and structures from this lesson on \"Meetings und Verhandlungen\""}]', ARRAY['"Meetings und Verhandlungen" core vocabulary', 'Berufliche Kommunikation key terms']::text[], ARRAY['Pay attention to article gender (der/die/das)', 'Verb is always in second position in main clauses', 'Remember: German nouns are always capitalized']::text[], ARRAY['Practice 15-20 minutes daily for best results', 'Use new vocabulary in real sentences immediately', 'Speak out loud to improve pronunciation and fluency', 'Review previous lessons before starting new material']::text[]);

INSERT INTO public.lesson_speaking (lesson_id, title, prompt, scenario, tips, vocabulary_hints, min_duration_seconds, order_index) VALUES
  ('73befbad-fc50-4d86-8816-0c3af6d946e2', 'Meetings und Verhandlungen — Speaking 1', 'Practice the key vocabulary and phrases from "Meetings und Verhandlungen" aloud. Focus on correct pronunciation.', 'Speaking practice for Berufliche Kommunikation', ARRAY['Speak slowly and clearly', 'Use full sentences', 'Don''t worry about mistakes', 'Practice 3 times']::text[], ARRAY['Use this lesson''s vocabulary', 'Apply correct grammar']::text[], 30, 1);

INSERT INTO public.lesson_speaking (lesson_id, title, prompt, scenario, tips, vocabulary_hints, min_duration_seconds, order_index) VALUES
  ('73befbad-fc50-4d86-8816-0c3af6d946e2', 'Meetings und Verhandlungen — Speaking 2', 'Role-play: Imagine you are in a situation related to Berufliche Kommunikation. Have a dialogue with a partner.', 'Speaking practice for Berufliche Kommunikation', ARRAY['Speak slowly and clearly', 'Use full sentences', 'Don''t worry about mistakes', 'Practice 3 times']::text[], ARRAY['Use this lesson''s vocabulary', 'Apply correct grammar']::text[], 60, 2);

INSERT INTO public.lesson_writing (lesson_id, title, task, tips, vocabulary_hints, grammar_focus, word_limit_min, word_limit_max, order_index) VALUES
  ('73befbad-fc50-4d86-8816-0c3af6d946e2', 'Meetings und Verhandlungen — Writing Task 1', 'Write a short text (50-100 words) about meetings und verhandlungen. Use at least 5 vocabulary words from this lesson. Focus on correct sentence structure.', ARRAY['Use vocabulary from this lesson', 'Check your grammar', 'Write complete sentences']::text[], ARRAY['Apply new vocabulary', 'Use correct articles']::text[], ARRAY['Sentence structure', 'Verb conjugation', 'Article-noun agreement']::text[], 50, 150, 1);

INSERT INTO public.lesson_conversations (lesson_id, title, scenario, role_user, role_ai, context, opening_line, vocabulary_hints, difficulty, order_index) VALUES
  ('73befbad-fc50-4d86-8816-0c3af6d946e2', 'Meetings und Verhandlungen — Conversation 1', 'Practice a realistic conversation about meetings und verhandlungen in the context of Berufliche Kommunikation.', 'Student', 'Teacher', 'You are a student at B2 level. Practice having a natural German conversation about this lesson''s topic.', 'Hallo! Lass uns über "Meetings und Verhandlungen" sprechen. Bist du bereit?', ARRAY[]::text[], 'intermediate', 1);

INSERT INTO public.lesson_ai_challenges (lesson_id, title, question, scenario, expected_elements, tips, difficulty, order_index) VALUES
  ('73befbad-fc50-4d86-8816-0c3af6d946e2', 'Meetings und Verhandlungen — Creative Application', 'Create a short dialogue or story using at least 10 vocabulary words and grammar structures from "Meetings und Verhandlungen". The dialogue should be realistic and related to Berufliche Kommunikation.', 'Creative practice for Meetings und Verhandlungen', ARRAY['10+ vocabulary words from the lesson', 'Correct grammar application', 'Realistic and natural dialogue', 'Creative and original content']::text[], ARRAY['Review the lesson material first', 'Take your time to think', 'Be creative and original']::text[], 'easy', 1);

INSERT INTO public.lesson_reading (lesson_id, title, content, english_translation, arabic_translation, word_count, difficulty_rating, audio_url, source) VALUES
  ('73befbad-fc50-4d86-8816-0c3af6d946e2', 'Meetings und Verhandlungen — Reading Practice', 'This is a B2-level reading passage about meetings und verhandlungen in the context of Berufliche Kommunikation.

Meetings und Verhandlungen is an important topic for German learners. In this lesson, you will learn key vocabulary and grammar structures that will help you communicate effectively in real-life situations.

The module "Berufliche Kommunikation" provides a comprehensive introduction to this topic. By studying this material carefully and practicing regularly, you will build confidence in your German language skills.

Try to read the passage without translating every word. Focus on understanding the main ideas first. Then read again for details. Finally, practice reading aloud to improve your pronunciation.', NULL, NULL, 100, 1, NULL, 'DeutschMentor Curriculum');

INSERT INTO public.lesson_listening (lesson_id, title, transcript, english_translation, arabic_translation, audio_url, duration_seconds, speaker_count, scenario) VALUES
  ('73befbad-fc50-4d86-8816-0c3af6d946e2', 'Meetings und Verhandlungen — Listening Exercise', '[Teacher]: Hallo! Willkommen zur Lektion "Meetings und Verhandlungen" aus dem Modul "Berufliche Kommunikation".

[Teacher]: Heute lernen wir wichtige Wörter und Sätze. Bitte hören Sie gut zu und wiederholen Sie.

[Student]: Ich bin bereit! Was lernen wir zuerst?

[Teacher]: Wir beginnen mit den Grundlagen. Wiederholen Sie bitte jedes Wort nach mir.

[Student]: Das ist eine gute Übung. Kann ich die Wörter auch in Sätzen hören?

[Teacher]: Natürlich! Ich zeige Ihnen Beispiele für jeden Satz. Dann üben wir zusammen.

[Student]: Perfekt! Vielen Dank für die Hilfe.

[Teacher]: Gern geschehen! Üben Sie zu Hause weiter. Viel Erfolg!', NULL, NULL, NULL, 120, 2, 'Berufliche Kommunikation');

INSERT INTO public.lesson_expressions (lesson_id, german, english_translation, arabic_translation, usage_context, formality, is_idiom, literal_translation, order_index) VALUES
  ('5fb0267b-912e-4ada-a115-34e4712ea71a', 'Guten Morgen!', 'Good morning!', 'صباح الخير!', 'Used in Diskussion und Argumentation', 'formal', false, NULL, 1),
  ('5fb0267b-912e-4ada-a115-34e4712ea71a', 'Guten Tag!', 'Good day!', 'يوم سعيد!', 'Used in Diskussion und Argumentation', 'formal', false, NULL, 2),
  ('5fb0267b-912e-4ada-a115-34e4712ea71a', 'Hallo!', 'Hello!', 'مرحباً!', 'Used in Diskussion und Argumentation', 'informal', false, NULL, 3),
  ('5fb0267b-912e-4ada-a115-34e4712ea71a', 'Tschüss!', 'Bye!', 'مع السلامة!', 'Used in Diskussion und Argumentation', 'informal', false, NULL, 4),
  ('5fb0267b-912e-4ada-a115-34e4712ea71a', 'Auf Wiedersehen!', 'Goodbye!', 'إلى اللقاء!', 'Used in Diskussion und Argumentation', 'formal', false, NULL, 5),
  ('5fb0267b-912e-4ada-a115-34e4712ea71a', 'Wie geht es Ihnen?', 'How are you? (formal)', 'كيف حالك؟ (رسمي)', 'Used in Diskussion und Argumentation', 'formal', false, NULL, 6),
  ('5fb0267b-912e-4ada-a115-34e4712ea71a', 'Wie geht es dir?', 'How are you? (informal)', 'كيف حالك؟ (غير رسمي)', 'Used in Diskussion und Argumentation', 'informal', false, NULL, 7),
  ('5fb0267b-912e-4ada-a115-34e4712ea71a', 'Mir geht es gut, danke.', 'I''m fine, thanks.', 'أنا بخير، شكراً.', 'Used in Diskussion und Argumentation', 'neutral', false, NULL, 8),
  ('5fb0267b-912e-4ada-a115-34e4712ea71a', 'Freut mich!', 'Nice to meet you!', 'يسعدني!', 'Used in Diskussion und Argumentation', 'neutral', false, NULL, 9),
  ('5fb0267b-912e-4ada-a115-34e4712ea71a', 'Bis später!', 'See you later!', 'أراك لاحقاً!', 'Used in Diskussion und Argumentation', 'informal', false, NULL, 10);

INSERT INTO public.lesson_flashcards (lesson_id, front, back, hint, category, order_index) VALUES
  ('5fb0267b-912e-4ada-a115-34e4712ea71a', 'Guten Morgen', 'Good morning', 'Used before noon', 'expression', 1),
  ('5fb0267b-912e-4ada-a115-34e4712ea71a', 'Guten Abend', 'Good evening', 'Used after 6 PM', 'expression', 2),
  ('5fb0267b-912e-4ada-a115-34e4712ea71a', 'Tschüss', 'Bye (informal)', 'With friends', 'expression', 3),
  ('5fb0267b-912e-4ada-a115-34e4712ea71a', 'Auf Wiedersehen', 'Goodbye (formal)', 'Formal situations', 'expression', 4),
  ('5fb0267b-912e-4ada-a115-34e4712ea71a', 'Bis später', 'See you later', 'Soon again', 'expression', 5),
  ('5fb0267b-912e-4ada-a115-34e4712ea71a', 'Willkommen', 'Welcome', 'First meeting', 'expression', 6),
  ('5fb0267b-912e-4ada-a115-34e4712ea71a', 'Entschuldigung', 'Excuse me / Sorry', 'Apology or attention', 'expression', 7),
  ('5fb0267b-912e-4ada-a115-34e4712ea71a', 'Vielen Dank', 'Thank you very much', 'Gratitude', 'expression', 8);

INSERT INTO public.lesson_homework (lesson_id, title, description, homework_type, tasks, estimated_minutes, order_index) VALUES
  ('5fb0267b-912e-4ada-a115-34e4712ea71a', 'Homework: Diskussion führen', 'Complete these tasks to reinforce "Diskussion führen" (Diskussion und Argumentation).', 'speaking', '[{"description":"Review all vocabulary from \"Diskussion führen\" — write each word with its article and plural form."},{"description":"Write 5 sentences using the key words from this lesson."},{"description":"Practice the dialogue aloud 3 times and record yourself."}]', 25, 1);

INSERT INTO public.lesson_reviews (lesson_id, summary, key_points, grammar_summary, vocabulary_focus, common_mistakes_summary, tips) VALUES
  ('5fb0267b-912e-4ada-a115-34e4712ea71a', 'In this lesson on "Diskussion führen" (Diskussion und Argumentation), you learned key reading concepts at B2 level. Regular practice will help reinforce your understanding and build fluency.', '["Mastered the core vocabulary and expressions of \"Diskussion führen\"","Understood and practiced the grammar structures taught","Developed reading skills through targeted exercises","Built confidence in using German in practical situations","Identified areas for further practice and improvement","Connected new knowledge with previously learned material"]', '[{"title":"Key Grammar Points","summary":"Review the grammar rules and structures from this lesson on \"Diskussion führen\""}]', ARRAY['"Diskussion führen" core vocabulary', 'Diskussion und Argumentation key terms']::text[], ARRAY['Pay attention to article gender (der/die/das)', 'Verb is always in second position in main clauses', 'Remember: German nouns are always capitalized']::text[], ARRAY['Practice 15-20 minutes daily for best results', 'Use new vocabulary in real sentences immediately', 'Speak out loud to improve pronunciation and fluency', 'Review previous lessons before starting new material']::text[]);

INSERT INTO public.lesson_speaking (lesson_id, title, prompt, scenario, tips, vocabulary_hints, min_duration_seconds, order_index) VALUES
  ('5fb0267b-912e-4ada-a115-34e4712ea71a', 'Diskussion führen — Speaking 1', 'Practice the key vocabulary and phrases from "Diskussion führen" aloud. Focus on correct pronunciation.', 'Speaking practice for Diskussion und Argumentation', ARRAY['Speak slowly and clearly', 'Use full sentences', 'Don''t worry about mistakes', 'Practice 3 times']::text[], ARRAY['Use this lesson''s vocabulary', 'Apply correct grammar']::text[], 30, 1);

INSERT INTO public.lesson_speaking (lesson_id, title, prompt, scenario, tips, vocabulary_hints, min_duration_seconds, order_index) VALUES
  ('5fb0267b-912e-4ada-a115-34e4712ea71a', 'Diskussion führen — Speaking 2', 'Role-play: Imagine you are in a situation related to Diskussion und Argumentation. Have a dialogue with a partner.', 'Speaking practice for Diskussion und Argumentation', ARRAY['Speak slowly and clearly', 'Use full sentences', 'Don''t worry about mistakes', 'Practice 3 times']::text[], ARRAY['Use this lesson''s vocabulary', 'Apply correct grammar']::text[], 60, 2);

INSERT INTO public.lesson_writing (lesson_id, title, task, tips, vocabulary_hints, grammar_focus, word_limit_min, word_limit_max, order_index) VALUES
  ('5fb0267b-912e-4ada-a115-34e4712ea71a', 'Diskussion führen — Writing Task 1', 'Write a short text (50-100 words) about diskussion führen. Use at least 5 vocabulary words from this lesson. Focus on correct sentence structure.', ARRAY['Use vocabulary from this lesson', 'Check your grammar', 'Write complete sentences']::text[], ARRAY['Apply new vocabulary', 'Use correct articles']::text[], ARRAY['Sentence structure', 'Verb conjugation', 'Article-noun agreement']::text[], 50, 150, 1);

INSERT INTO public.lesson_conversations (lesson_id, title, scenario, role_user, role_ai, context, opening_line, vocabulary_hints, difficulty, order_index) VALUES
  ('5fb0267b-912e-4ada-a115-34e4712ea71a', 'Diskussion führen — Conversation 1', 'Practice a realistic conversation about diskussion führen in the context of Diskussion und Argumentation.', 'Student', 'Teacher', 'You are a student at B2 level. Practice having a natural German conversation about this lesson''s topic.', 'Hallo! Lass uns über "Diskussion führen" sprechen. Bist du bereit?', ARRAY[]::text[], 'intermediate', 1);

INSERT INTO public.lesson_conversations (lesson_id, title, scenario, role_user, role_ai, context, opening_line, vocabulary_hints, difficulty, order_index) VALUES
  ('5fb0267b-912e-4ada-a115-34e4712ea71a', 'Diskussion führen — Conversation 2', 'Practice a realistic conversation about diskussion führen in the context of Diskussion und Argumentation.', 'Customer', 'Assistant', 'You are a student at B2 level. Practice having a natural German conversation about this lesson''s topic.', 'Hallo! Lass uns über "Diskussion führen" sprechen. Bist du bereit?', ARRAY[]::text[], 'intermediate', 2);

INSERT INTO public.lesson_ai_challenges (lesson_id, title, question, scenario, expected_elements, tips, difficulty, order_index) VALUES
  ('5fb0267b-912e-4ada-a115-34e4712ea71a', 'Diskussion führen — Creative Application', 'Create a short dialogue or story using at least 10 vocabulary words and grammar structures from "Diskussion führen". The dialogue should be realistic and related to Diskussion und Argumentation.', 'Creative practice for Diskussion führen', ARRAY['10+ vocabulary words from the lesson', 'Correct grammar application', 'Realistic and natural dialogue', 'Creative and original content']::text[], ARRAY['Review the lesson material first', 'Take your time to think', 'Be creative and original']::text[], 'easy', 1);

INSERT INTO public.lesson_reading (lesson_id, title, content, english_translation, arabic_translation, word_count, difficulty_rating, audio_url, source) VALUES
  ('5fb0267b-912e-4ada-a115-34e4712ea71a', 'Diskussion führen — Reading Practice', 'This is a B2-level reading passage about diskussion führen in the context of Diskussion und Argumentation.

Diskussion führen is an important topic for German learners. In this lesson, you will learn key vocabulary and grammar structures that will help you communicate effectively in real-life situations.

The module "Diskussion und Argumentation" provides a comprehensive introduction to this topic. By studying this material carefully and practicing regularly, you will build confidence in your German language skills.

Try to read the passage without translating every word. Focus on understanding the main ideas first. Then read again for details. Finally, practice reading aloud to improve your pronunciation.', NULL, NULL, 100, 1, NULL, 'DeutschMentor Curriculum');

INSERT INTO public.lesson_listening (lesson_id, title, transcript, english_translation, arabic_translation, audio_url, duration_seconds, speaker_count, scenario) VALUES
  ('5fb0267b-912e-4ada-a115-34e4712ea71a', 'Diskussion führen — Listening Exercise', '[Teacher]: Hallo! Willkommen zur Lektion "Diskussion führen" aus dem Modul "Diskussion und Argumentation".

[Teacher]: Heute lernen wir wichtige Wörter und Sätze. Bitte hören Sie gut zu und wiederholen Sie.

[Student]: Ich bin bereit! Was lernen wir zuerst?

[Teacher]: Wir beginnen mit den Grundlagen. Wiederholen Sie bitte jedes Wort nach mir.

[Student]: Das ist eine gute Übung. Kann ich die Wörter auch in Sätzen hören?

[Teacher]: Natürlich! Ich zeige Ihnen Beispiele für jeden Satz. Dann üben wir zusammen.

[Student]: Perfekt! Vielen Dank für die Hilfe.

[Teacher]: Gern geschehen! Üben Sie zu Hause weiter. Viel Erfolg!', NULL, NULL, NULL, 120, 2, 'Diskussion und Argumentation');

INSERT INTO public.lesson_expressions (lesson_id, german, english_translation, arabic_translation, usage_context, formality, is_idiom, literal_translation, order_index) VALUES
  ('3861ffc5-078c-429a-a59c-1dd7f4c713f1', 'Guten Morgen!', 'Good morning!', 'صباح الخير!', 'Used in Präsentationen und Vorträge', 'formal', false, NULL, 1),
  ('3861ffc5-078c-429a-a59c-1dd7f4c713f1', 'Guten Tag!', 'Good day!', 'يوم سعيد!', 'Used in Präsentationen und Vorträge', 'formal', false, NULL, 2),
  ('3861ffc5-078c-429a-a59c-1dd7f4c713f1', 'Hallo!', 'Hello!', 'مرحباً!', 'Used in Präsentationen und Vorträge', 'informal', false, NULL, 3),
  ('3861ffc5-078c-429a-a59c-1dd7f4c713f1', 'Tschüss!', 'Bye!', 'مع السلامة!', 'Used in Präsentationen und Vorträge', 'informal', false, NULL, 4),
  ('3861ffc5-078c-429a-a59c-1dd7f4c713f1', 'Auf Wiedersehen!', 'Goodbye!', 'إلى اللقاء!', 'Used in Präsentationen und Vorträge', 'formal', false, NULL, 5),
  ('3861ffc5-078c-429a-a59c-1dd7f4c713f1', 'Wie geht es Ihnen?', 'How are you? (formal)', 'كيف حالك؟ (رسمي)', 'Used in Präsentationen und Vorträge', 'formal', false, NULL, 6),
  ('3861ffc5-078c-429a-a59c-1dd7f4c713f1', 'Wie geht es dir?', 'How are you? (informal)', 'كيف حالك؟ (غير رسمي)', 'Used in Präsentationen und Vorträge', 'informal', false, NULL, 7),
  ('3861ffc5-078c-429a-a59c-1dd7f4c713f1', 'Mir geht es gut, danke.', 'I''m fine, thanks.', 'أنا بخير، شكراً.', 'Used in Präsentationen und Vorträge', 'neutral', false, NULL, 8),
  ('3861ffc5-078c-429a-a59c-1dd7f4c713f1', 'Freut mich!', 'Nice to meet you!', 'يسعدني!', 'Used in Präsentationen und Vorträge', 'neutral', false, NULL, 9),
  ('3861ffc5-078c-429a-a59c-1dd7f4c713f1', 'Bis später!', 'See you later!', 'أراك لاحقاً!', 'Used in Präsentationen und Vorträge', 'informal', false, NULL, 10);

INSERT INTO public.lesson_flashcards (lesson_id, front, back, hint, category, order_index) VALUES
  ('3861ffc5-078c-429a-a59c-1dd7f4c713f1', 'Guten Morgen', 'Good morning', 'Used before noon', 'expression', 1),
  ('3861ffc5-078c-429a-a59c-1dd7f4c713f1', 'Guten Abend', 'Good evening', 'Used after 6 PM', 'expression', 2),
  ('3861ffc5-078c-429a-a59c-1dd7f4c713f1', 'Tschüss', 'Bye (informal)', 'With friends', 'expression', 3),
  ('3861ffc5-078c-429a-a59c-1dd7f4c713f1', 'Auf Wiedersehen', 'Goodbye (formal)', 'Formal situations', 'expression', 4),
  ('3861ffc5-078c-429a-a59c-1dd7f4c713f1', 'Bis später', 'See you later', 'Soon again', 'expression', 5),
  ('3861ffc5-078c-429a-a59c-1dd7f4c713f1', 'Willkommen', 'Welcome', 'First meeting', 'expression', 6),
  ('3861ffc5-078c-429a-a59c-1dd7f4c713f1', 'Entschuldigung', 'Excuse me / Sorry', 'Apology or attention', 'expression', 7),
  ('3861ffc5-078c-429a-a59c-1dd7f4c713f1', 'Vielen Dank', 'Thank you very much', 'Gratitude', 'expression', 8);

INSERT INTO public.lesson_homework (lesson_id, title, description, homework_type, tasks, estimated_minutes, order_index) VALUES
  ('3861ffc5-078c-429a-a59c-1dd7f4c713f1', 'Homework: Vortrag halten', 'Complete these tasks to reinforce "Vortrag halten" (Präsentationen und Vorträge).', 'reading', '[{"description":"Review all vocabulary from \"Vortrag halten\" — write each word with its article and plural form."},{"description":"Write 5 sentences using the key words from this lesson."},{"description":"Practice the dialogue aloud 3 times and record yourself."}]', 15, 1);

INSERT INTO public.lesson_reviews (lesson_id, summary, key_points, grammar_summary, vocabulary_focus, common_mistakes_summary, tips) VALUES
  ('3861ffc5-078c-429a-a59c-1dd7f4c713f1', 'In this lesson on "Vortrag halten" (Präsentationen und Vorträge), you learned key speaking concepts at B2 level. Regular practice will help reinforce your understanding and build fluency.', '["Mastered the core vocabulary and expressions of \"Vortrag halten\"","Understood and practiced the grammar structures taught","Developed speaking skills through targeted exercises","Built confidence in using German in practical situations","Identified areas for further practice and improvement","Connected new knowledge with previously learned material"]', '[{"title":"Key Grammar Points","summary":"Review the grammar rules and structures from this lesson on \"Vortrag halten\""}]', ARRAY['"Vortrag halten" core vocabulary', 'Präsentationen und Vorträge key terms']::text[], ARRAY['Pay attention to article gender (der/die/das)', 'Verb is always in second position in main clauses', 'Remember: German nouns are always capitalized']::text[], ARRAY['Practice 15-20 minutes daily for best results', 'Use new vocabulary in real sentences immediately', 'Speak out loud to improve pronunciation and fluency', 'Review previous lessons before starting new material']::text[]);

INSERT INTO public.lesson_speaking (lesson_id, title, prompt, scenario, tips, vocabulary_hints, min_duration_seconds, order_index) VALUES
  ('3861ffc5-078c-429a-a59c-1dd7f4c713f1', 'Vortrag halten — Speaking 1', 'Practice the key vocabulary and phrases from "Vortrag halten" aloud. Focus on correct pronunciation.', 'Speaking practice for Präsentationen und Vorträge', ARRAY['Speak slowly and clearly', 'Use full sentences', 'Don''t worry about mistakes', 'Practice 3 times']::text[], ARRAY['Use this lesson''s vocabulary', 'Apply correct grammar']::text[], 30, 1);

INSERT INTO public.lesson_speaking (lesson_id, title, prompt, scenario, tips, vocabulary_hints, min_duration_seconds, order_index) VALUES
  ('3861ffc5-078c-429a-a59c-1dd7f4c713f1', 'Vortrag halten — Speaking 2', 'Role-play: Imagine you are in a situation related to Präsentationen und Vorträge. Have a dialogue with a partner.', 'Speaking practice for Präsentationen und Vorträge', ARRAY['Speak slowly and clearly', 'Use full sentences', 'Don''t worry about mistakes', 'Practice 3 times']::text[], ARRAY['Use this lesson''s vocabulary', 'Apply correct grammar']::text[], 60, 2);

INSERT INTO public.lesson_writing (lesson_id, title, task, tips, vocabulary_hints, grammar_focus, word_limit_min, word_limit_max, order_index) VALUES
  ('3861ffc5-078c-429a-a59c-1dd7f4c713f1', 'Vortrag halten — Writing Task 1', 'Write a short text (50-100 words) about vortrag halten. Use at least 5 vocabulary words from this lesson. Focus on correct sentence structure.', ARRAY['Use vocabulary from this lesson', 'Check your grammar', 'Write complete sentences']::text[], ARRAY['Apply new vocabulary', 'Use correct articles']::text[], ARRAY['Sentence structure', 'Verb conjugation', 'Article-noun agreement']::text[], 50, 150, 1);

INSERT INTO public.lesson_conversations (lesson_id, title, scenario, role_user, role_ai, context, opening_line, vocabulary_hints, difficulty, order_index) VALUES
  ('3861ffc5-078c-429a-a59c-1dd7f4c713f1', 'Vortrag halten — Conversation 1', 'Practice a realistic conversation about vortrag halten in the context of Präsentationen und Vorträge.', 'Student', 'Teacher', 'You are a student at B2 level. Practice having a natural German conversation about this lesson''s topic.', 'Hallo! Lass uns über "Vortrag halten" sprechen. Bist du bereit?', ARRAY[]::text[], 'intermediate', 1);

INSERT INTO public.lesson_conversations (lesson_id, title, scenario, role_user, role_ai, context, opening_line, vocabulary_hints, difficulty, order_index) VALUES
  ('3861ffc5-078c-429a-a59c-1dd7f4c713f1', 'Vortrag halten — Conversation 2', 'Practice a realistic conversation about vortrag halten in the context of Präsentationen und Vorträge.', 'Customer', 'Assistant', 'You are a student at B2 level. Practice having a natural German conversation about this lesson''s topic.', 'Hallo! Lass uns über "Vortrag halten" sprechen. Bist du bereit?', ARRAY[]::text[], 'intermediate', 2);

INSERT INTO public.lesson_ai_challenges (lesson_id, title, question, scenario, expected_elements, tips, difficulty, order_index) VALUES
  ('3861ffc5-078c-429a-a59c-1dd7f4c713f1', 'Vortrag halten — Creative Application', 'Create a short dialogue or story using at least 10 vocabulary words and grammar structures from "Vortrag halten". The dialogue should be realistic and related to Präsentationen und Vorträge.', 'Creative practice for Vortrag halten', ARRAY['10+ vocabulary words from the lesson', 'Correct grammar application', 'Realistic and natural dialogue', 'Creative and original content']::text[], ARRAY['Review the lesson material first', 'Take your time to think', 'Be creative and original']::text[], 'easy', 1);

INSERT INTO public.lesson_reading (lesson_id, title, content, english_translation, arabic_translation, word_count, difficulty_rating, audio_url, source) VALUES
  ('3861ffc5-078c-429a-a59c-1dd7f4c713f1', 'Vortrag halten — Reading Practice', 'This is a B2-level reading passage about vortrag halten in the context of Präsentationen und Vorträge.

Vortrag halten is an important topic for German learners. In this lesson, you will learn key vocabulary and grammar structures that will help you communicate effectively in real-life situations.

The module "Präsentationen und Vorträge" provides a comprehensive introduction to this topic. By studying this material carefully and practicing regularly, you will build confidence in your German language skills.

Try to read the passage without translating every word. Focus on understanding the main ideas first. Then read again for details. Finally, practice reading aloud to improve your pronunciation.', NULL, NULL, 100, 1, NULL, 'DeutschMentor Curriculum');

INSERT INTO public.lesson_listening (lesson_id, title, transcript, english_translation, arabic_translation, audio_url, duration_seconds, speaker_count, scenario) VALUES
  ('3861ffc5-078c-429a-a59c-1dd7f4c713f1', 'Vortrag halten — Listening Exercise', '[Teacher]: Hallo! Willkommen zur Lektion "Vortrag halten" aus dem Modul "Präsentationen und Vorträge".

[Teacher]: Heute lernen wir wichtige Wörter und Sätze. Bitte hören Sie gut zu und wiederholen Sie.

[Student]: Ich bin bereit! Was lernen wir zuerst?

[Teacher]: Wir beginnen mit den Grundlagen. Wiederholen Sie bitte jedes Wort nach mir.

[Student]: Das ist eine gute Übung. Kann ich die Wörter auch in Sätzen hören?

[Teacher]: Natürlich! Ich zeige Ihnen Beispiele für jeden Satz. Dann üben wir zusammen.

[Student]: Perfekt! Vielen Dank für die Hilfe.

[Teacher]: Gern geschehen! Üben Sie zu Hause weiter. Viel Erfolg!', NULL, NULL, NULL, 120, 2, 'Präsentationen und Vorträge');

INSERT INTO public.lesson_expressions (lesson_id, german, english_translation, arabic_translation, usage_context, formality, is_idiom, literal_translation, order_index) VALUES
  ('cc563b47-799a-4f58-858c-a9421c9472b9', 'Was machst du in deiner Freizeit?', 'What do you do in your free time?', 'ماذا تفعل في وقت فراغك؟', 'Used in Fachsprache und Terminologie', 'informal', false, NULL, 1),
  ('cc563b47-799a-4f58-858c-a9421c9472b9', 'Ich spiele gerne Fußball.', 'I like playing football.', 'أحب لعب كرة القدم.', 'Used in Fachsprache und Terminologie', 'neutral', false, NULL, 2),
  ('cc563b47-799a-4f58-858c-a9421c9472b9', 'Mein Hobby ist Lesen.', 'My hobby is reading.', 'هوايتي القراءة.', 'Used in Fachsprache und Terminologie', 'neutral', false, NULL, 3),
  ('cc563b47-799a-4f58-858c-a9421c9472b9', 'Ich höre gerne Musik.', 'I like listening to music.', 'أحب الاستماع إلى الموسيقى.', 'Used in Fachsprache und Terminologie', 'neutral', false, NULL, 4),
  ('cc563b47-799a-4f58-858c-a9421c9472b9', 'Wir gehen oft spazieren.', 'We often go for walks.', 'نذهب غالباً للتنزه.', 'Used in Fachsprache und Terminologie', 'neutral', false, NULL, 5),
  ('cc563b47-799a-4f58-858c-a9421c9472b9', 'Sie reist sehr gern.', 'She likes traveling very much.', 'هي تحب السفر كثيراً.', 'Used in Fachsprache und Terminologie', 'neutral', false, NULL, 6),
  ('cc563b47-799a-4f58-858c-a9421c9472b9', 'Hast du ein Hobby?', 'Do you have a hobby?', 'هل لديك هواية؟', 'Used in Fachsprache und Terminologie', 'informal', false, NULL, 7);

INSERT INTO public.lesson_flashcards (lesson_id, front, back, hint, category, order_index) VALUES
  ('cc563b47-799a-4f58-858c-a9421c9472b9', 'Guten Morgen', 'Good morning', 'Used before noon', 'expression', 1),
  ('cc563b47-799a-4f58-858c-a9421c9472b9', 'Guten Abend', 'Good evening', 'Used after 6 PM', 'expression', 2),
  ('cc563b47-799a-4f58-858c-a9421c9472b9', 'Tschüss', 'Bye (informal)', 'With friends', 'expression', 3),
  ('cc563b47-799a-4f58-858c-a9421c9472b9', 'Auf Wiedersehen', 'Goodbye (formal)', 'Formal situations', 'expression', 4),
  ('cc563b47-799a-4f58-858c-a9421c9472b9', 'Bis später', 'See you later', 'Soon again', 'expression', 5),
  ('cc563b47-799a-4f58-858c-a9421c9472b9', 'Willkommen', 'Welcome', 'First meeting', 'expression', 6),
  ('cc563b47-799a-4f58-858c-a9421c9472b9', 'Entschuldigung', 'Excuse me / Sorry', 'Apology or attention', 'expression', 7),
  ('cc563b47-799a-4f58-858c-a9421c9472b9', 'Vielen Dank', 'Thank you very much', 'Gratitude', 'expression', 8);

INSERT INTO public.lesson_homework (lesson_id, title, description, homework_type, tasks, estimated_minutes, order_index) VALUES
  ('cc563b47-799a-4f58-858c-a9421c9472b9', 'Homework: Fachtexte lesen und verstehen', 'Complete these tasks to reinforce "Fachtexte lesen und verstehen" (Fachsprache und Terminologie).', 'grammar', '[{"description":"Review all vocabulary from \"Fachtexte lesen und verstehen\" — write each word with its article and plural form."},{"description":"Write 5 sentences using the key words from this lesson."},{"description":"Practice the dialogue aloud 3 times and record yourself."}]', 20, 1);

INSERT INTO public.lesson_reviews (lesson_id, summary, key_points, grammar_summary, vocabulary_focus, common_mistakes_summary, tips) VALUES
  ('cc563b47-799a-4f58-858c-a9421c9472b9', 'In this lesson on "Fachtexte lesen und verstehen" (Fachsprache und Terminologie), you learned key reading concepts at B2 level. Regular practice will help reinforce your understanding and build fluency.', '["Mastered the core vocabulary and expressions of \"Fachtexte lesen und verstehen\"","Understood and practiced the grammar structures taught","Developed reading skills through targeted exercises","Built confidence in using German in practical situations","Identified areas for further practice and improvement","Connected new knowledge with previously learned material"]', '[{"title":"Key Grammar Points","summary":"Review the grammar rules and structures from this lesson on \"Fachtexte lesen und verstehen\""}]', ARRAY['"Fachtexte lesen und verstehen" core vocabulary', 'Fachsprache und Terminologie key terms']::text[], ARRAY['Pay attention to article gender (der/die/das)', 'Verb is always in second position in main clauses', 'Remember: German nouns are always capitalized']::text[], ARRAY['Practice 15-20 minutes daily for best results', 'Use new vocabulary in real sentences immediately', 'Speak out loud to improve pronunciation and fluency', 'Review previous lessons before starting new material']::text[]);

INSERT INTO public.lesson_speaking (lesson_id, title, prompt, scenario, tips, vocabulary_hints, min_duration_seconds, order_index) VALUES
  ('cc563b47-799a-4f58-858c-a9421c9472b9', 'Fachtexte lesen und verstehen — Speaking 1', 'Practice the key vocabulary and phrases from "Fachtexte lesen und verstehen" aloud. Focus on correct pronunciation.', 'Speaking practice for Fachsprache und Terminologie', ARRAY['Speak slowly and clearly', 'Use full sentences', 'Don''t worry about mistakes', 'Practice 3 times']::text[], ARRAY['Use this lesson''s vocabulary', 'Apply correct grammar']::text[], 30, 1);

INSERT INTO public.lesson_speaking (lesson_id, title, prompt, scenario, tips, vocabulary_hints, min_duration_seconds, order_index) VALUES
  ('cc563b47-799a-4f58-858c-a9421c9472b9', 'Fachtexte lesen und verstehen — Speaking 2', 'Role-play: Imagine you are in a situation related to Fachsprache und Terminologie. Have a dialogue with a partner.', 'Speaking practice for Fachsprache und Terminologie', ARRAY['Speak slowly and clearly', 'Use full sentences', 'Don''t worry about mistakes', 'Practice 3 times']::text[], ARRAY['Use this lesson''s vocabulary', 'Apply correct grammar']::text[], 60, 2);

INSERT INTO public.lesson_writing (lesson_id, title, task, tips, vocabulary_hints, grammar_focus, word_limit_min, word_limit_max, order_index) VALUES
  ('cc563b47-799a-4f58-858c-a9421c9472b9', 'Fachtexte lesen und verstehen — Writing Task 1', 'Write a short text (50-100 words) about fachtexte lesen und verstehen. Use at least 5 vocabulary words from this lesson. Focus on correct sentence structure.', ARRAY['Use vocabulary from this lesson', 'Check your grammar', 'Write complete sentences']::text[], ARRAY['Apply new vocabulary', 'Use correct articles']::text[], ARRAY['Sentence structure', 'Verb conjugation', 'Article-noun agreement']::text[], 50, 150, 1);

INSERT INTO public.lesson_conversations (lesson_id, title, scenario, role_user, role_ai, context, opening_line, vocabulary_hints, difficulty, order_index) VALUES
  ('cc563b47-799a-4f58-858c-a9421c9472b9', 'Fachtexte lesen und verstehen — Conversation 1', 'Practice a realistic conversation about fachtexte lesen und verstehen in the context of Fachsprache und Terminologie.', 'Student', 'Teacher', 'You are a student at B2 level. Practice having a natural German conversation about this lesson''s topic.', 'Hallo! Lass uns über "Fachtexte lesen und verstehen" sprechen. Bist du bereit?', ARRAY[]::text[], 'intermediate', 1);

INSERT INTO public.lesson_conversations (lesson_id, title, scenario, role_user, role_ai, context, opening_line, vocabulary_hints, difficulty, order_index) VALUES
  ('cc563b47-799a-4f58-858c-a9421c9472b9', 'Fachtexte lesen und verstehen — Conversation 2', 'Practice a realistic conversation about fachtexte lesen und verstehen in the context of Fachsprache und Terminologie.', 'Customer', 'Assistant', 'You are a student at B2 level. Practice having a natural German conversation about this lesson''s topic.', 'Hallo! Lass uns über "Fachtexte lesen und verstehen" sprechen. Bist du bereit?', ARRAY[]::text[], 'intermediate', 2);

INSERT INTO public.lesson_ai_challenges (lesson_id, title, question, scenario, expected_elements, tips, difficulty, order_index) VALUES
  ('cc563b47-799a-4f58-858c-a9421c9472b9', 'Fachtexte lesen und verstehen — Creative Application', 'Create a short dialogue or story using at least 10 vocabulary words and grammar structures from "Fachtexte lesen und verstehen". The dialogue should be realistic and related to Fachsprache und Terminologie.', 'Creative practice for Fachtexte lesen und verstehen', ARRAY['10+ vocabulary words from the lesson', 'Correct grammar application', 'Realistic and natural dialogue', 'Creative and original content']::text[], ARRAY['Review the lesson material first', 'Take your time to think', 'Be creative and original']::text[], 'easy', 1);

INSERT INTO public.lesson_reading (lesson_id, title, content, english_translation, arabic_translation, word_count, difficulty_rating, audio_url, source) VALUES
  ('cc563b47-799a-4f58-858c-a9421c9472b9', 'Fachtexte lesen und verstehen — Reading Practice', 'This is a B2-level reading passage about fachtexte lesen und verstehen in the context of Fachsprache und Terminologie.

Fachtexte lesen und verstehen is an important topic for German learners. In this lesson, you will learn key vocabulary and grammar structures that will help you communicate effectively in real-life situations.

The module "Fachsprache und Terminologie" provides a comprehensive introduction to this topic. By studying this material carefully and practicing regularly, you will build confidence in your German language skills.

Try to read the passage without translating every word. Focus on understanding the main ideas first. Then read again for details. Finally, practice reading aloud to improve your pronunciation.', NULL, NULL, 104, 1, NULL, 'DeutschMentor Curriculum');

INSERT INTO public.lesson_listening (lesson_id, title, transcript, english_translation, arabic_translation, audio_url, duration_seconds, speaker_count, scenario) VALUES
  ('cc563b47-799a-4f58-858c-a9421c9472b9', 'Fachtexte lesen und verstehen — Listening Exercise', '[Teacher]: Hallo! Willkommen zur Lektion "Fachtexte lesen und verstehen" aus dem Modul "Fachsprache und Terminologie".

[Teacher]: Heute lernen wir wichtige Wörter und Sätze. Bitte hören Sie gut zu und wiederholen Sie.

[Student]: Ich bin bereit! Was lernen wir zuerst?

[Teacher]: Wir beginnen mit den Grundlagen. Wiederholen Sie bitte jedes Wort nach mir.

[Student]: Das ist eine gute Übung. Kann ich die Wörter auch in Sätzen hören?

[Teacher]: Natürlich! Ich zeige Ihnen Beispiele für jeden Satz. Dann üben wir zusammen.

[Student]: Perfekt! Vielen Dank für die Hilfe.

[Teacher]: Gern geschehen! Üben Sie zu Hause weiter. Viel Erfolg!', NULL, NULL, NULL, 120, 2, 'Fachsprache und Terminologie');

INSERT INTO public.lesson_expressions (lesson_id, german, english_translation, arabic_translation, usage_context, formality, is_idiom, literal_translation, order_index) VALUES
  ('5509536b-87c6-4261-9dc9-1ccd1646f47f', 'Guten Morgen!', 'Good morning!', 'صباح الخير!', 'Used in Kultur und Gesellschaft', 'formal', false, NULL, 1),
  ('5509536b-87c6-4261-9dc9-1ccd1646f47f', 'Guten Tag!', 'Good day!', 'يوم سعيد!', 'Used in Kultur und Gesellschaft', 'formal', false, NULL, 2),
  ('5509536b-87c6-4261-9dc9-1ccd1646f47f', 'Hallo!', 'Hello!', 'مرحباً!', 'Used in Kultur und Gesellschaft', 'informal', false, NULL, 3),
  ('5509536b-87c6-4261-9dc9-1ccd1646f47f', 'Tschüss!', 'Bye!', 'مع السلامة!', 'Used in Kultur und Gesellschaft', 'informal', false, NULL, 4),
  ('5509536b-87c6-4261-9dc9-1ccd1646f47f', 'Auf Wiedersehen!', 'Goodbye!', 'إلى اللقاء!', 'Used in Kultur und Gesellschaft', 'formal', false, NULL, 5),
  ('5509536b-87c6-4261-9dc9-1ccd1646f47f', 'Wie geht es Ihnen?', 'How are you? (formal)', 'كيف حالك؟ (رسمي)', 'Used in Kultur und Gesellschaft', 'formal', false, NULL, 6),
  ('5509536b-87c6-4261-9dc9-1ccd1646f47f', 'Wie geht es dir?', 'How are you? (informal)', 'كيف حالك؟ (غير رسمي)', 'Used in Kultur und Gesellschaft', 'informal', false, NULL, 7),
  ('5509536b-87c6-4261-9dc9-1ccd1646f47f', 'Mir geht es gut, danke.', 'I''m fine, thanks.', 'أنا بخير، شكراً.', 'Used in Kultur und Gesellschaft', 'neutral', false, NULL, 8),
  ('5509536b-87c6-4261-9dc9-1ccd1646f47f', 'Freut mich!', 'Nice to meet you!', 'يسعدني!', 'Used in Kultur und Gesellschaft', 'neutral', false, NULL, 9),
  ('5509536b-87c6-4261-9dc9-1ccd1646f47f', 'Bis später!', 'See you later!', 'أراك لاحقاً!', 'Used in Kultur und Gesellschaft', 'informal', false, NULL, 10);

INSERT INTO public.lesson_flashcards (lesson_id, front, back, hint, category, order_index) VALUES
  ('5509536b-87c6-4261-9dc9-1ccd1646f47f', 'Guten Morgen', 'Good morning', 'Used before noon', 'expression', 1),
  ('5509536b-87c6-4261-9dc9-1ccd1646f47f', 'Guten Abend', 'Good evening', 'Used after 6 PM', 'expression', 2),
  ('5509536b-87c6-4261-9dc9-1ccd1646f47f', 'Tschüss', 'Bye (informal)', 'With friends', 'expression', 3),
  ('5509536b-87c6-4261-9dc9-1ccd1646f47f', 'Auf Wiedersehen', 'Goodbye (formal)', 'Formal situations', 'expression', 4),
  ('5509536b-87c6-4261-9dc9-1ccd1646f47f', 'Bis später', 'See you later', 'Soon again', 'expression', 5),
  ('5509536b-87c6-4261-9dc9-1ccd1646f47f', 'Willkommen', 'Welcome', 'First meeting', 'expression', 6),
  ('5509536b-87c6-4261-9dc9-1ccd1646f47f', 'Entschuldigung', 'Excuse me / Sorry', 'Apology or attention', 'expression', 7),
  ('5509536b-87c6-4261-9dc9-1ccd1646f47f', 'Vielen Dank', 'Thank you very much', 'Gratitude', 'expression', 8);

INSERT INTO public.lesson_homework (lesson_id, title, description, homework_type, tasks, estimated_minutes, order_index) VALUES
  ('5509536b-87c6-4261-9dc9-1ccd1646f47f', 'Homework: Kulturelle Berichte verstehen', 'Complete these tasks to reinforce "Kulturelle Berichte verstehen" (Kultur und Gesellschaft).', 'mixed', '[{"description":"Review all vocabulary from \"Kulturelle Berichte verstehen\" — write each word with its article and plural form."},{"description":"Write 5 sentences using the key words from this lesson."},{"description":"Practice the dialogue aloud 3 times and record yourself."}]', 25, 1);

INSERT INTO public.lesson_reviews (lesson_id, summary, key_points, grammar_summary, vocabulary_focus, common_mistakes_summary, tips) VALUES
  ('5509536b-87c6-4261-9dc9-1ccd1646f47f', 'In this lesson on "Kulturelle Berichte verstehen" (Kultur und Gesellschaft), you learned key reading concepts at B2 level. Regular practice will help reinforce your understanding and build fluency.', '["Mastered the core vocabulary and expressions of \"Kulturelle Berichte verstehen\"","Understood and practiced the grammar structures taught","Developed reading skills through targeted exercises","Built confidence in using German in practical situations","Identified areas for further practice and improvement","Connected new knowledge with previously learned material"]', '[{"title":"Key Grammar Points","summary":"Review the grammar rules and structures from this lesson on \"Kulturelle Berichte verstehen\""}]', ARRAY['"Kulturelle Berichte verstehen" core vocabulary', 'Kultur und Gesellschaft key terms']::text[], ARRAY['Pay attention to article gender (der/die/das)', 'Verb is always in second position in main clauses', 'Remember: German nouns are always capitalized']::text[], ARRAY['Practice 15-20 minutes daily for best results', 'Use new vocabulary in real sentences immediately', 'Speak out loud to improve pronunciation and fluency', 'Review previous lessons before starting new material']::text[]);

INSERT INTO public.lesson_speaking (lesson_id, title, prompt, scenario, tips, vocabulary_hints, min_duration_seconds, order_index) VALUES
  ('5509536b-87c6-4261-9dc9-1ccd1646f47f', 'Kulturelle Berichte verstehen — Speaking 1', 'Practice the key vocabulary and phrases from "Kulturelle Berichte verstehen" aloud. Focus on correct pronunciation.', 'Speaking practice for Kultur und Gesellschaft', ARRAY['Speak slowly and clearly', 'Use full sentences', 'Don''t worry about mistakes', 'Practice 3 times']::text[], ARRAY['Use this lesson''s vocabulary', 'Apply correct grammar']::text[], 30, 1);

INSERT INTO public.lesson_speaking (lesson_id, title, prompt, scenario, tips, vocabulary_hints, min_duration_seconds, order_index) VALUES
  ('5509536b-87c6-4261-9dc9-1ccd1646f47f', 'Kulturelle Berichte verstehen — Speaking 2', 'Role-play: Imagine you are in a situation related to Kultur und Gesellschaft. Have a dialogue with a partner.', 'Speaking practice for Kultur und Gesellschaft', ARRAY['Speak slowly and clearly', 'Use full sentences', 'Don''t worry about mistakes', 'Practice 3 times']::text[], ARRAY['Use this lesson''s vocabulary', 'Apply correct grammar']::text[], 60, 2);

INSERT INTO public.lesson_writing (lesson_id, title, task, tips, vocabulary_hints, grammar_focus, word_limit_min, word_limit_max, order_index) VALUES
  ('5509536b-87c6-4261-9dc9-1ccd1646f47f', 'Kulturelle Berichte verstehen — Writing Task 1', 'Write a short text (50-100 words) about kulturelle berichte verstehen. Use at least 5 vocabulary words from this lesson. Focus on correct sentence structure.', ARRAY['Use vocabulary from this lesson', 'Check your grammar', 'Write complete sentences']::text[], ARRAY['Apply new vocabulary', 'Use correct articles']::text[], ARRAY['Sentence structure', 'Verb conjugation', 'Article-noun agreement']::text[], 50, 150, 1);

INSERT INTO public.lesson_conversations (lesson_id, title, scenario, role_user, role_ai, context, opening_line, vocabulary_hints, difficulty, order_index) VALUES
  ('5509536b-87c6-4261-9dc9-1ccd1646f47f', 'Kulturelle Berichte verstehen — Conversation 1', 'Practice a realistic conversation about kulturelle berichte verstehen in the context of Kultur und Gesellschaft.', 'Student', 'Teacher', 'You are a student at B2 level. Practice having a natural German conversation about this lesson''s topic.', 'Hallo! Lass uns über "Kulturelle Berichte verstehen" sprechen. Bist du bereit?', ARRAY[]::text[], 'intermediate', 1);

INSERT INTO public.lesson_conversations (lesson_id, title, scenario, role_user, role_ai, context, opening_line, vocabulary_hints, difficulty, order_index) VALUES
  ('5509536b-87c6-4261-9dc9-1ccd1646f47f', 'Kulturelle Berichte verstehen — Conversation 2', 'Practice a realistic conversation about kulturelle berichte verstehen in the context of Kultur und Gesellschaft.', 'Customer', 'Assistant', 'You are a student at B2 level. Practice having a natural German conversation about this lesson''s topic.', 'Hallo! Lass uns über "Kulturelle Berichte verstehen" sprechen. Bist du bereit?', ARRAY[]::text[], 'intermediate', 2);

INSERT INTO public.lesson_ai_challenges (lesson_id, title, question, scenario, expected_elements, tips, difficulty, order_index) VALUES
  ('5509536b-87c6-4261-9dc9-1ccd1646f47f', 'Kulturelle Berichte verstehen — Creative Application', 'Create a short dialogue or story using at least 10 vocabulary words and grammar structures from "Kulturelle Berichte verstehen". The dialogue should be realistic and related to Kultur und Gesellschaft.', 'Creative practice for Kulturelle Berichte verstehen', ARRAY['10+ vocabulary words from the lesson', 'Correct grammar application', 'Realistic and natural dialogue', 'Creative and original content']::text[], ARRAY['Review the lesson material first', 'Take your time to think', 'Be creative and original']::text[], 'easy', 1);

INSERT INTO public.lesson_reading (lesson_id, title, content, english_translation, arabic_translation, word_count, difficulty_rating, audio_url, source) VALUES
  ('5509536b-87c6-4261-9dc9-1ccd1646f47f', 'Kulturelle Berichte verstehen — Reading Practice', 'This is a B2-level reading passage about kulturelle berichte verstehen in the context of Kultur und Gesellschaft.

Kulturelle Berichte verstehen is an important topic for German learners. In this lesson, you will learn key vocabulary and grammar structures that will help you communicate effectively in real-life situations.

The module "Kultur und Gesellschaft" provides a comprehensive introduction to this topic. By studying this material carefully and practicing regularly, you will build confidence in your German language skills.

Try to read the passage without translating every word. Focus on understanding the main ideas first. Then read again for details. Finally, practice reading aloud to improve your pronunciation.', NULL, NULL, 102, 1, NULL, 'DeutschMentor Curriculum');

INSERT INTO public.lesson_listening (lesson_id, title, transcript, english_translation, arabic_translation, audio_url, duration_seconds, speaker_count, scenario) VALUES
  ('5509536b-87c6-4261-9dc9-1ccd1646f47f', 'Kulturelle Berichte verstehen — Listening Exercise', '[Teacher]: Hallo! Willkommen zur Lektion "Kulturelle Berichte verstehen" aus dem Modul "Kultur und Gesellschaft".

[Teacher]: Heute lernen wir wichtige Wörter und Sätze. Bitte hören Sie gut zu und wiederholen Sie.

[Student]: Ich bin bereit! Was lernen wir zuerst?

[Teacher]: Wir beginnen mit den Grundlagen. Wiederholen Sie bitte jedes Wort nach mir.

[Student]: Das ist eine gute Übung. Kann ich die Wörter auch in Sätzen hören?

[Teacher]: Natürlich! Ich zeige Ihnen Beispiele für jeden Satz. Dann üben wir zusammen.

[Student]: Perfekt! Vielen Dank für die Hilfe.

[Teacher]: Gern geschehen! Üben Sie zu Hause weiter. Viel Erfolg!', NULL, NULL, NULL, 120, 2, 'Kultur und Gesellschaft');

INSERT INTO public.lesson_expressions (lesson_id, german, english_translation, arabic_translation, usage_context, formality, is_idiom, literal_translation, order_index) VALUES
  ('22e4e325-ab15-4c08-8d77-479999e650e9', 'Guten Morgen!', 'Good morning!', 'صباح الخير!', 'Used in Wirtschaft und Politik', 'formal', false, NULL, 1),
  ('22e4e325-ab15-4c08-8d77-479999e650e9', 'Guten Tag!', 'Good day!', 'يوم سعيد!', 'Used in Wirtschaft und Politik', 'formal', false, NULL, 2),
  ('22e4e325-ab15-4c08-8d77-479999e650e9', 'Hallo!', 'Hello!', 'مرحباً!', 'Used in Wirtschaft und Politik', 'informal', false, NULL, 3),
  ('22e4e325-ab15-4c08-8d77-479999e650e9', 'Tschüss!', 'Bye!', 'مع السلامة!', 'Used in Wirtschaft und Politik', 'informal', false, NULL, 4),
  ('22e4e325-ab15-4c08-8d77-479999e650e9', 'Auf Wiedersehen!', 'Goodbye!', 'إلى اللقاء!', 'Used in Wirtschaft und Politik', 'formal', false, NULL, 5),
  ('22e4e325-ab15-4c08-8d77-479999e650e9', 'Wie geht es Ihnen?', 'How are you? (formal)', 'كيف حالك؟ (رسمي)', 'Used in Wirtschaft und Politik', 'formal', false, NULL, 6),
  ('22e4e325-ab15-4c08-8d77-479999e650e9', 'Wie geht es dir?', 'How are you? (informal)', 'كيف حالك؟ (غير رسمي)', 'Used in Wirtschaft und Politik', 'informal', false, NULL, 7),
  ('22e4e325-ab15-4c08-8d77-479999e650e9', 'Mir geht es gut, danke.', 'I''m fine, thanks.', 'أنا بخير، شكراً.', 'Used in Wirtschaft und Politik', 'neutral', false, NULL, 8),
  ('22e4e325-ab15-4c08-8d77-479999e650e9', 'Freut mich!', 'Nice to meet you!', 'يسعدني!', 'Used in Wirtschaft und Politik', 'neutral', false, NULL, 9),
  ('22e4e325-ab15-4c08-8d77-479999e650e9', 'Bis später!', 'See you later!', 'أراك لاحقاً!', 'Used in Wirtschaft und Politik', 'informal', false, NULL, 10);

INSERT INTO public.lesson_flashcards (lesson_id, front, back, hint, category, order_index) VALUES
  ('22e4e325-ab15-4c08-8d77-479999e650e9', 'Guten Morgen', 'Good morning', 'Used before noon', 'expression', 1),
  ('22e4e325-ab15-4c08-8d77-479999e650e9', 'Guten Abend', 'Good evening', 'Used after 6 PM', 'expression', 2),
  ('22e4e325-ab15-4c08-8d77-479999e650e9', 'Tschüss', 'Bye (informal)', 'With friends', 'expression', 3),
  ('22e4e325-ab15-4c08-8d77-479999e650e9', 'Auf Wiedersehen', 'Goodbye (formal)', 'Formal situations', 'expression', 4),
  ('22e4e325-ab15-4c08-8d77-479999e650e9', 'Bis später', 'See you later', 'Soon again', 'expression', 5),
  ('22e4e325-ab15-4c08-8d77-479999e650e9', 'Willkommen', 'Welcome', 'First meeting', 'expression', 6),
  ('22e4e325-ab15-4c08-8d77-479999e650e9', 'Entschuldigung', 'Excuse me / Sorry', 'Apology or attention', 'expression', 7),
  ('22e4e325-ab15-4c08-8d77-479999e650e9', 'Vielen Dank', 'Thank you very much', 'Gratitude', 'expression', 8);

INSERT INTO public.lesson_homework (lesson_id, title, description, homework_type, tasks, estimated_minutes, order_index) VALUES
  ('22e4e325-ab15-4c08-8d77-479999e650e9', 'Homework: Wirtschaftsnachrichten verstehen', 'Complete these tasks to reinforce "Wirtschaftsnachrichten verstehen" (Wirtschaft und Politik).', 'vocabulary', '[{"description":"Review all vocabulary from \"Wirtschaftsnachrichten verstehen\" — write each word with its article and plural form."},{"description":"Write 5 sentences using the key words from this lesson."},{"description":"Practice the dialogue aloud 3 times and record yourself."}]', 15, 1);

INSERT INTO public.lesson_reviews (lesson_id, summary, key_points, grammar_summary, vocabulary_focus, common_mistakes_summary, tips) VALUES
  ('22e4e325-ab15-4c08-8d77-479999e650e9', 'In this lesson on "Wirtschaftsnachrichten verstehen" (Wirtschaft und Politik), you learned key listening concepts at B2 level. Regular practice will help reinforce your understanding and build fluency.', '["Mastered the core vocabulary and expressions of \"Wirtschaftsnachrichten verstehen\"","Understood and practiced the grammar structures taught","Developed listening skills through targeted exercises","Built confidence in using German in practical situations","Identified areas for further practice and improvement","Connected new knowledge with previously learned material"]', '[{"title":"Key Grammar Points","summary":"Review the grammar rules and structures from this lesson on \"Wirtschaftsnachrichten verstehen\""}]', ARRAY['"Wirtschaftsnachrichten verstehen" core vocabulary', 'Wirtschaft und Politik key terms']::text[], ARRAY['Pay attention to article gender (der/die/das)', 'Verb is always in second position in main clauses', 'Remember: German nouns are always capitalized']::text[], ARRAY['Practice 15-20 minutes daily for best results', 'Use new vocabulary in real sentences immediately', 'Speak out loud to improve pronunciation and fluency', 'Review previous lessons before starting new material']::text[]);

INSERT INTO public.lesson_speaking (lesson_id, title, prompt, scenario, tips, vocabulary_hints, min_duration_seconds, order_index) VALUES
  ('22e4e325-ab15-4c08-8d77-479999e650e9', 'Wirtschaftsnachrichten verstehen — Speaking 1', 'Practice the key vocabulary and phrases from "Wirtschaftsnachrichten verstehen" aloud. Focus on correct pronunciation.', 'Speaking practice for Wirtschaft und Politik', ARRAY['Speak slowly and clearly', 'Use full sentences', 'Don''t worry about mistakes', 'Practice 3 times']::text[], ARRAY['Use this lesson''s vocabulary', 'Apply correct grammar']::text[], 30, 1);

INSERT INTO public.lesson_speaking (lesson_id, title, prompt, scenario, tips, vocabulary_hints, min_duration_seconds, order_index) VALUES
  ('22e4e325-ab15-4c08-8d77-479999e650e9', 'Wirtschaftsnachrichten verstehen — Speaking 2', 'Role-play: Imagine you are in a situation related to Wirtschaft und Politik. Have a dialogue with a partner.', 'Speaking practice for Wirtschaft und Politik', ARRAY['Speak slowly and clearly', 'Use full sentences', 'Don''t worry about mistakes', 'Practice 3 times']::text[], ARRAY['Use this lesson''s vocabulary', 'Apply correct grammar']::text[], 60, 2);

INSERT INTO public.lesson_writing (lesson_id, title, task, tips, vocabulary_hints, grammar_focus, word_limit_min, word_limit_max, order_index) VALUES
  ('22e4e325-ab15-4c08-8d77-479999e650e9', 'Wirtschaftsnachrichten verstehen — Writing Task 1', 'Write a short text (50-100 words) about wirtschaftsnachrichten verstehen. Use at least 5 vocabulary words from this lesson. Focus on correct sentence structure.', ARRAY['Use vocabulary from this lesson', 'Check your grammar', 'Write complete sentences']::text[], ARRAY['Apply new vocabulary', 'Use correct articles']::text[], ARRAY['Sentence structure', 'Verb conjugation', 'Article-noun agreement']::text[], 50, 150, 1);

INSERT INTO public.lesson_conversations (lesson_id, title, scenario, role_user, role_ai, context, opening_line, vocabulary_hints, difficulty, order_index) VALUES
  ('22e4e325-ab15-4c08-8d77-479999e650e9', 'Wirtschaftsnachrichten verstehen — Conversation 1', 'Practice a realistic conversation about wirtschaftsnachrichten verstehen in the context of Wirtschaft und Politik.', 'Student', 'Teacher', 'You are a student at B2 level. Practice having a natural German conversation about this lesson''s topic.', 'Hallo! Lass uns über "Wirtschaftsnachrichten verstehen" sprechen. Bist du bereit?', ARRAY[]::text[], 'intermediate', 1);

INSERT INTO public.lesson_ai_challenges (lesson_id, title, question, scenario, expected_elements, tips, difficulty, order_index) VALUES
  ('22e4e325-ab15-4c08-8d77-479999e650e9', 'Wirtschaftsnachrichten verstehen — Creative Application', 'Create a short dialogue or story using at least 10 vocabulary words and grammar structures from "Wirtschaftsnachrichten verstehen". The dialogue should be realistic and related to Wirtschaft und Politik.', 'Creative practice for Wirtschaftsnachrichten verstehen', ARRAY['10+ vocabulary words from the lesson', 'Correct grammar application', 'Realistic and natural dialogue', 'Creative and original content']::text[], ARRAY['Review the lesson material first', 'Take your time to think', 'Be creative and original']::text[], 'easy', 1);

INSERT INTO public.lesson_reading (lesson_id, title, content, english_translation, arabic_translation, word_count, difficulty_rating, audio_url, source) VALUES
  ('22e4e325-ab15-4c08-8d77-479999e650e9', 'Wirtschaftsnachrichten verstehen — Reading Practice', 'This is a B2-level reading passage about wirtschaftsnachrichten verstehen in the context of Wirtschaft und Politik.

Wirtschaftsnachrichten verstehen is an important topic for German learners. In this lesson, you will learn key vocabulary and grammar structures that will help you communicate effectively in real-life situations.

The module "Wirtschaft und Politik" provides a comprehensive introduction to this topic. By studying this material carefully and practicing regularly, you will build confidence in your German language skills.

Try to read the passage without translating every word. Focus on understanding the main ideas first. Then read again for details. Finally, practice reading aloud to improve your pronunciation.', NULL, NULL, 100, 1, NULL, 'DeutschMentor Curriculum');

INSERT INTO public.lesson_listening (lesson_id, title, transcript, english_translation, arabic_translation, audio_url, duration_seconds, speaker_count, scenario) VALUES
  ('22e4e325-ab15-4c08-8d77-479999e650e9', 'Wirtschaftsnachrichten verstehen — Listening Exercise', '[Teacher]: Hallo! Willkommen zur Lektion "Wirtschaftsnachrichten verstehen" aus dem Modul "Wirtschaft und Politik".

[Teacher]: Heute lernen wir wichtige Wörter und Sätze. Bitte hören Sie gut zu und wiederholen Sie.

[Student]: Ich bin bereit! Was lernen wir zuerst?

[Teacher]: Wir beginnen mit den Grundlagen. Wiederholen Sie bitte jedes Wort nach mir.

[Student]: Das ist eine gute Übung. Kann ich die Wörter auch in Sätzen hören?

[Teacher]: Natürlich! Ich zeige Ihnen Beispiele für jeden Satz. Dann üben wir zusammen.

[Student]: Perfekt! Vielen Dank für die Hilfe.

[Teacher]: Gern geschehen! Üben Sie zu Hause weiter. Viel Erfolg!', NULL, NULL, NULL, 120, 2, 'Wirtschaft und Politik');

INSERT INTO public.lesson_expressions (lesson_id, german, english_translation, arabic_translation, usage_context, formality, is_idiom, literal_translation, order_index) VALUES
  ('1f95cfc4-6dbc-44ed-8a99-b752ff3498cf', 'Was sind Sie von Beruf?', 'What do you do for a living?', 'ما هي مهنتك؟', 'Used in Berufliche Kommunikation', 'formal', false, NULL, 1),
  ('1f95cfc4-6dbc-44ed-8a99-b752ff3498cf', 'Ich arbeite als Ingenieur.', 'I work as an engineer.', 'أعمل كمهندس.', 'Used in Berufliche Kommunikation', 'neutral', false, NULL, 2),
  ('1f95cfc4-6dbc-44ed-8a99-b752ff3498cf', 'Wo arbeiten Sie?', 'Where do you work?', 'أين تعمل؟', 'Used in Berufliche Kommunikation', 'formal', false, NULL, 3),
  ('1f95cfc4-6dbc-44ed-8a99-b752ff3498cf', 'Ich bin selbstständig.', 'I am self-employed.', 'أنا مستقل.', 'Used in Berufliche Kommunikation', 'neutral', false, NULL, 4),
  ('1f95cfc4-6dbc-44ed-8a99-b752ff3498cf', 'Ich bin Angestellte bei einer Firma.', 'I am an employee at a company.', 'أنا موظفة في شركة.', 'Used in Berufliche Kommunikation', 'neutral', false, NULL, 5),
  ('1f95cfc4-6dbc-44ed-8a99-b752ff3498cf', 'Mein Büro ist im Zentrum.', 'My office is in the center.', 'مكتبي في المركز.', 'Used in Berufliche Kommunikation', 'neutral', false, NULL, 6),
  ('1f95cfc4-6dbc-44ed-8a99-b752ff3498cf', 'Ich arbeite von 9 bis 17 Uhr.', 'I work from 9 to 5.', 'أعمل من 9 إلى 5.', 'Used in Berufliche Kommunikation', 'neutral', false, NULL, 7);

INSERT INTO public.lesson_flashcards (lesson_id, front, back, hint, category, order_index) VALUES
  ('1f95cfc4-6dbc-44ed-8a99-b752ff3498cf', 'der Beruf', 'profession', 'Job title', 'vocabulary', 1),
  ('1f95cfc4-6dbc-44ed-8a99-b752ff3498cf', 'die Arbeit', 'work', 'What you do', 'vocabulary', 2),
  ('1f95cfc4-6dbc-44ed-8a99-b752ff3498cf', 'das Büro', 'office', 'Where you work', 'vocabulary', 3),
  ('1f95cfc4-6dbc-44ed-8a99-b752ff3498cf', 'der Chef', 'boss', 'Your supervisor', 'vocabulary', 4),
  ('1f95cfc4-6dbc-44ed-8a99-b752ff3498cf', 'die Firma', 'company', 'Business', 'vocabulary', 5),
  ('1f95cfc4-6dbc-44ed-8a99-b752ff3498cf', 'der Kollege', 'colleague', 'Work together', 'vocabulary', 6),
  ('1f95cfc4-6dbc-44ed-8a99-b752ff3498cf', 'das Gehalt', 'salary', 'Monthly payment', 'vocabulary', 7),
  ('1f95cfc4-6dbc-44ed-8a99-b752ff3498cf', 'die Bewerbung', 'application', 'For a job', 'vocabulary', 8);

INSERT INTO public.lesson_homework (lesson_id, title, description, homework_type, tasks, estimated_minutes, order_index) VALUES
  ('1f95cfc4-6dbc-44ed-8a99-b752ff3498cf', 'Homework: Meetings und Verhandlungen', 'Complete these tasks to reinforce "Meetings und Verhandlungen" (Berufliche Kommunikation).', 'writing', '[{"description":"Review all vocabulary from \"Meetings und Verhandlungen\" — write each word with its article and plural form."},{"description":"Write 5 sentences using the key words from this lesson."},{"description":"Practice the dialogue aloud 3 times and record yourself."}]', 20, 1);

INSERT INTO public.lesson_reviews (lesson_id, summary, key_points, grammar_summary, vocabulary_focus, common_mistakes_summary, tips) VALUES
  ('1f95cfc4-6dbc-44ed-8a99-b752ff3498cf', 'In this lesson on "Meetings und Verhandlungen" (Berufliche Kommunikation), you learned key listening concepts at B2 level. Regular practice will help reinforce your understanding and build fluency.', '["Mastered the core vocabulary and expressions of \"Meetings und Verhandlungen\"","Understood and practiced the grammar structures taught","Developed listening skills through targeted exercises","Built confidence in using German in practical situations","Identified areas for further practice and improvement","Connected new knowledge with previously learned material"]', '[{"title":"Key Grammar Points","summary":"Review the grammar rules and structures from this lesson on \"Meetings und Verhandlungen\""}]', ARRAY['"Meetings und Verhandlungen" core vocabulary', 'Berufliche Kommunikation key terms']::text[], ARRAY['Pay attention to article gender (der/die/das)', 'Verb is always in second position in main clauses', 'Remember: German nouns are always capitalized']::text[], ARRAY['Practice 15-20 minutes daily for best results', 'Use new vocabulary in real sentences immediately', 'Speak out loud to improve pronunciation and fluency', 'Review previous lessons before starting new material']::text[]);

INSERT INTO public.lesson_speaking (lesson_id, title, prompt, scenario, tips, vocabulary_hints, min_duration_seconds, order_index) VALUES
  ('1f95cfc4-6dbc-44ed-8a99-b752ff3498cf', 'Meetings und Verhandlungen — Speaking 1', 'Practice the key vocabulary and phrases from "Meetings und Verhandlungen" aloud. Focus on correct pronunciation.', 'Speaking practice for Berufliche Kommunikation', ARRAY['Speak slowly and clearly', 'Use full sentences', 'Don''t worry about mistakes', 'Practice 3 times']::text[], ARRAY['Use this lesson''s vocabulary', 'Apply correct grammar']::text[], 30, 1);

INSERT INTO public.lesson_speaking (lesson_id, title, prompt, scenario, tips, vocabulary_hints, min_duration_seconds, order_index) VALUES
  ('1f95cfc4-6dbc-44ed-8a99-b752ff3498cf', 'Meetings und Verhandlungen — Speaking 2', 'Role-play: Imagine you are in a situation related to Berufliche Kommunikation. Have a dialogue with a partner.', 'Speaking practice for Berufliche Kommunikation', ARRAY['Speak slowly and clearly', 'Use full sentences', 'Don''t worry about mistakes', 'Practice 3 times']::text[], ARRAY['Use this lesson''s vocabulary', 'Apply correct grammar']::text[], 60, 2);

INSERT INTO public.lesson_writing (lesson_id, title, task, tips, vocabulary_hints, grammar_focus, word_limit_min, word_limit_max, order_index) VALUES
  ('1f95cfc4-6dbc-44ed-8a99-b752ff3498cf', 'Meetings und Verhandlungen — Writing Task 1', 'Write a short text (50-100 words) about meetings und verhandlungen. Use at least 5 vocabulary words from this lesson. Focus on correct sentence structure.', ARRAY['Use vocabulary from this lesson', 'Check your grammar', 'Write complete sentences']::text[], ARRAY['Apply new vocabulary', 'Use correct articles']::text[], ARRAY['Sentence structure', 'Verb conjugation', 'Article-noun agreement']::text[], 50, 150, 1);

INSERT INTO public.lesson_conversations (lesson_id, title, scenario, role_user, role_ai, context, opening_line, vocabulary_hints, difficulty, order_index) VALUES
  ('1f95cfc4-6dbc-44ed-8a99-b752ff3498cf', 'Meetings und Verhandlungen — Conversation 1', 'Practice a realistic conversation about meetings und verhandlungen in the context of Berufliche Kommunikation.', 'Student', 'Teacher', 'You are a student at B2 level. Practice having a natural German conversation about this lesson''s topic.', 'Hallo! Lass uns über "Meetings und Verhandlungen" sprechen. Bist du bereit?', ARRAY[]::text[], 'intermediate', 1);

INSERT INTO public.lesson_ai_challenges (lesson_id, title, question, scenario, expected_elements, tips, difficulty, order_index) VALUES
  ('1f95cfc4-6dbc-44ed-8a99-b752ff3498cf', 'Meetings und Verhandlungen — Creative Application', 'Create a short dialogue or story using at least 10 vocabulary words and grammar structures from "Meetings und Verhandlungen". The dialogue should be realistic and related to Berufliche Kommunikation.', 'Creative practice for Meetings und Verhandlungen', ARRAY['10+ vocabulary words from the lesson', 'Correct grammar application', 'Realistic and natural dialogue', 'Creative and original content']::text[], ARRAY['Review the lesson material first', 'Take your time to think', 'Be creative and original']::text[], 'easy', 1);

INSERT INTO public.lesson_reading (lesson_id, title, content, english_translation, arabic_translation, word_count, difficulty_rating, audio_url, source) VALUES
  ('1f95cfc4-6dbc-44ed-8a99-b752ff3498cf', 'Meetings und Verhandlungen — Reading Practice', 'This is a B2-level reading passage about meetings und verhandlungen in the context of Berufliche Kommunikation.

Meetings und Verhandlungen is an important topic for German learners. In this lesson, you will learn key vocabulary and grammar structures that will help you communicate effectively in real-life situations.

The module "Berufliche Kommunikation" provides a comprehensive introduction to this topic. By studying this material carefully and practicing regularly, you will build confidence in your German language skills.

Try to read the passage without translating every word. Focus on understanding the main ideas first. Then read again for details. Finally, practice reading aloud to improve your pronunciation.', NULL, NULL, 100, 1, NULL, 'DeutschMentor Curriculum');

INSERT INTO public.lesson_listening (lesson_id, title, transcript, english_translation, arabic_translation, audio_url, duration_seconds, speaker_count, scenario) VALUES
  ('1f95cfc4-6dbc-44ed-8a99-b752ff3498cf', 'Meetings und Verhandlungen — Listening Exercise', '[Teacher]: Hallo! Willkommen zur Lektion "Meetings und Verhandlungen" aus dem Modul "Berufliche Kommunikation".

[Teacher]: Heute lernen wir wichtige Wörter und Sätze. Bitte hören Sie gut zu und wiederholen Sie.

[Student]: Ich bin bereit! Was lernen wir zuerst?

[Teacher]: Wir beginnen mit den Grundlagen. Wiederholen Sie bitte jedes Wort nach mir.

[Student]: Das ist eine gute Übung. Kann ich die Wörter auch in Sätzen hören?

[Teacher]: Natürlich! Ich zeige Ihnen Beispiele für jeden Satz. Dann üben wir zusammen.

[Student]: Perfekt! Vielen Dank für die Hilfe.

[Teacher]: Gern geschehen! Üben Sie zu Hause weiter. Viel Erfolg!', NULL, NULL, NULL, 120, 2, 'Berufliche Kommunikation');

INSERT INTO public.lesson_expressions (lesson_id, german, english_translation, arabic_translation, usage_context, formality, is_idiom, literal_translation, order_index) VALUES
  ('87d2fcc0-3cb6-4af3-976f-6b608261bf1a', 'Guten Morgen!', 'Good morning!', 'صباح الخير!', 'Used in Präsentationen und Vorträge', 'formal', false, NULL, 1),
  ('87d2fcc0-3cb6-4af3-976f-6b608261bf1a', 'Guten Tag!', 'Good day!', 'يوم سعيد!', 'Used in Präsentationen und Vorträge', 'formal', false, NULL, 2),
  ('87d2fcc0-3cb6-4af3-976f-6b608261bf1a', 'Hallo!', 'Hello!', 'مرحباً!', 'Used in Präsentationen und Vorträge', 'informal', false, NULL, 3),
  ('87d2fcc0-3cb6-4af3-976f-6b608261bf1a', 'Tschüss!', 'Bye!', 'مع السلامة!', 'Used in Präsentationen und Vorträge', 'informal', false, NULL, 4),
  ('87d2fcc0-3cb6-4af3-976f-6b608261bf1a', 'Auf Wiedersehen!', 'Goodbye!', 'إلى اللقاء!', 'Used in Präsentationen und Vorträge', 'formal', false, NULL, 5),
  ('87d2fcc0-3cb6-4af3-976f-6b608261bf1a', 'Wie geht es Ihnen?', 'How are you? (formal)', 'كيف حالك؟ (رسمي)', 'Used in Präsentationen und Vorträge', 'formal', false, NULL, 6),
  ('87d2fcc0-3cb6-4af3-976f-6b608261bf1a', 'Wie geht es dir?', 'How are you? (informal)', 'كيف حالك؟ (غير رسمي)', 'Used in Präsentationen und Vorträge', 'informal', false, NULL, 7),
  ('87d2fcc0-3cb6-4af3-976f-6b608261bf1a', 'Mir geht es gut, danke.', 'I''m fine, thanks.', 'أنا بخير، شكراً.', 'Used in Präsentationen und Vorträge', 'neutral', false, NULL, 8),
  ('87d2fcc0-3cb6-4af3-976f-6b608261bf1a', 'Freut mich!', 'Nice to meet you!', 'يسعدني!', 'Used in Präsentationen und Vorträge', 'neutral', false, NULL, 9),
  ('87d2fcc0-3cb6-4af3-976f-6b608261bf1a', 'Bis später!', 'See you later!', 'أراك لاحقاً!', 'Used in Präsentationen und Vorträge', 'informal', false, NULL, 10);

INSERT INTO public.lesson_flashcards (lesson_id, front, back, hint, category, order_index) VALUES
  ('87d2fcc0-3cb6-4af3-976f-6b608261bf1a', 'Guten Morgen', 'Good morning', 'Used before noon', 'expression', 1),
  ('87d2fcc0-3cb6-4af3-976f-6b608261bf1a', 'Guten Abend', 'Good evening', 'Used after 6 PM', 'expression', 2),
  ('87d2fcc0-3cb6-4af3-976f-6b608261bf1a', 'Tschüss', 'Bye (informal)', 'With friends', 'expression', 3),
  ('87d2fcc0-3cb6-4af3-976f-6b608261bf1a', 'Auf Wiedersehen', 'Goodbye (formal)', 'Formal situations', 'expression', 4),
  ('87d2fcc0-3cb6-4af3-976f-6b608261bf1a', 'Bis später', 'See you later', 'Soon again', 'expression', 5),
  ('87d2fcc0-3cb6-4af3-976f-6b608261bf1a', 'Willkommen', 'Welcome', 'First meeting', 'expression', 6),
  ('87d2fcc0-3cb6-4af3-976f-6b608261bf1a', 'Entschuldigung', 'Excuse me / Sorry', 'Apology or attention', 'expression', 7),
  ('87d2fcc0-3cb6-4af3-976f-6b608261bf1a', 'Vielen Dank', 'Thank you very much', 'Gratitude', 'expression', 8);

INSERT INTO public.lesson_homework (lesson_id, title, description, homework_type, tasks, estimated_minutes, order_index) VALUES
  ('87d2fcc0-3cb6-4af3-976f-6b608261bf1a', 'Homework: Vortrag halten', 'Complete these tasks to reinforce "Vortrag halten" (Präsentationen und Vorträge).', 'speaking', '[{"description":"Review all vocabulary from \"Vortrag halten\" — write each word with its article and plural form."},{"description":"Write 5 sentences using the key words from this lesson."},{"description":"Practice the dialogue aloud 3 times and record yourself."}]', 25, 1);

INSERT INTO public.lesson_reviews (lesson_id, summary, key_points, grammar_summary, vocabulary_focus, common_mistakes_summary, tips) VALUES
  ('87d2fcc0-3cb6-4af3-976f-6b608261bf1a', 'In this lesson on "Vortrag halten" (Präsentationen und Vorträge), you learned key speaking concepts at B2 level. Regular practice will help reinforce your understanding and build fluency.', '["Mastered the core vocabulary and expressions of \"Vortrag halten\"","Understood and practiced the grammar structures taught","Developed speaking skills through targeted exercises","Built confidence in using German in practical situations","Identified areas for further practice and improvement","Connected new knowledge with previously learned material"]', '[{"title":"Key Grammar Points","summary":"Review the grammar rules and structures from this lesson on \"Vortrag halten\""}]', ARRAY['"Vortrag halten" core vocabulary', 'Präsentationen und Vorträge key terms']::text[], ARRAY['Pay attention to article gender (der/die/das)', 'Verb is always in second position in main clauses', 'Remember: German nouns are always capitalized']::text[], ARRAY['Practice 15-20 minutes daily for best results', 'Use new vocabulary in real sentences immediately', 'Speak out loud to improve pronunciation and fluency', 'Review previous lessons before starting new material']::text[]);

INSERT INTO public.lesson_speaking (lesson_id, title, prompt, scenario, tips, vocabulary_hints, min_duration_seconds, order_index) VALUES
  ('87d2fcc0-3cb6-4af3-976f-6b608261bf1a', 'Vortrag halten — Speaking 1', 'Practice the key vocabulary and phrases from "Vortrag halten" aloud. Focus on correct pronunciation.', 'Speaking practice for Präsentationen und Vorträge', ARRAY['Speak slowly and clearly', 'Use full sentences', 'Don''t worry about mistakes', 'Practice 3 times']::text[], ARRAY['Use this lesson''s vocabulary', 'Apply correct grammar']::text[], 30, 1);

INSERT INTO public.lesson_speaking (lesson_id, title, prompt, scenario, tips, vocabulary_hints, min_duration_seconds, order_index) VALUES
  ('87d2fcc0-3cb6-4af3-976f-6b608261bf1a', 'Vortrag halten — Speaking 2', 'Role-play: Imagine you are in a situation related to Präsentationen und Vorträge. Have a dialogue with a partner.', 'Speaking practice for Präsentationen und Vorträge', ARRAY['Speak slowly and clearly', 'Use full sentences', 'Don''t worry about mistakes', 'Practice 3 times']::text[], ARRAY['Use this lesson''s vocabulary', 'Apply correct grammar']::text[], 60, 2);

INSERT INTO public.lesson_writing (lesson_id, title, task, tips, vocabulary_hints, grammar_focus, word_limit_min, word_limit_max, order_index) VALUES
  ('87d2fcc0-3cb6-4af3-976f-6b608261bf1a', 'Vortrag halten — Writing Task 1', 'Write a short text (50-100 words) about vortrag halten. Use at least 5 vocabulary words from this lesson. Focus on correct sentence structure.', ARRAY['Use vocabulary from this lesson', 'Check your grammar', 'Write complete sentences']::text[], ARRAY['Apply new vocabulary', 'Use correct articles']::text[], ARRAY['Sentence structure', 'Verb conjugation', 'Article-noun agreement']::text[], 50, 150, 1);

INSERT INTO public.lesson_conversations (lesson_id, title, scenario, role_user, role_ai, context, opening_line, vocabulary_hints, difficulty, order_index) VALUES
  ('87d2fcc0-3cb6-4af3-976f-6b608261bf1a', 'Vortrag halten — Conversation 1', 'Practice a realistic conversation about vortrag halten in the context of Präsentationen und Vorträge.', 'Student', 'Teacher', 'You are a student at B2 level. Practice having a natural German conversation about this lesson''s topic.', 'Hallo! Lass uns über "Vortrag halten" sprechen. Bist du bereit?', ARRAY[]::text[], 'intermediate', 1);

INSERT INTO public.lesson_conversations (lesson_id, title, scenario, role_user, role_ai, context, opening_line, vocabulary_hints, difficulty, order_index) VALUES
  ('87d2fcc0-3cb6-4af3-976f-6b608261bf1a', 'Vortrag halten — Conversation 2', 'Practice a realistic conversation about vortrag halten in the context of Präsentationen und Vorträge.', 'Customer', 'Assistant', 'You are a student at B2 level. Practice having a natural German conversation about this lesson''s topic.', 'Hallo! Lass uns über "Vortrag halten" sprechen. Bist du bereit?', ARRAY[]::text[], 'intermediate', 2);

INSERT INTO public.lesson_ai_challenges (lesson_id, title, question, scenario, expected_elements, tips, difficulty, order_index) VALUES
  ('87d2fcc0-3cb6-4af3-976f-6b608261bf1a', 'Vortrag halten — Creative Application', 'Create a short dialogue or story using at least 10 vocabulary words and grammar structures from "Vortrag halten". The dialogue should be realistic and related to Präsentationen und Vorträge.', 'Creative practice for Vortrag halten', ARRAY['10+ vocabulary words from the lesson', 'Correct grammar application', 'Realistic and natural dialogue', 'Creative and original content']::text[], ARRAY['Review the lesson material first', 'Take your time to think', 'Be creative and original']::text[], 'easy', 1);

INSERT INTO public.lesson_reading (lesson_id, title, content, english_translation, arabic_translation, word_count, difficulty_rating, audio_url, source) VALUES
  ('87d2fcc0-3cb6-4af3-976f-6b608261bf1a', 'Vortrag halten — Reading Practice', 'This is a B2-level reading passage about vortrag halten in the context of Präsentationen und Vorträge.

Vortrag halten is an important topic for German learners. In this lesson, you will learn key vocabulary and grammar structures that will help you communicate effectively in real-life situations.

The module "Präsentationen und Vorträge" provides a comprehensive introduction to this topic. By studying this material carefully and practicing regularly, you will build confidence in your German language skills.

Try to read the passage without translating every word. Focus on understanding the main ideas first. Then read again for details. Finally, practice reading aloud to improve your pronunciation.', NULL, NULL, 100, 1, NULL, 'DeutschMentor Curriculum');

INSERT INTO public.lesson_listening (lesson_id, title, transcript, english_translation, arabic_translation, audio_url, duration_seconds, speaker_count, scenario) VALUES
  ('87d2fcc0-3cb6-4af3-976f-6b608261bf1a', 'Vortrag halten — Listening Exercise', '[Teacher]: Hallo! Willkommen zur Lektion "Vortrag halten" aus dem Modul "Präsentationen und Vorträge".

[Teacher]: Heute lernen wir wichtige Wörter und Sätze. Bitte hören Sie gut zu und wiederholen Sie.

[Student]: Ich bin bereit! Was lernen wir zuerst?

[Teacher]: Wir beginnen mit den Grundlagen. Wiederholen Sie bitte jedes Wort nach mir.

[Student]: Das ist eine gute Übung. Kann ich die Wörter auch in Sätzen hören?

[Teacher]: Natürlich! Ich zeige Ihnen Beispiele für jeden Satz. Dann üben wir zusammen.

[Student]: Perfekt! Vielen Dank für die Hilfe.

[Teacher]: Gern geschehen! Üben Sie zu Hause weiter. Viel Erfolg!', NULL, NULL, NULL, 120, 2, 'Präsentationen und Vorträge');

INSERT INTO public.lesson_expressions (lesson_id, german, english_translation, arabic_translation, usage_context, formality, is_idiom, literal_translation, order_index) VALUES
  ('5f486249-81e4-4a1c-b55b-6ba644779b67', 'Was machst du in deiner Freizeit?', 'What do you do in your free time?', 'ماذا تفعل في وقت فراغك؟', 'Used in Fachsprache und Terminologie', 'informal', false, NULL, 1),
  ('5f486249-81e4-4a1c-b55b-6ba644779b67', 'Ich spiele gerne Fußball.', 'I like playing football.', 'أحب لعب كرة القدم.', 'Used in Fachsprache und Terminologie', 'neutral', false, NULL, 2),
  ('5f486249-81e4-4a1c-b55b-6ba644779b67', 'Mein Hobby ist Lesen.', 'My hobby is reading.', 'هوايتي القراءة.', 'Used in Fachsprache und Terminologie', 'neutral', false, NULL, 3),
  ('5f486249-81e4-4a1c-b55b-6ba644779b67', 'Ich höre gerne Musik.', 'I like listening to music.', 'أحب الاستماع إلى الموسيقى.', 'Used in Fachsprache und Terminologie', 'neutral', false, NULL, 4),
  ('5f486249-81e4-4a1c-b55b-6ba644779b67', 'Wir gehen oft spazieren.', 'We often go for walks.', 'نذهب غالباً للتنزه.', 'Used in Fachsprache und Terminologie', 'neutral', false, NULL, 5),
  ('5f486249-81e4-4a1c-b55b-6ba644779b67', 'Sie reist sehr gern.', 'She likes traveling very much.', 'هي تحب السفر كثيراً.', 'Used in Fachsprache und Terminologie', 'neutral', false, NULL, 6),
  ('5f486249-81e4-4a1c-b55b-6ba644779b67', 'Hast du ein Hobby?', 'Do you have a hobby?', 'هل لديك هواية؟', 'Used in Fachsprache und Terminologie', 'informal', false, NULL, 7);

INSERT INTO public.lesson_flashcards (lesson_id, front, back, hint, category, order_index) VALUES
  ('5f486249-81e4-4a1c-b55b-6ba644779b67', 'Guten Morgen', 'Good morning', 'Used before noon', 'expression', 1),
  ('5f486249-81e4-4a1c-b55b-6ba644779b67', 'Guten Abend', 'Good evening', 'Used after 6 PM', 'expression', 2),
  ('5f486249-81e4-4a1c-b55b-6ba644779b67', 'Tschüss', 'Bye (informal)', 'With friends', 'expression', 3),
  ('5f486249-81e4-4a1c-b55b-6ba644779b67', 'Auf Wiedersehen', 'Goodbye (formal)', 'Formal situations', 'expression', 4),
  ('5f486249-81e4-4a1c-b55b-6ba644779b67', 'Bis später', 'See you later', 'Soon again', 'expression', 5),
  ('5f486249-81e4-4a1c-b55b-6ba644779b67', 'Willkommen', 'Welcome', 'First meeting', 'expression', 6),
  ('5f486249-81e4-4a1c-b55b-6ba644779b67', 'Entschuldigung', 'Excuse me / Sorry', 'Apology or attention', 'expression', 7),
  ('5f486249-81e4-4a1c-b55b-6ba644779b67', 'Vielen Dank', 'Thank you very much', 'Gratitude', 'expression', 8);

INSERT INTO public.lesson_homework (lesson_id, title, description, homework_type, tasks, estimated_minutes, order_index) VALUES
  ('5f486249-81e4-4a1c-b55b-6ba644779b67', 'Homework: Fachtexte lesen und verstehen', 'Complete these tasks to reinforce "Fachtexte lesen und verstehen" (Fachsprache und Terminologie).', 'reading', '[{"description":"Review all vocabulary from \"Fachtexte lesen und verstehen\" — write each word with its article and plural form."},{"description":"Write 5 sentences using the key words from this lesson."},{"description":"Practice the dialogue aloud 3 times and record yourself."}]', 15, 1);

INSERT INTO public.lesson_reviews (lesson_id, summary, key_points, grammar_summary, vocabulary_focus, common_mistakes_summary, tips) VALUES
  ('5f486249-81e4-4a1c-b55b-6ba644779b67', 'In this lesson on "Fachtexte lesen und verstehen" (Fachsprache und Terminologie), you learned key reading concepts at B2 level. Regular practice will help reinforce your understanding and build fluency.', '["Mastered the core vocabulary and expressions of \"Fachtexte lesen und verstehen\"","Understood and practiced the grammar structures taught","Developed reading skills through targeted exercises","Built confidence in using German in practical situations","Identified areas for further practice and improvement","Connected new knowledge with previously learned material"]', '[{"title":"Key Grammar Points","summary":"Review the grammar rules and structures from this lesson on \"Fachtexte lesen und verstehen\""}]', ARRAY['"Fachtexte lesen und verstehen" core vocabulary', 'Fachsprache und Terminologie key terms']::text[], ARRAY['Pay attention to article gender (der/die/das)', 'Verb is always in second position in main clauses', 'Remember: German nouns are always capitalized']::text[], ARRAY['Practice 15-20 minutes daily for best results', 'Use new vocabulary in real sentences immediately', 'Speak out loud to improve pronunciation and fluency', 'Review previous lessons before starting new material']::text[]);

INSERT INTO public.lesson_speaking (lesson_id, title, prompt, scenario, tips, vocabulary_hints, min_duration_seconds, order_index) VALUES
  ('5f486249-81e4-4a1c-b55b-6ba644779b67', 'Fachtexte lesen und verstehen — Speaking 1', 'Practice the key vocabulary and phrases from "Fachtexte lesen und verstehen" aloud. Focus on correct pronunciation.', 'Speaking practice for Fachsprache und Terminologie', ARRAY['Speak slowly and clearly', 'Use full sentences', 'Don''t worry about mistakes', 'Practice 3 times']::text[], ARRAY['Use this lesson''s vocabulary', 'Apply correct grammar']::text[], 30, 1);

INSERT INTO public.lesson_speaking (lesson_id, title, prompt, scenario, tips, vocabulary_hints, min_duration_seconds, order_index) VALUES
  ('5f486249-81e4-4a1c-b55b-6ba644779b67', 'Fachtexte lesen und verstehen — Speaking 2', 'Role-play: Imagine you are in a situation related to Fachsprache und Terminologie. Have a dialogue with a partner.', 'Speaking practice for Fachsprache und Terminologie', ARRAY['Speak slowly and clearly', 'Use full sentences', 'Don''t worry about mistakes', 'Practice 3 times']::text[], ARRAY['Use this lesson''s vocabulary', 'Apply correct grammar']::text[], 60, 2);

INSERT INTO public.lesson_writing (lesson_id, title, task, tips, vocabulary_hints, grammar_focus, word_limit_min, word_limit_max, order_index) VALUES
  ('5f486249-81e4-4a1c-b55b-6ba644779b67', 'Fachtexte lesen und verstehen — Writing Task 1', 'Write a short text (50-100 words) about fachtexte lesen und verstehen. Use at least 5 vocabulary words from this lesson. Focus on correct sentence structure.', ARRAY['Use vocabulary from this lesson', 'Check your grammar', 'Write complete sentences']::text[], ARRAY['Apply new vocabulary', 'Use correct articles']::text[], ARRAY['Sentence structure', 'Verb conjugation', 'Article-noun agreement']::text[], 50, 150, 1);

INSERT INTO public.lesson_conversations (lesson_id, title, scenario, role_user, role_ai, context, opening_line, vocabulary_hints, difficulty, order_index) VALUES
  ('5f486249-81e4-4a1c-b55b-6ba644779b67', 'Fachtexte lesen und verstehen — Conversation 1', 'Practice a realistic conversation about fachtexte lesen und verstehen in the context of Fachsprache und Terminologie.', 'Student', 'Teacher', 'You are a student at B2 level. Practice having a natural German conversation about this lesson''s topic.', 'Hallo! Lass uns über "Fachtexte lesen und verstehen" sprechen. Bist du bereit?', ARRAY[]::text[], 'intermediate', 1);

INSERT INTO public.lesson_conversations (lesson_id, title, scenario, role_user, role_ai, context, opening_line, vocabulary_hints, difficulty, order_index) VALUES
  ('5f486249-81e4-4a1c-b55b-6ba644779b67', 'Fachtexte lesen und verstehen — Conversation 2', 'Practice a realistic conversation about fachtexte lesen und verstehen in the context of Fachsprache und Terminologie.', 'Customer', 'Assistant', 'You are a student at B2 level. Practice having a natural German conversation about this lesson''s topic.', 'Hallo! Lass uns über "Fachtexte lesen und verstehen" sprechen. Bist du bereit?', ARRAY[]::text[], 'intermediate', 2);

INSERT INTO public.lesson_ai_challenges (lesson_id, title, question, scenario, expected_elements, tips, difficulty, order_index) VALUES
  ('5f486249-81e4-4a1c-b55b-6ba644779b67', 'Fachtexte lesen und verstehen — Creative Application', 'Create a short dialogue or story using at least 10 vocabulary words and grammar structures from "Fachtexte lesen und verstehen". The dialogue should be realistic and related to Fachsprache und Terminologie.', 'Creative practice for Fachtexte lesen und verstehen', ARRAY['10+ vocabulary words from the lesson', 'Correct grammar application', 'Realistic and natural dialogue', 'Creative and original content']::text[], ARRAY['Review the lesson material first', 'Take your time to think', 'Be creative and original']::text[], 'easy', 1);

INSERT INTO public.lesson_reading (lesson_id, title, content, english_translation, arabic_translation, word_count, difficulty_rating, audio_url, source) VALUES
  ('5f486249-81e4-4a1c-b55b-6ba644779b67', 'Fachtexte lesen und verstehen — Reading Practice', 'This is a B2-level reading passage about fachtexte lesen und verstehen in the context of Fachsprache und Terminologie.

Fachtexte lesen und verstehen is an important topic for German learners. In this lesson, you will learn key vocabulary and grammar structures that will help you communicate effectively in real-life situations.

The module "Fachsprache und Terminologie" provides a comprehensive introduction to this topic. By studying this material carefully and practicing regularly, you will build confidence in your German language skills.

Try to read the passage without translating every word. Focus on understanding the main ideas first. Then read again for details. Finally, practice reading aloud to improve your pronunciation.', NULL, NULL, 104, 1, NULL, 'DeutschMentor Curriculum');

INSERT INTO public.lesson_listening (lesson_id, title, transcript, english_translation, arabic_translation, audio_url, duration_seconds, speaker_count, scenario) VALUES
  ('5f486249-81e4-4a1c-b55b-6ba644779b67', 'Fachtexte lesen und verstehen — Listening Exercise', '[Teacher]: Hallo! Willkommen zur Lektion "Fachtexte lesen und verstehen" aus dem Modul "Fachsprache und Terminologie".

[Teacher]: Heute lernen wir wichtige Wörter und Sätze. Bitte hören Sie gut zu und wiederholen Sie.

[Student]: Ich bin bereit! Was lernen wir zuerst?

[Teacher]: Wir beginnen mit den Grundlagen. Wiederholen Sie bitte jedes Wort nach mir.

[Student]: Das ist eine gute Übung. Kann ich die Wörter auch in Sätzen hören?

[Teacher]: Natürlich! Ich zeige Ihnen Beispiele für jeden Satz. Dann üben wir zusammen.

[Student]: Perfekt! Vielen Dank für die Hilfe.

[Teacher]: Gern geschehen! Üben Sie zu Hause weiter. Viel Erfolg!', NULL, NULL, NULL, 120, 2, 'Fachsprache und Terminologie');

INSERT INTO public.lesson_expressions (lesson_id, german, english_translation, arabic_translation, usage_context, formality, is_idiom, literal_translation, order_index) VALUES
  ('475942bd-2c58-4349-b558-a866cfb5677d', 'Guten Morgen!', 'Good morning!', 'صباح الخير!', 'Used in Kultur und Gesellschaft', 'formal', false, NULL, 1),
  ('475942bd-2c58-4349-b558-a866cfb5677d', 'Guten Tag!', 'Good day!', 'يوم سعيد!', 'Used in Kultur und Gesellschaft', 'formal', false, NULL, 2),
  ('475942bd-2c58-4349-b558-a866cfb5677d', 'Hallo!', 'Hello!', 'مرحباً!', 'Used in Kultur und Gesellschaft', 'informal', false, NULL, 3),
  ('475942bd-2c58-4349-b558-a866cfb5677d', 'Tschüss!', 'Bye!', 'مع السلامة!', 'Used in Kultur und Gesellschaft', 'informal', false, NULL, 4),
  ('475942bd-2c58-4349-b558-a866cfb5677d', 'Auf Wiedersehen!', 'Goodbye!', 'إلى اللقاء!', 'Used in Kultur und Gesellschaft', 'formal', false, NULL, 5),
  ('475942bd-2c58-4349-b558-a866cfb5677d', 'Wie geht es Ihnen?', 'How are you? (formal)', 'كيف حالك؟ (رسمي)', 'Used in Kultur und Gesellschaft', 'formal', false, NULL, 6),
  ('475942bd-2c58-4349-b558-a866cfb5677d', 'Wie geht es dir?', 'How are you? (informal)', 'كيف حالك؟ (غير رسمي)', 'Used in Kultur und Gesellschaft', 'informal', false, NULL, 7),
  ('475942bd-2c58-4349-b558-a866cfb5677d', 'Mir geht es gut, danke.', 'I''m fine, thanks.', 'أنا بخير، شكراً.', 'Used in Kultur und Gesellschaft', 'neutral', false, NULL, 8),
  ('475942bd-2c58-4349-b558-a866cfb5677d', 'Freut mich!', 'Nice to meet you!', 'يسعدني!', 'Used in Kultur und Gesellschaft', 'neutral', false, NULL, 9),
  ('475942bd-2c58-4349-b558-a866cfb5677d', 'Bis später!', 'See you later!', 'أراك لاحقاً!', 'Used in Kultur und Gesellschaft', 'informal', false, NULL, 10);

INSERT INTO public.lesson_flashcards (lesson_id, front, back, hint, category, order_index) VALUES
  ('475942bd-2c58-4349-b558-a866cfb5677d', 'Guten Morgen', 'Good morning', 'Used before noon', 'expression', 1),
  ('475942bd-2c58-4349-b558-a866cfb5677d', 'Guten Abend', 'Good evening', 'Used after 6 PM', 'expression', 2),
  ('475942bd-2c58-4349-b558-a866cfb5677d', 'Tschüss', 'Bye (informal)', 'With friends', 'expression', 3),
  ('475942bd-2c58-4349-b558-a866cfb5677d', 'Auf Wiedersehen', 'Goodbye (formal)', 'Formal situations', 'expression', 4),
  ('475942bd-2c58-4349-b558-a866cfb5677d', 'Bis später', 'See you later', 'Soon again', 'expression', 5),
  ('475942bd-2c58-4349-b558-a866cfb5677d', 'Willkommen', 'Welcome', 'First meeting', 'expression', 6),
  ('475942bd-2c58-4349-b558-a866cfb5677d', 'Entschuldigung', 'Excuse me / Sorry', 'Apology or attention', 'expression', 7),
  ('475942bd-2c58-4349-b558-a866cfb5677d', 'Vielen Dank', 'Thank you very much', 'Gratitude', 'expression', 8);

INSERT INTO public.lesson_homework (lesson_id, title, description, homework_type, tasks, estimated_minutes, order_index) VALUES
  ('475942bd-2c58-4349-b558-a866cfb5677d', 'Homework: Kulturelle Berichte verstehen', 'Complete these tasks to reinforce "Kulturelle Berichte verstehen" (Kultur und Gesellschaft).', 'grammar', '[{"description":"Review all vocabulary from \"Kulturelle Berichte verstehen\" — write each word with its article and plural form."},{"description":"Write 5 sentences using the key words from this lesson."},{"description":"Practice the dialogue aloud 3 times and record yourself."}]', 20, 1);

INSERT INTO public.lesson_reviews (lesson_id, summary, key_points, grammar_summary, vocabulary_focus, common_mistakes_summary, tips) VALUES
  ('475942bd-2c58-4349-b558-a866cfb5677d', 'In this lesson on "Kulturelle Berichte verstehen" (Kultur und Gesellschaft), you learned key reading concepts at B2 level. Regular practice will help reinforce your understanding and build fluency.', '["Mastered the core vocabulary and expressions of \"Kulturelle Berichte verstehen\"","Understood and practiced the grammar structures taught","Developed reading skills through targeted exercises","Built confidence in using German in practical situations","Identified areas for further practice and improvement","Connected new knowledge with previously learned material"]', '[{"title":"Key Grammar Points","summary":"Review the grammar rules and structures from this lesson on \"Kulturelle Berichte verstehen\""}]', ARRAY['"Kulturelle Berichte verstehen" core vocabulary', 'Kultur und Gesellschaft key terms']::text[], ARRAY['Pay attention to article gender (der/die/das)', 'Verb is always in second position in main clauses', 'Remember: German nouns are always capitalized']::text[], ARRAY['Practice 15-20 minutes daily for best results', 'Use new vocabulary in real sentences immediately', 'Speak out loud to improve pronunciation and fluency', 'Review previous lessons before starting new material']::text[]);

INSERT INTO public.lesson_speaking (lesson_id, title, prompt, scenario, tips, vocabulary_hints, min_duration_seconds, order_index) VALUES
  ('475942bd-2c58-4349-b558-a866cfb5677d', 'Kulturelle Berichte verstehen — Speaking 1', 'Practice the key vocabulary and phrases from "Kulturelle Berichte verstehen" aloud. Focus on correct pronunciation.', 'Speaking practice for Kultur und Gesellschaft', ARRAY['Speak slowly and clearly', 'Use full sentences', 'Don''t worry about mistakes', 'Practice 3 times']::text[], ARRAY['Use this lesson''s vocabulary', 'Apply correct grammar']::text[], 30, 1);

INSERT INTO public.lesson_speaking (lesson_id, title, prompt, scenario, tips, vocabulary_hints, min_duration_seconds, order_index) VALUES
  ('475942bd-2c58-4349-b558-a866cfb5677d', 'Kulturelle Berichte verstehen — Speaking 2', 'Role-play: Imagine you are in a situation related to Kultur und Gesellschaft. Have a dialogue with a partner.', 'Speaking practice for Kultur und Gesellschaft', ARRAY['Speak slowly and clearly', 'Use full sentences', 'Don''t worry about mistakes', 'Practice 3 times']::text[], ARRAY['Use this lesson''s vocabulary', 'Apply correct grammar']::text[], 60, 2);

INSERT INTO public.lesson_writing (lesson_id, title, task, tips, vocabulary_hints, grammar_focus, word_limit_min, word_limit_max, order_index) VALUES
  ('475942bd-2c58-4349-b558-a866cfb5677d', 'Kulturelle Berichte verstehen — Writing Task 1', 'Write a short text (50-100 words) about kulturelle berichte verstehen. Use at least 5 vocabulary words from this lesson. Focus on correct sentence structure.', ARRAY['Use vocabulary from this lesson', 'Check your grammar', 'Write complete sentences']::text[], ARRAY['Apply new vocabulary', 'Use correct articles']::text[], ARRAY['Sentence structure', 'Verb conjugation', 'Article-noun agreement']::text[], 50, 150, 1);

INSERT INTO public.lesson_conversations (lesson_id, title, scenario, role_user, role_ai, context, opening_line, vocabulary_hints, difficulty, order_index) VALUES
  ('475942bd-2c58-4349-b558-a866cfb5677d', 'Kulturelle Berichte verstehen — Conversation 1', 'Practice a realistic conversation about kulturelle berichte verstehen in the context of Kultur und Gesellschaft.', 'Student', 'Teacher', 'You are a student at B2 level. Practice having a natural German conversation about this lesson''s topic.', 'Hallo! Lass uns über "Kulturelle Berichte verstehen" sprechen. Bist du bereit?', ARRAY[]::text[], 'intermediate', 1);

INSERT INTO public.lesson_conversations (lesson_id, title, scenario, role_user, role_ai, context, opening_line, vocabulary_hints, difficulty, order_index) VALUES
  ('475942bd-2c58-4349-b558-a866cfb5677d', 'Kulturelle Berichte verstehen — Conversation 2', 'Practice a realistic conversation about kulturelle berichte verstehen in the context of Kultur und Gesellschaft.', 'Customer', 'Assistant', 'You are a student at B2 level. Practice having a natural German conversation about this lesson''s topic.', 'Hallo! Lass uns über "Kulturelle Berichte verstehen" sprechen. Bist du bereit?', ARRAY[]::text[], 'intermediate', 2);

INSERT INTO public.lesson_ai_challenges (lesson_id, title, question, scenario, expected_elements, tips, difficulty, order_index) VALUES
  ('475942bd-2c58-4349-b558-a866cfb5677d', 'Kulturelle Berichte verstehen — Creative Application', 'Create a short dialogue or story using at least 10 vocabulary words and grammar structures from "Kulturelle Berichte verstehen". The dialogue should be realistic and related to Kultur und Gesellschaft.', 'Creative practice for Kulturelle Berichte verstehen', ARRAY['10+ vocabulary words from the lesson', 'Correct grammar application', 'Realistic and natural dialogue', 'Creative and original content']::text[], ARRAY['Review the lesson material first', 'Take your time to think', 'Be creative and original']::text[], 'easy', 1);

INSERT INTO public.lesson_reading (lesson_id, title, content, english_translation, arabic_translation, word_count, difficulty_rating, audio_url, source) VALUES
  ('475942bd-2c58-4349-b558-a866cfb5677d', 'Kulturelle Berichte verstehen — Reading Practice', 'This is a B2-level reading passage about kulturelle berichte verstehen in the context of Kultur und Gesellschaft.

Kulturelle Berichte verstehen is an important topic for German learners. In this lesson, you will learn key vocabulary and grammar structures that will help you communicate effectively in real-life situations.

The module "Kultur und Gesellschaft" provides a comprehensive introduction to this topic. By studying this material carefully and practicing regularly, you will build confidence in your German language skills.

Try to read the passage without translating every word. Focus on understanding the main ideas first. Then read again for details. Finally, practice reading aloud to improve your pronunciation.', NULL, NULL, 102, 1, NULL, 'DeutschMentor Curriculum');

INSERT INTO public.lesson_listening (lesson_id, title, transcript, english_translation, arabic_translation, audio_url, duration_seconds, speaker_count, scenario) VALUES
  ('475942bd-2c58-4349-b558-a866cfb5677d', 'Kulturelle Berichte verstehen — Listening Exercise', '[Teacher]: Hallo! Willkommen zur Lektion "Kulturelle Berichte verstehen" aus dem Modul "Kultur und Gesellschaft".

[Teacher]: Heute lernen wir wichtige Wörter und Sätze. Bitte hören Sie gut zu und wiederholen Sie.

[Student]: Ich bin bereit! Was lernen wir zuerst?

[Teacher]: Wir beginnen mit den Grundlagen. Wiederholen Sie bitte jedes Wort nach mir.

[Student]: Das ist eine gute Übung. Kann ich die Wörter auch in Sätzen hören?

[Teacher]: Natürlich! Ich zeige Ihnen Beispiele für jeden Satz. Dann üben wir zusammen.

[Student]: Perfekt! Vielen Dank für die Hilfe.

[Teacher]: Gern geschehen! Üben Sie zu Hause weiter. Viel Erfolg!', NULL, NULL, NULL, 120, 2, 'Kultur und Gesellschaft');

INSERT INTO public.lesson_expressions (lesson_id, german, english_translation, arabic_translation, usage_context, formality, is_idiom, literal_translation, order_index) VALUES
  ('9f01fcee-cf76-45f9-a0c5-1a4915426661', 'Guten Morgen!', 'Good morning!', 'صباح الخير!', 'Used in Wirtschaft und Politik', 'formal', false, NULL, 1),
  ('9f01fcee-cf76-45f9-a0c5-1a4915426661', 'Guten Tag!', 'Good day!', 'يوم سعيد!', 'Used in Wirtschaft und Politik', 'formal', false, NULL, 2),
  ('9f01fcee-cf76-45f9-a0c5-1a4915426661', 'Hallo!', 'Hello!', 'مرحباً!', 'Used in Wirtschaft und Politik', 'informal', false, NULL, 3),
  ('9f01fcee-cf76-45f9-a0c5-1a4915426661', 'Tschüss!', 'Bye!', 'مع السلامة!', 'Used in Wirtschaft und Politik', 'informal', false, NULL, 4),
  ('9f01fcee-cf76-45f9-a0c5-1a4915426661', 'Auf Wiedersehen!', 'Goodbye!', 'إلى اللقاء!', 'Used in Wirtschaft und Politik', 'formal', false, NULL, 5),
  ('9f01fcee-cf76-45f9-a0c5-1a4915426661', 'Wie geht es Ihnen?', 'How are you? (formal)', 'كيف حالك؟ (رسمي)', 'Used in Wirtschaft und Politik', 'formal', false, NULL, 6),
  ('9f01fcee-cf76-45f9-a0c5-1a4915426661', 'Wie geht es dir?', 'How are you? (informal)', 'كيف حالك؟ (غير رسمي)', 'Used in Wirtschaft und Politik', 'informal', false, NULL, 7),
  ('9f01fcee-cf76-45f9-a0c5-1a4915426661', 'Mir geht es gut, danke.', 'I''m fine, thanks.', 'أنا بخير، شكراً.', 'Used in Wirtschaft und Politik', 'neutral', false, NULL, 8),
  ('9f01fcee-cf76-45f9-a0c5-1a4915426661', 'Freut mich!', 'Nice to meet you!', 'يسعدني!', 'Used in Wirtschaft und Politik', 'neutral', false, NULL, 9),
  ('9f01fcee-cf76-45f9-a0c5-1a4915426661', 'Bis später!', 'See you later!', 'أراك لاحقاً!', 'Used in Wirtschaft und Politik', 'informal', false, NULL, 10);

INSERT INTO public.lesson_flashcards (lesson_id, front, back, hint, category, order_index) VALUES
  ('9f01fcee-cf76-45f9-a0c5-1a4915426661', 'Guten Morgen', 'Good morning', 'Used before noon', 'expression', 1),
  ('9f01fcee-cf76-45f9-a0c5-1a4915426661', 'Guten Abend', 'Good evening', 'Used after 6 PM', 'expression', 2),
  ('9f01fcee-cf76-45f9-a0c5-1a4915426661', 'Tschüss', 'Bye (informal)', 'With friends', 'expression', 3),
  ('9f01fcee-cf76-45f9-a0c5-1a4915426661', 'Auf Wiedersehen', 'Goodbye (formal)', 'Formal situations', 'expression', 4),
  ('9f01fcee-cf76-45f9-a0c5-1a4915426661', 'Bis später', 'See you later', 'Soon again', 'expression', 5),
  ('9f01fcee-cf76-45f9-a0c5-1a4915426661', 'Willkommen', 'Welcome', 'First meeting', 'expression', 6),
  ('9f01fcee-cf76-45f9-a0c5-1a4915426661', 'Entschuldigung', 'Excuse me / Sorry', 'Apology or attention', 'expression', 7),
  ('9f01fcee-cf76-45f9-a0c5-1a4915426661', 'Vielen Dank', 'Thank you very much', 'Gratitude', 'expression', 8);

INSERT INTO public.lesson_homework (lesson_id, title, description, homework_type, tasks, estimated_minutes, order_index) VALUES
  ('9f01fcee-cf76-45f9-a0c5-1a4915426661', 'Homework: Wirtschaftsnachrichten verstehen', 'Complete these tasks to reinforce "Wirtschaftsnachrichten verstehen" (Wirtschaft und Politik).', 'mixed', '[{"description":"Review all vocabulary from \"Wirtschaftsnachrichten verstehen\" — write each word with its article and plural form."},{"description":"Write 5 sentences using the key words from this lesson."},{"description":"Practice the dialogue aloud 3 times and record yourself."}]', 25, 1);

INSERT INTO public.lesson_reviews (lesson_id, summary, key_points, grammar_summary, vocabulary_focus, common_mistakes_summary, tips) VALUES
  ('9f01fcee-cf76-45f9-a0c5-1a4915426661', 'In this lesson on "Wirtschaftsnachrichten verstehen" (Wirtschaft und Politik), you learned key listening concepts at B2 level. Regular practice will help reinforce your understanding and build fluency.', '["Mastered the core vocabulary and expressions of \"Wirtschaftsnachrichten verstehen\"","Understood and practiced the grammar structures taught","Developed listening skills through targeted exercises","Built confidence in using German in practical situations","Identified areas for further practice and improvement","Connected new knowledge with previously learned material"]', '[{"title":"Key Grammar Points","summary":"Review the grammar rules and structures from this lesson on \"Wirtschaftsnachrichten verstehen\""}]', ARRAY['"Wirtschaftsnachrichten verstehen" core vocabulary', 'Wirtschaft und Politik key terms']::text[], ARRAY['Pay attention to article gender (der/die/das)', 'Verb is always in second position in main clauses', 'Remember: German nouns are always capitalized']::text[], ARRAY['Practice 15-20 minutes daily for best results', 'Use new vocabulary in real sentences immediately', 'Speak out loud to improve pronunciation and fluency', 'Review previous lessons before starting new material']::text[]);

INSERT INTO public.lesson_speaking (lesson_id, title, prompt, scenario, tips, vocabulary_hints, min_duration_seconds, order_index) VALUES
  ('9f01fcee-cf76-45f9-a0c5-1a4915426661', 'Wirtschaftsnachrichten verstehen — Speaking 1', 'Practice the key vocabulary and phrases from "Wirtschaftsnachrichten verstehen" aloud. Focus on correct pronunciation.', 'Speaking practice for Wirtschaft und Politik', ARRAY['Speak slowly and clearly', 'Use full sentences', 'Don''t worry about mistakes', 'Practice 3 times']::text[], ARRAY['Use this lesson''s vocabulary', 'Apply correct grammar']::text[], 30, 1);

INSERT INTO public.lesson_speaking (lesson_id, title, prompt, scenario, tips, vocabulary_hints, min_duration_seconds, order_index) VALUES
  ('9f01fcee-cf76-45f9-a0c5-1a4915426661', 'Wirtschaftsnachrichten verstehen — Speaking 2', 'Role-play: Imagine you are in a situation related to Wirtschaft und Politik. Have a dialogue with a partner.', 'Speaking practice for Wirtschaft und Politik', ARRAY['Speak slowly and clearly', 'Use full sentences', 'Don''t worry about mistakes', 'Practice 3 times']::text[], ARRAY['Use this lesson''s vocabulary', 'Apply correct grammar']::text[], 60, 2);

INSERT INTO public.lesson_writing (lesson_id, title, task, tips, vocabulary_hints, grammar_focus, word_limit_min, word_limit_max, order_index) VALUES
  ('9f01fcee-cf76-45f9-a0c5-1a4915426661', 'Wirtschaftsnachrichten verstehen — Writing Task 1', 'Write a short text (50-100 words) about wirtschaftsnachrichten verstehen. Use at least 5 vocabulary words from this lesson. Focus on correct sentence structure.', ARRAY['Use vocabulary from this lesson', 'Check your grammar', 'Write complete sentences']::text[], ARRAY['Apply new vocabulary', 'Use correct articles']::text[], ARRAY['Sentence structure', 'Verb conjugation', 'Article-noun agreement']::text[], 50, 150, 1);

INSERT INTO public.lesson_conversations (lesson_id, title, scenario, role_user, role_ai, context, opening_line, vocabulary_hints, difficulty, order_index) VALUES
  ('9f01fcee-cf76-45f9-a0c5-1a4915426661', 'Wirtschaftsnachrichten verstehen — Conversation 1', 'Practice a realistic conversation about wirtschaftsnachrichten verstehen in the context of Wirtschaft und Politik.', 'Student', 'Teacher', 'You are a student at B2 level. Practice having a natural German conversation about this lesson''s topic.', 'Hallo! Lass uns über "Wirtschaftsnachrichten verstehen" sprechen. Bist du bereit?', ARRAY[]::text[], 'intermediate', 1);

INSERT INTO public.lesson_ai_challenges (lesson_id, title, question, scenario, expected_elements, tips, difficulty, order_index) VALUES
  ('9f01fcee-cf76-45f9-a0c5-1a4915426661', 'Wirtschaftsnachrichten verstehen — Creative Application', 'Create a short dialogue or story using at least 10 vocabulary words and grammar structures from "Wirtschaftsnachrichten verstehen". The dialogue should be realistic and related to Wirtschaft und Politik.', 'Creative practice for Wirtschaftsnachrichten verstehen', ARRAY['10+ vocabulary words from the lesson', 'Correct grammar application', 'Realistic and natural dialogue', 'Creative and original content']::text[], ARRAY['Review the lesson material first', 'Take your time to think', 'Be creative and original']::text[], 'easy', 1);

INSERT INTO public.lesson_reading (lesson_id, title, content, english_translation, arabic_translation, word_count, difficulty_rating, audio_url, source) VALUES
  ('9f01fcee-cf76-45f9-a0c5-1a4915426661', 'Wirtschaftsnachrichten verstehen — Reading Practice', 'This is a B2-level reading passage about wirtschaftsnachrichten verstehen in the context of Wirtschaft und Politik.

Wirtschaftsnachrichten verstehen is an important topic for German learners. In this lesson, you will learn key vocabulary and grammar structures that will help you communicate effectively in real-life situations.

The module "Wirtschaft und Politik" provides a comprehensive introduction to this topic. By studying this material carefully and practicing regularly, you will build confidence in your German language skills.

Try to read the passage without translating every word. Focus on understanding the main ideas first. Then read again for details. Finally, practice reading aloud to improve your pronunciation.', NULL, NULL, 100, 1, NULL, 'DeutschMentor Curriculum');

INSERT INTO public.lesson_listening (lesson_id, title, transcript, english_translation, arabic_translation, audio_url, duration_seconds, speaker_count, scenario) VALUES
  ('9f01fcee-cf76-45f9-a0c5-1a4915426661', 'Wirtschaftsnachrichten verstehen — Listening Exercise', '[Teacher]: Hallo! Willkommen zur Lektion "Wirtschaftsnachrichten verstehen" aus dem Modul "Wirtschaft und Politik".

[Teacher]: Heute lernen wir wichtige Wörter und Sätze. Bitte hören Sie gut zu und wiederholen Sie.

[Student]: Ich bin bereit! Was lernen wir zuerst?

[Teacher]: Wir beginnen mit den Grundlagen. Wiederholen Sie bitte jedes Wort nach mir.

[Student]: Das ist eine gute Übung. Kann ich die Wörter auch in Sätzen hören?

[Teacher]: Natürlich! Ich zeige Ihnen Beispiele für jeden Satz. Dann üben wir zusammen.

[Student]: Perfekt! Vielen Dank für die Hilfe.

[Teacher]: Gern geschehen! Üben Sie zu Hause weiter. Viel Erfolg!', NULL, NULL, NULL, 120, 2, 'Wirtschaft und Politik');

INSERT INTO public.lesson_expressions (lesson_id, german, english_translation, arabic_translation, usage_context, formality, is_idiom, literal_translation, order_index) VALUES
  ('65a81d90-230f-4d2e-a1e0-5f03e7a5def9', 'Ich wiederhole die Vokabeln.', 'I review the vocabulary.', 'أراجع المفردات.', 'Used in Kultur und Gesellschaft', 'neutral', false, NULL, 1),
  ('65a81d90-230f-4d2e-a1e0-5f03e7a5def9', 'Kannst du das bitte wiederholen?', 'Can you please repeat that?', 'هل يمكنك تكرار ذلك من فضلك؟', 'Used in Kultur und Gesellschaft', 'formal', false, NULL, 2),
  ('65a81d90-230f-4d2e-a1e0-5f03e7a5def9', 'Ich habe alles verstanden.', 'I understood everything.', 'لقد فهمت كل شيء.', 'Used in Kultur und Gesellschaft', 'neutral', false, NULL, 3),
  ('65a81d90-230f-4d2e-a1e0-5f03e7a5def9', 'Das ist eine gute Übung.', 'That is a good exercise.', 'هذا تمرين جيد.', 'Used in Kultur und Gesellschaft', 'neutral', false, NULL, 4),
  ('65a81d90-230f-4d2e-a1e0-5f03e7a5def9', 'Noch einmal, bitte!', 'Once more, please!', 'مرة أخرى من فضلك!', 'Used in Kultur und Gesellschaft', 'formal', false, NULL, 5);

INSERT INTO public.lesson_flashcards (lesson_id, front, back, hint, category, order_index) VALUES
  ('65a81d90-230f-4d2e-a1e0-5f03e7a5def9', 'Guten Morgen', 'Good morning', 'Used before noon', 'expression', 1),
  ('65a81d90-230f-4d2e-a1e0-5f03e7a5def9', 'Guten Abend', 'Good evening', 'Used after 6 PM', 'expression', 2),
  ('65a81d90-230f-4d2e-a1e0-5f03e7a5def9', 'Tschüss', 'Bye (informal)', 'With friends', 'expression', 3),
  ('65a81d90-230f-4d2e-a1e0-5f03e7a5def9', 'Auf Wiedersehen', 'Goodbye (formal)', 'Formal situations', 'expression', 4),
  ('65a81d90-230f-4d2e-a1e0-5f03e7a5def9', 'Bis später', 'See you later', 'Soon again', 'expression', 5),
  ('65a81d90-230f-4d2e-a1e0-5f03e7a5def9', 'Willkommen', 'Welcome', 'First meeting', 'expression', 6),
  ('65a81d90-230f-4d2e-a1e0-5f03e7a5def9', 'Entschuldigung', 'Excuse me / Sorry', 'Apology or attention', 'expression', 7),
  ('65a81d90-230f-4d2e-a1e0-5f03e7a5def9', 'Vielen Dank', 'Thank you very much', 'Gratitude', 'expression', 8);

INSERT INTO public.lesson_homework (lesson_id, title, description, homework_type, tasks, estimated_minutes, order_index) VALUES
  ('65a81d90-230f-4d2e-a1e0-5f03e7a5def9', 'Homework: Wiederholung: Kultur und Gesellschaft', 'Complete these tasks to reinforce "Wiederholung: Kultur und Gesellschaft" (Kultur und Gesellschaft).', 'vocabulary', '[{"description":"Review all vocabulary from \"Wiederholung: Kultur und Gesellschaft\" — write each word with its article and plural form."},{"description":"Write 5 sentences using the key words from this lesson."},{"description":"Practice the dialogue aloud 3 times and record yourself."}]', 15, 1);

INSERT INTO public.lesson_reviews (lesson_id, summary, key_points, grammar_summary, vocabulary_focus, common_mistakes_summary, tips) VALUES
  ('65a81d90-230f-4d2e-a1e0-5f03e7a5def9', 'In this lesson on "Wiederholung: Kultur und Gesellschaft" (Kultur und Gesellschaft), you learned key review concepts at B2 level. Regular practice will help reinforce your understanding and build fluency.', '["Mastered the core vocabulary and expressions of \"Wiederholung: Kultur und Gesellschaft\"","Understood and practiced the grammar structures taught","Developed review skills through targeted exercises","Built confidence in using German in practical situations","Identified areas for further practice and improvement","Connected new knowledge with previously learned material"]', '[{"title":"Key Grammar Points","summary":"Review the grammar rules and structures from this lesson on \"Wiederholung: Kultur und Gesellschaft\""}]', ARRAY['"Wiederholung: Kultur und Gesellschaft" core vocabulary', 'Kultur und Gesellschaft key terms']::text[], ARRAY['Pay attention to article gender (der/die/das)', 'Verb is always in second position in main clauses', 'Remember: German nouns are always capitalized']::text[], ARRAY['Practice 15-20 minutes daily for best results', 'Use new vocabulary in real sentences immediately', 'Speak out loud to improve pronunciation and fluency', 'Review previous lessons before starting new material']::text[]);

INSERT INTO public.lesson_speaking (lesson_id, title, prompt, scenario, tips, vocabulary_hints, min_duration_seconds, order_index) VALUES
  ('65a81d90-230f-4d2e-a1e0-5f03e7a5def9', 'Wiederholung: Kultur und Gesellschaft — Speaking 1', 'Practice the key vocabulary and phrases from "Wiederholung: Kultur und Gesellschaft" aloud. Focus on correct pronunciation.', 'Speaking practice for Kultur und Gesellschaft', ARRAY['Speak slowly and clearly', 'Use full sentences', 'Don''t worry about mistakes', 'Practice 3 times']::text[], ARRAY['Use this lesson''s vocabulary', 'Apply correct grammar']::text[], 30, 1);

INSERT INTO public.lesson_speaking (lesson_id, title, prompt, scenario, tips, vocabulary_hints, min_duration_seconds, order_index) VALUES
  ('65a81d90-230f-4d2e-a1e0-5f03e7a5def9', 'Wiederholung: Kultur und Gesellschaft — Speaking 2', 'Role-play: Imagine you are in a situation related to Kultur und Gesellschaft. Have a dialogue with a partner.', 'Speaking practice for Kultur und Gesellschaft', ARRAY['Speak slowly and clearly', 'Use full sentences', 'Don''t worry about mistakes', 'Practice 3 times']::text[], ARRAY['Use this lesson''s vocabulary', 'Apply correct grammar']::text[], 60, 2);

INSERT INTO public.lesson_conversations (lesson_id, title, scenario, role_user, role_ai, context, opening_line, vocabulary_hints, difficulty, order_index) VALUES
  ('65a81d90-230f-4d2e-a1e0-5f03e7a5def9', 'Wiederholung: Kultur und Gesellschaft — Conversation 1', 'Practice a realistic conversation about wiederholung: kultur und gesellschaft in the context of Kultur und Gesellschaft.', 'Student', 'Teacher', 'You are a student at B2 level. Practice having a natural German conversation about this lesson''s topic.', 'Hallo! Lass uns über "Wiederholung: Kultur und Gesellschaft" sprechen. Bist du bereit?', ARRAY[]::text[], 'intermediate', 1);

INSERT INTO public.lesson_ai_challenges (lesson_id, title, question, scenario, expected_elements, tips, difficulty, order_index) VALUES
  ('65a81d90-230f-4d2e-a1e0-5f03e7a5def9', 'Wiederholung: Kultur und Gesellschaft — Creative Application', 'Create a short dialogue or story using at least 10 vocabulary words and grammar structures from "Wiederholung: Kultur und Gesellschaft". The dialogue should be realistic and related to Kultur und Gesellschaft.', 'Creative practice for Wiederholung: Kultur und Gesellschaft', ARRAY['10+ vocabulary words from the lesson', 'Correct grammar application', 'Realistic and natural dialogue', 'Creative and original content']::text[], ARRAY['Review the lesson material first', 'Take your time to think', 'Be creative and original']::text[], 'easy', 1);

INSERT INTO public.lesson_reading (lesson_id, title, content, english_translation, arabic_translation, word_count, difficulty_rating, audio_url, source) VALUES
  ('65a81d90-230f-4d2e-a1e0-5f03e7a5def9', 'Wiederholung: Kultur und Gesellschaft — Reading Practice', 'This is a B2-level reading passage about wiederholung: kultur und gesellschaft in the context of Kultur und Gesellschaft.

Wiederholung: Kultur und Gesellschaft is an important topic for German learners. In this lesson, you will learn key vocabulary and grammar structures that will help you communicate effectively in real-life situations.

The module "Kultur und Gesellschaft" provides a comprehensive introduction to this topic. By studying this material carefully and practicing regularly, you will build confidence in your German language skills.

Try to read the passage without translating every word. Focus on understanding the main ideas first. Then read again for details. Finally, practice reading aloud to improve your pronunciation.', NULL, NULL, 104, 1, NULL, 'DeutschMentor Curriculum');

INSERT INTO public.lesson_listening (lesson_id, title, transcript, english_translation, arabic_translation, audio_url, duration_seconds, speaker_count, scenario) VALUES
  ('65a81d90-230f-4d2e-a1e0-5f03e7a5def9', 'Wiederholung: Kultur und Gesellschaft — Listening Exercise', '[Teacher]: Hallo! Willkommen zur Lektion "Wiederholung: Kultur und Gesellschaft" aus dem Modul "Kultur und Gesellschaft".

[Teacher]: Heute lernen wir wichtige Wörter und Sätze. Bitte hören Sie gut zu und wiederholen Sie.

[Student]: Ich bin bereit! Was lernen wir zuerst?

[Teacher]: Wir beginnen mit den Grundlagen. Wiederholen Sie bitte jedes Wort nach mir.

[Student]: Das ist eine gute Übung. Kann ich die Wörter auch in Sätzen hören?

[Teacher]: Natürlich! Ich zeige Ihnen Beispiele für jeden Satz. Dann üben wir zusammen.

[Student]: Perfekt! Vielen Dank für die Hilfe.

[Teacher]: Gern geschehen! Üben Sie zu Hause weiter. Viel Erfolg!', NULL, NULL, NULL, 120, 2, 'Kultur und Gesellschaft');

INSERT INTO public.lesson_expressions (lesson_id, german, english_translation, arabic_translation, usage_context, formality, is_idiom, literal_translation, order_index) VALUES
  ('349809b6-3f13-4109-85ff-3fe444d675a4', 'Ich wiederhole die Vokabeln.', 'I review the vocabulary.', 'أراجع المفردات.', 'Used in Präsentationen und Vorträge', 'neutral', false, NULL, 1),
  ('349809b6-3f13-4109-85ff-3fe444d675a4', 'Kannst du das bitte wiederholen?', 'Can you please repeat that?', 'هل يمكنك تكرار ذلك من فضلك؟', 'Used in Präsentationen und Vorträge', 'formal', false, NULL, 2),
  ('349809b6-3f13-4109-85ff-3fe444d675a4', 'Ich habe alles verstanden.', 'I understood everything.', 'لقد فهمت كل شيء.', 'Used in Präsentationen und Vorträge', 'neutral', false, NULL, 3),
  ('349809b6-3f13-4109-85ff-3fe444d675a4', 'Das ist eine gute Übung.', 'That is a good exercise.', 'هذا تمرين جيد.', 'Used in Präsentationen und Vorträge', 'neutral', false, NULL, 4),
  ('349809b6-3f13-4109-85ff-3fe444d675a4', 'Noch einmal, bitte!', 'Once more, please!', 'مرة أخرى من فضلك!', 'Used in Präsentationen und Vorträge', 'formal', false, NULL, 5);

INSERT INTO public.lesson_flashcards (lesson_id, front, back, hint, category, order_index) VALUES
  ('349809b6-3f13-4109-85ff-3fe444d675a4', 'Guten Morgen', 'Good morning', 'Used before noon', 'expression', 1),
  ('349809b6-3f13-4109-85ff-3fe444d675a4', 'Guten Abend', 'Good evening', 'Used after 6 PM', 'expression', 2),
  ('349809b6-3f13-4109-85ff-3fe444d675a4', 'Tschüss', 'Bye (informal)', 'With friends', 'expression', 3),
  ('349809b6-3f13-4109-85ff-3fe444d675a4', 'Auf Wiedersehen', 'Goodbye (formal)', 'Formal situations', 'expression', 4),
  ('349809b6-3f13-4109-85ff-3fe444d675a4', 'Bis später', 'See you later', 'Soon again', 'expression', 5),
  ('349809b6-3f13-4109-85ff-3fe444d675a4', 'Willkommen', 'Welcome', 'First meeting', 'expression', 6),
  ('349809b6-3f13-4109-85ff-3fe444d675a4', 'Entschuldigung', 'Excuse me / Sorry', 'Apology or attention', 'expression', 7),
  ('349809b6-3f13-4109-85ff-3fe444d675a4', 'Vielen Dank', 'Thank you very much', 'Gratitude', 'expression', 8);

INSERT INTO public.lesson_homework (lesson_id, title, description, homework_type, tasks, estimated_minutes, order_index) VALUES
  ('349809b6-3f13-4109-85ff-3fe444d675a4', 'Homework: Wiederholung: Präsentationen und Vorträge', 'Complete these tasks to reinforce "Wiederholung: Präsentationen und Vorträge" (Präsentationen und Vorträge).', 'writing', '[{"description":"Review all vocabulary from \"Wiederholung: Präsentationen und Vorträge\" — write each word with its article and plural form."},{"description":"Write 5 sentences using the key words from this lesson."},{"description":"Practice the dialogue aloud 3 times and record yourself."}]', 20, 1);

INSERT INTO public.lesson_reviews (lesson_id, summary, key_points, grammar_summary, vocabulary_focus, common_mistakes_summary, tips) VALUES
  ('349809b6-3f13-4109-85ff-3fe444d675a4', 'In this lesson on "Wiederholung: Präsentationen und Vorträge" (Präsentationen und Vorträge), you learned key review concepts at B2 level. Regular practice will help reinforce your understanding and build fluency.', '["Mastered the core vocabulary and expressions of \"Wiederholung: Präsentationen und Vorträge\"","Understood and practiced the grammar structures taught","Developed review skills through targeted exercises","Built confidence in using German in practical situations","Identified areas for further practice and improvement","Connected new knowledge with previously learned material"]', '[{"title":"Key Grammar Points","summary":"Review the grammar rules and structures from this lesson on \"Wiederholung: Präsentationen und Vorträge\""}]', ARRAY['"Wiederholung: Präsentationen und Vorträge" core vocabulary', 'Präsentationen und Vorträge key terms']::text[], ARRAY['Pay attention to article gender (der/die/das)', 'Verb is always in second position in main clauses', 'Remember: German nouns are always capitalized']::text[], ARRAY['Practice 15-20 minutes daily for best results', 'Use new vocabulary in real sentences immediately', 'Speak out loud to improve pronunciation and fluency', 'Review previous lessons before starting new material']::text[]);

INSERT INTO public.lesson_speaking (lesson_id, title, prompt, scenario, tips, vocabulary_hints, min_duration_seconds, order_index) VALUES
  ('349809b6-3f13-4109-85ff-3fe444d675a4', 'Wiederholung: Präsentationen und Vorträge — Speaking 1', 'Practice the key vocabulary and phrases from "Wiederholung: Präsentationen und Vorträge" aloud. Focus on correct pronunciation.', 'Speaking practice for Präsentationen und Vorträge', ARRAY['Speak slowly and clearly', 'Use full sentences', 'Don''t worry about mistakes', 'Practice 3 times']::text[], ARRAY['Use this lesson''s vocabulary', 'Apply correct grammar']::text[], 30, 1);

INSERT INTO public.lesson_speaking (lesson_id, title, prompt, scenario, tips, vocabulary_hints, min_duration_seconds, order_index) VALUES
  ('349809b6-3f13-4109-85ff-3fe444d675a4', 'Wiederholung: Präsentationen und Vorträge — Speaking 2', 'Role-play: Imagine you are in a situation related to Präsentationen und Vorträge. Have a dialogue with a partner.', 'Speaking practice for Präsentationen und Vorträge', ARRAY['Speak slowly and clearly', 'Use full sentences', 'Don''t worry about mistakes', 'Practice 3 times']::text[], ARRAY['Use this lesson''s vocabulary', 'Apply correct grammar']::text[], 60, 2);

INSERT INTO public.lesson_conversations (lesson_id, title, scenario, role_user, role_ai, context, opening_line, vocabulary_hints, difficulty, order_index) VALUES
  ('349809b6-3f13-4109-85ff-3fe444d675a4', 'Wiederholung: Präsentationen und Vorträge — Conversation 1', 'Practice a realistic conversation about wiederholung: präsentationen und vorträge in the context of Präsentationen und Vorträge.', 'Student', 'Teacher', 'You are a student at B2 level. Practice having a natural German conversation about this lesson''s topic.', 'Hallo! Lass uns über "Wiederholung: Präsentationen und Vorträge" sprechen. Bist du bereit?', ARRAY[]::text[], 'intermediate', 1);

INSERT INTO public.lesson_ai_challenges (lesson_id, title, question, scenario, expected_elements, tips, difficulty, order_index) VALUES
  ('349809b6-3f13-4109-85ff-3fe444d675a4', 'Wiederholung: Präsentationen und Vorträge — Creative Application', 'Create a short dialogue or story using at least 10 vocabulary words and grammar structures from "Wiederholung: Präsentationen und Vorträge". The dialogue should be realistic and related to Präsentationen und Vorträge.', 'Creative practice for Wiederholung: Präsentationen und Vorträge', ARRAY['10+ vocabulary words from the lesson', 'Correct grammar application', 'Realistic and natural dialogue', 'Creative and original content']::text[], ARRAY['Review the lesson material first', 'Take your time to think', 'Be creative and original']::text[], 'easy', 1);

INSERT INTO public.lesson_reading (lesson_id, title, content, english_translation, arabic_translation, word_count, difficulty_rating, audio_url, source) VALUES
  ('349809b6-3f13-4109-85ff-3fe444d675a4', 'Wiederholung: Präsentationen und Vorträge — Reading Practice', 'This is a B2-level reading passage about wiederholung: präsentationen und vorträge in the context of Präsentationen und Vorträge.

Wiederholung: Präsentationen und Vorträge is an important topic for German learners. In this lesson, you will learn key vocabulary and grammar structures that will help you communicate effectively in real-life situations.

The module "Präsentationen und Vorträge" provides a comprehensive introduction to this topic. By studying this material carefully and practicing regularly, you will build confidence in your German language skills.

Try to read the passage without translating every word. Focus on understanding the main ideas first. Then read again for details. Finally, practice reading aloud to improve your pronunciation.', NULL, NULL, 104, 1, NULL, 'DeutschMentor Curriculum');

INSERT INTO public.lesson_listening (lesson_id, title, transcript, english_translation, arabic_translation, audio_url, duration_seconds, speaker_count, scenario) VALUES
  ('349809b6-3f13-4109-85ff-3fe444d675a4', 'Wiederholung: Präsentationen und Vorträge — Listening Exercise', '[Teacher]: Hallo! Willkommen zur Lektion "Wiederholung: Präsentationen und Vorträge" aus dem Modul "Präsentationen und Vorträge".

[Teacher]: Heute lernen wir wichtige Wörter und Sätze. Bitte hören Sie gut zu und wiederholen Sie.

[Student]: Ich bin bereit! Was lernen wir zuerst?

[Teacher]: Wir beginnen mit den Grundlagen. Wiederholen Sie bitte jedes Wort nach mir.

[Student]: Das ist eine gute Übung. Kann ich die Wörter auch in Sätzen hören?

[Teacher]: Natürlich! Ich zeige Ihnen Beispiele für jeden Satz. Dann üben wir zusammen.

[Student]: Perfekt! Vielen Dank für die Hilfe.

[Teacher]: Gern geschehen! Üben Sie zu Hause weiter. Viel Erfolg!', NULL, NULL, NULL, 120, 2, 'Präsentationen und Vorträge');

INSERT INTO public.lesson_expressions (lesson_id, german, english_translation, arabic_translation, usage_context, formality, is_idiom, literal_translation, order_index) VALUES
  ('f7308abc-9a98-4588-b055-683a02624312', 'Was sind Sie von Beruf?', 'What do you do for a living?', 'ما هي مهنتك؟', 'Used in Berufliche Kommunikation', 'formal', false, NULL, 1),
  ('f7308abc-9a98-4588-b055-683a02624312', 'Ich arbeite als Ingenieur.', 'I work as an engineer.', 'أعمل كمهندس.', 'Used in Berufliche Kommunikation', 'neutral', false, NULL, 2),
  ('f7308abc-9a98-4588-b055-683a02624312', 'Wo arbeiten Sie?', 'Where do you work?', 'أين تعمل؟', 'Used in Berufliche Kommunikation', 'formal', false, NULL, 3),
  ('f7308abc-9a98-4588-b055-683a02624312', 'Ich bin selbstständig.', 'I am self-employed.', 'أنا مستقل.', 'Used in Berufliche Kommunikation', 'neutral', false, NULL, 4),
  ('f7308abc-9a98-4588-b055-683a02624312', 'Ich bin Angestellte bei einer Firma.', 'I am an employee at a company.', 'أنا موظفة في شركة.', 'Used in Berufliche Kommunikation', 'neutral', false, NULL, 5),
  ('f7308abc-9a98-4588-b055-683a02624312', 'Mein Büro ist im Zentrum.', 'My office is in the center.', 'مكتبي في المركز.', 'Used in Berufliche Kommunikation', 'neutral', false, NULL, 6),
  ('f7308abc-9a98-4588-b055-683a02624312', 'Ich arbeite von 9 bis 17 Uhr.', 'I work from 9 to 5.', 'أعمل من 9 إلى 5.', 'Used in Berufliche Kommunikation', 'neutral', false, NULL, 7);

INSERT INTO public.lesson_flashcards (lesson_id, front, back, hint, category, order_index) VALUES
  ('f7308abc-9a98-4588-b055-683a02624312', 'der Beruf', 'profession', 'Job title', 'vocabulary', 1),
  ('f7308abc-9a98-4588-b055-683a02624312', 'die Arbeit', 'work', 'What you do', 'vocabulary', 2),
  ('f7308abc-9a98-4588-b055-683a02624312', 'das Büro', 'office', 'Where you work', 'vocabulary', 3),
  ('f7308abc-9a98-4588-b055-683a02624312', 'der Chef', 'boss', 'Your supervisor', 'vocabulary', 4),
  ('f7308abc-9a98-4588-b055-683a02624312', 'die Firma', 'company', 'Business', 'vocabulary', 5),
  ('f7308abc-9a98-4588-b055-683a02624312', 'der Kollege', 'colleague', 'Work together', 'vocabulary', 6),
  ('f7308abc-9a98-4588-b055-683a02624312', 'das Gehalt', 'salary', 'Monthly payment', 'vocabulary', 7),
  ('f7308abc-9a98-4588-b055-683a02624312', 'die Bewerbung', 'application', 'For a job', 'vocabulary', 8);

INSERT INTO public.lesson_homework (lesson_id, title, description, homework_type, tasks, estimated_minutes, order_index) VALUES
  ('f7308abc-9a98-4588-b055-683a02624312', 'Homework: Wiederholung: Berufliche Kommunikation', 'Complete these tasks to reinforce "Wiederholung: Berufliche Kommunikation" (Berufliche Kommunikation).', 'speaking', '[{"description":"Review all vocabulary from \"Wiederholung: Berufliche Kommunikation\" — write each word with its article and plural form."},{"description":"Write 5 sentences using the key words from this lesson."},{"description":"Practice the dialogue aloud 3 times and record yourself."}]', 25, 1);

INSERT INTO public.lesson_reviews (lesson_id, summary, key_points, grammar_summary, vocabulary_focus, common_mistakes_summary, tips) VALUES
  ('f7308abc-9a98-4588-b055-683a02624312', 'In this lesson on "Wiederholung: Berufliche Kommunikation" (Berufliche Kommunikation), you learned key review concepts at B2 level. Regular practice will help reinforce your understanding and build fluency.', '["Mastered the core vocabulary and expressions of \"Wiederholung: Berufliche Kommunikation\"","Understood and practiced the grammar structures taught","Developed review skills through targeted exercises","Built confidence in using German in practical situations","Identified areas for further practice and improvement","Connected new knowledge with previously learned material"]', '[{"title":"Key Grammar Points","summary":"Review the grammar rules and structures from this lesson on \"Wiederholung: Berufliche Kommunikation\""}]', ARRAY['"Wiederholung: Berufliche Kommunikation" core vocabulary', 'Berufliche Kommunikation key terms']::text[], ARRAY['Pay attention to article gender (der/die/das)', 'Verb is always in second position in main clauses', 'Remember: German nouns are always capitalized']::text[], ARRAY['Practice 15-20 minutes daily for best results', 'Use new vocabulary in real sentences immediately', 'Speak out loud to improve pronunciation and fluency', 'Review previous lessons before starting new material']::text[]);

INSERT INTO public.lesson_speaking (lesson_id, title, prompt, scenario, tips, vocabulary_hints, min_duration_seconds, order_index) VALUES
  ('f7308abc-9a98-4588-b055-683a02624312', 'Wiederholung: Berufliche Kommunikation — Speaking 1', 'Practice the key vocabulary and phrases from "Wiederholung: Berufliche Kommunikation" aloud. Focus on correct pronunciation.', 'Speaking practice for Berufliche Kommunikation', ARRAY['Speak slowly and clearly', 'Use full sentences', 'Don''t worry about mistakes', 'Practice 3 times']::text[], ARRAY['Use this lesson''s vocabulary', 'Apply correct grammar']::text[], 30, 1);

INSERT INTO public.lesson_speaking (lesson_id, title, prompt, scenario, tips, vocabulary_hints, min_duration_seconds, order_index) VALUES
  ('f7308abc-9a98-4588-b055-683a02624312', 'Wiederholung: Berufliche Kommunikation — Speaking 2', 'Role-play: Imagine you are in a situation related to Berufliche Kommunikation. Have a dialogue with a partner.', 'Speaking practice for Berufliche Kommunikation', ARRAY['Speak slowly and clearly', 'Use full sentences', 'Don''t worry about mistakes', 'Practice 3 times']::text[], ARRAY['Use this lesson''s vocabulary', 'Apply correct grammar']::text[], 60, 2);

INSERT INTO public.lesson_conversations (lesson_id, title, scenario, role_user, role_ai, context, opening_line, vocabulary_hints, difficulty, order_index) VALUES
  ('f7308abc-9a98-4588-b055-683a02624312', 'Wiederholung: Berufliche Kommunikation — Conversation 1', 'Practice a realistic conversation about wiederholung: berufliche kommunikation in the context of Berufliche Kommunikation.', 'Student', 'Teacher', 'You are a student at B2 level. Practice having a natural German conversation about this lesson''s topic.', 'Hallo! Lass uns über "Wiederholung: Berufliche Kommunikation" sprechen. Bist du bereit?', ARRAY[]::text[], 'intermediate', 1);

INSERT INTO public.lesson_ai_challenges (lesson_id, title, question, scenario, expected_elements, tips, difficulty, order_index) VALUES
  ('f7308abc-9a98-4588-b055-683a02624312', 'Wiederholung: Berufliche Kommunikation — Creative Application', 'Create a short dialogue or story using at least 10 vocabulary words and grammar structures from "Wiederholung: Berufliche Kommunikation". The dialogue should be realistic and related to Berufliche Kommunikation.', 'Creative practice for Wiederholung: Berufliche Kommunikation', ARRAY['10+ vocabulary words from the lesson', 'Correct grammar application', 'Realistic and natural dialogue', 'Creative and original content']::text[], ARRAY['Review the lesson material first', 'Take your time to think', 'Be creative and original']::text[], 'easy', 1);

INSERT INTO public.lesson_reading (lesson_id, title, content, english_translation, arabic_translation, word_count, difficulty_rating, audio_url, source) VALUES
  ('f7308abc-9a98-4588-b055-683a02624312', 'Wiederholung: Berufliche Kommunikation — Reading Practice', 'This is a B2-level reading passage about wiederholung: berufliche kommunikation in the context of Berufliche Kommunikation.

Wiederholung: Berufliche Kommunikation is an important topic for German learners. In this lesson, you will learn key vocabulary and grammar structures that will help you communicate effectively in real-life situations.

The module "Berufliche Kommunikation" provides a comprehensive introduction to this topic. By studying this material carefully and practicing regularly, you will build confidence in your German language skills.

Try to read the passage without translating every word. Focus on understanding the main ideas first. Then read again for details. Finally, practice reading aloud to improve your pronunciation.', NULL, NULL, 100, 1, NULL, 'DeutschMentor Curriculum');

INSERT INTO public.lesson_listening (lesson_id, title, transcript, english_translation, arabic_translation, audio_url, duration_seconds, speaker_count, scenario) VALUES
  ('f7308abc-9a98-4588-b055-683a02624312', 'Wiederholung: Berufliche Kommunikation — Listening Exercise', '[Teacher]: Hallo! Willkommen zur Lektion "Wiederholung: Berufliche Kommunikation" aus dem Modul "Berufliche Kommunikation".

[Teacher]: Heute lernen wir wichtige Wörter und Sätze. Bitte hören Sie gut zu und wiederholen Sie.

[Student]: Ich bin bereit! Was lernen wir zuerst?

[Teacher]: Wir beginnen mit den Grundlagen. Wiederholen Sie bitte jedes Wort nach mir.

[Student]: Das ist eine gute Übung. Kann ich die Wörter auch in Sätzen hören?

[Teacher]: Natürlich! Ich zeige Ihnen Beispiele für jeden Satz. Dann üben wir zusammen.

[Student]: Perfekt! Vielen Dank für die Hilfe.

[Teacher]: Gern geschehen! Üben Sie zu Hause weiter. Viel Erfolg!', NULL, NULL, NULL, 120, 2, 'Berufliche Kommunikation');

INSERT INTO public.lesson_expressions (lesson_id, german, english_translation, arabic_translation, usage_context, formality, is_idiom, literal_translation, order_index) VALUES
  ('c14c9e2f-ee67-4b62-a850-6ba71d037108', 'Ich wiederhole die Vokabeln.', 'I review the vocabulary.', 'أراجع المفردات.', 'Used in Wirtschaft und Politik', 'neutral', false, NULL, 1),
  ('c14c9e2f-ee67-4b62-a850-6ba71d037108', 'Kannst du das bitte wiederholen?', 'Can you please repeat that?', 'هل يمكنك تكرار ذلك من فضلك؟', 'Used in Wirtschaft und Politik', 'formal', false, NULL, 2),
  ('c14c9e2f-ee67-4b62-a850-6ba71d037108', 'Ich habe alles verstanden.', 'I understood everything.', 'لقد فهمت كل شيء.', 'Used in Wirtschaft und Politik', 'neutral', false, NULL, 3),
  ('c14c9e2f-ee67-4b62-a850-6ba71d037108', 'Das ist eine gute Übung.', 'That is a good exercise.', 'هذا تمرين جيد.', 'Used in Wirtschaft und Politik', 'neutral', false, NULL, 4),
  ('c14c9e2f-ee67-4b62-a850-6ba71d037108', 'Noch einmal, bitte!', 'Once more, please!', 'مرة أخرى من فضلك!', 'Used in Wirtschaft und Politik', 'formal', false, NULL, 5);

INSERT INTO public.lesson_flashcards (lesson_id, front, back, hint, category, order_index) VALUES
  ('c14c9e2f-ee67-4b62-a850-6ba71d037108', 'Guten Morgen', 'Good morning', 'Used before noon', 'expression', 1),
  ('c14c9e2f-ee67-4b62-a850-6ba71d037108', 'Guten Abend', 'Good evening', 'Used after 6 PM', 'expression', 2),
  ('c14c9e2f-ee67-4b62-a850-6ba71d037108', 'Tschüss', 'Bye (informal)', 'With friends', 'expression', 3),
  ('c14c9e2f-ee67-4b62-a850-6ba71d037108', 'Auf Wiedersehen', 'Goodbye (formal)', 'Formal situations', 'expression', 4),
  ('c14c9e2f-ee67-4b62-a850-6ba71d037108', 'Bis später', 'See you later', 'Soon again', 'expression', 5),
  ('c14c9e2f-ee67-4b62-a850-6ba71d037108', 'Willkommen', 'Welcome', 'First meeting', 'expression', 6),
  ('c14c9e2f-ee67-4b62-a850-6ba71d037108', 'Entschuldigung', 'Excuse me / Sorry', 'Apology or attention', 'expression', 7),
  ('c14c9e2f-ee67-4b62-a850-6ba71d037108', 'Vielen Dank', 'Thank you very much', 'Gratitude', 'expression', 8);

INSERT INTO public.lesson_homework (lesson_id, title, description, homework_type, tasks, estimated_minutes, order_index) VALUES
  ('c14c9e2f-ee67-4b62-a850-6ba71d037108', 'Homework: Wiederholung: Wirtschaft und Politik', 'Complete these tasks to reinforce "Wiederholung: Wirtschaft und Politik" (Wirtschaft und Politik).', 'reading', '[{"description":"Review all vocabulary from \"Wiederholung: Wirtschaft und Politik\" — write each word with its article and plural form."},{"description":"Write 5 sentences using the key words from this lesson."},{"description":"Practice the dialogue aloud 3 times and record yourself."}]', 15, 1);

INSERT INTO public.lesson_reviews (lesson_id, summary, key_points, grammar_summary, vocabulary_focus, common_mistakes_summary, tips) VALUES
  ('c14c9e2f-ee67-4b62-a850-6ba71d037108', 'In this lesson on "Wiederholung: Wirtschaft und Politik" (Wirtschaft und Politik), you learned key review concepts at B2 level. Regular practice will help reinforce your understanding and build fluency.', '["Mastered the core vocabulary and expressions of \"Wiederholung: Wirtschaft und Politik\"","Understood and practiced the grammar structures taught","Developed review skills through targeted exercises","Built confidence in using German in practical situations","Identified areas for further practice and improvement","Connected new knowledge with previously learned material"]', '[{"title":"Key Grammar Points","summary":"Review the grammar rules and structures from this lesson on \"Wiederholung: Wirtschaft und Politik\""}]', ARRAY['"Wiederholung: Wirtschaft und Politik" core vocabulary', 'Wirtschaft und Politik key terms']::text[], ARRAY['Pay attention to article gender (der/die/das)', 'Verb is always in second position in main clauses', 'Remember: German nouns are always capitalized']::text[], ARRAY['Practice 15-20 minutes daily for best results', 'Use new vocabulary in real sentences immediately', 'Speak out loud to improve pronunciation and fluency', 'Review previous lessons before starting new material']::text[]);

INSERT INTO public.lesson_speaking (lesson_id, title, prompt, scenario, tips, vocabulary_hints, min_duration_seconds, order_index) VALUES
  ('c14c9e2f-ee67-4b62-a850-6ba71d037108', 'Wiederholung: Wirtschaft und Politik — Speaking 1', 'Practice the key vocabulary and phrases from "Wiederholung: Wirtschaft und Politik" aloud. Focus on correct pronunciation.', 'Speaking practice for Wirtschaft und Politik', ARRAY['Speak slowly and clearly', 'Use full sentences', 'Don''t worry about mistakes', 'Practice 3 times']::text[], ARRAY['Use this lesson''s vocabulary', 'Apply correct grammar']::text[], 30, 1);

INSERT INTO public.lesson_speaking (lesson_id, title, prompt, scenario, tips, vocabulary_hints, min_duration_seconds, order_index) VALUES
  ('c14c9e2f-ee67-4b62-a850-6ba71d037108', 'Wiederholung: Wirtschaft und Politik — Speaking 2', 'Role-play: Imagine you are in a situation related to Wirtschaft und Politik. Have a dialogue with a partner.', 'Speaking practice for Wirtschaft und Politik', ARRAY['Speak slowly and clearly', 'Use full sentences', 'Don''t worry about mistakes', 'Practice 3 times']::text[], ARRAY['Use this lesson''s vocabulary', 'Apply correct grammar']::text[], 60, 2);

INSERT INTO public.lesson_conversations (lesson_id, title, scenario, role_user, role_ai, context, opening_line, vocabulary_hints, difficulty, order_index) VALUES
  ('c14c9e2f-ee67-4b62-a850-6ba71d037108', 'Wiederholung: Wirtschaft und Politik — Conversation 1', 'Practice a realistic conversation about wiederholung: wirtschaft und politik in the context of Wirtschaft und Politik.', 'Student', 'Teacher', 'You are a student at B2 level. Practice having a natural German conversation about this lesson''s topic.', 'Hallo! Lass uns über "Wiederholung: Wirtschaft und Politik" sprechen. Bist du bereit?', ARRAY[]::text[], 'intermediate', 1);

INSERT INTO public.lesson_ai_challenges (lesson_id, title, question, scenario, expected_elements, tips, difficulty, order_index) VALUES
  ('c14c9e2f-ee67-4b62-a850-6ba71d037108', 'Wiederholung: Wirtschaft und Politik — Creative Application', 'Create a short dialogue or story using at least 10 vocabulary words and grammar structures from "Wiederholung: Wirtschaft und Politik". The dialogue should be realistic and related to Wirtschaft und Politik.', 'Creative practice for Wiederholung: Wirtschaft und Politik', ARRAY['10+ vocabulary words from the lesson', 'Correct grammar application', 'Realistic and natural dialogue', 'Creative and original content']::text[], ARRAY['Review the lesson material first', 'Take your time to think', 'Be creative and original']::text[], 'easy', 1);

INSERT INTO public.lesson_reading (lesson_id, title, content, english_translation, arabic_translation, word_count, difficulty_rating, audio_url, source) VALUES
  ('c14c9e2f-ee67-4b62-a850-6ba71d037108', 'Wiederholung: Wirtschaft und Politik — Reading Practice', 'This is a B2-level reading passage about wiederholung: wirtschaft und politik in the context of Wirtschaft und Politik.

Wiederholung: Wirtschaft und Politik is an important topic for German learners. In this lesson, you will learn key vocabulary and grammar structures that will help you communicate effectively in real-life situations.

The module "Wirtschaft und Politik" provides a comprehensive introduction to this topic. By studying this material carefully and practicing regularly, you will build confidence in your German language skills.

Try to read the passage without translating every word. Focus on understanding the main ideas first. Then read again for details. Finally, practice reading aloud to improve your pronunciation.', NULL, NULL, 104, 1, NULL, 'DeutschMentor Curriculum');

INSERT INTO public.lesson_listening (lesson_id, title, transcript, english_translation, arabic_translation, audio_url, duration_seconds, speaker_count, scenario) VALUES
  ('c14c9e2f-ee67-4b62-a850-6ba71d037108', 'Wiederholung: Wirtschaft und Politik — Listening Exercise', '[Teacher]: Hallo! Willkommen zur Lektion "Wiederholung: Wirtschaft und Politik" aus dem Modul "Wirtschaft und Politik".

[Teacher]: Heute lernen wir wichtige Wörter und Sätze. Bitte hören Sie gut zu und wiederholen Sie.

[Student]: Ich bin bereit! Was lernen wir zuerst?

[Teacher]: Wir beginnen mit den Grundlagen. Wiederholen Sie bitte jedes Wort nach mir.

[Student]: Das ist eine gute Übung. Kann ich die Wörter auch in Sätzen hören?

[Teacher]: Natürlich! Ich zeige Ihnen Beispiele für jeden Satz. Dann üben wir zusammen.

[Student]: Perfekt! Vielen Dank für die Hilfe.

[Teacher]: Gern geschehen! Üben Sie zu Hause weiter. Viel Erfolg!', NULL, NULL, NULL, 120, 2, 'Wirtschaft und Politik');

INSERT INTO public.lesson_expressions (lesson_id, german, english_translation, arabic_translation, usage_context, formality, is_idiom, literal_translation, order_index) VALUES
  ('f67f37c1-8fda-46f3-9dbc-22faa0bfb809', 'Ich wiederhole die Vokabeln.', 'I review the vocabulary.', 'أراجع المفردات.', 'Used in Kultur und Gesellschaft', 'neutral', false, NULL, 1),
  ('f67f37c1-8fda-46f3-9dbc-22faa0bfb809', 'Kannst du das bitte wiederholen?', 'Can you please repeat that?', 'هل يمكنك تكرار ذلك من فضلك؟', 'Used in Kultur und Gesellschaft', 'formal', false, NULL, 2),
  ('f67f37c1-8fda-46f3-9dbc-22faa0bfb809', 'Ich habe alles verstanden.', 'I understood everything.', 'لقد فهمت كل شيء.', 'Used in Kultur und Gesellschaft', 'neutral', false, NULL, 3),
  ('f67f37c1-8fda-46f3-9dbc-22faa0bfb809', 'Das ist eine gute Übung.', 'That is a good exercise.', 'هذا تمرين جيد.', 'Used in Kultur und Gesellschaft', 'neutral', false, NULL, 4),
  ('f67f37c1-8fda-46f3-9dbc-22faa0bfb809', 'Noch einmal, bitte!', 'Once more, please!', 'مرة أخرى من فضلك!', 'Used in Kultur und Gesellschaft', 'formal', false, NULL, 5);

INSERT INTO public.lesson_flashcards (lesson_id, front, back, hint, category, order_index) VALUES
  ('f67f37c1-8fda-46f3-9dbc-22faa0bfb809', 'Guten Morgen', 'Good morning', 'Used before noon', 'expression', 1),
  ('f67f37c1-8fda-46f3-9dbc-22faa0bfb809', 'Guten Abend', 'Good evening', 'Used after 6 PM', 'expression', 2),
  ('f67f37c1-8fda-46f3-9dbc-22faa0bfb809', 'Tschüss', 'Bye (informal)', 'With friends', 'expression', 3),
  ('f67f37c1-8fda-46f3-9dbc-22faa0bfb809', 'Auf Wiedersehen', 'Goodbye (formal)', 'Formal situations', 'expression', 4),
  ('f67f37c1-8fda-46f3-9dbc-22faa0bfb809', 'Bis später', 'See you later', 'Soon again', 'expression', 5),
  ('f67f37c1-8fda-46f3-9dbc-22faa0bfb809', 'Willkommen', 'Welcome', 'First meeting', 'expression', 6),
  ('f67f37c1-8fda-46f3-9dbc-22faa0bfb809', 'Entschuldigung', 'Excuse me / Sorry', 'Apology or attention', 'expression', 7),
  ('f67f37c1-8fda-46f3-9dbc-22faa0bfb809', 'Vielen Dank', 'Thank you very much', 'Gratitude', 'expression', 8);

INSERT INTO public.lesson_homework (lesson_id, title, description, homework_type, tasks, estimated_minutes, order_index) VALUES
  ('f67f37c1-8fda-46f3-9dbc-22faa0bfb809', 'Homework: Wiederholung: Kultur und Gesellschaft', 'Complete these tasks to reinforce "Wiederholung: Kultur und Gesellschaft" (Kultur und Gesellschaft).', 'grammar', '[{"description":"Review all vocabulary from \"Wiederholung: Kultur und Gesellschaft\" — write each word with its article and plural form."},{"description":"Write 5 sentences using the key words from this lesson."},{"description":"Practice the dialogue aloud 3 times and record yourself."}]', 20, 1);

INSERT INTO public.lesson_reviews (lesson_id, summary, key_points, grammar_summary, vocabulary_focus, common_mistakes_summary, tips) VALUES
  ('f67f37c1-8fda-46f3-9dbc-22faa0bfb809', 'In this lesson on "Wiederholung: Kultur und Gesellschaft" (Kultur und Gesellschaft), you learned key review concepts at B2 level. Regular practice will help reinforce your understanding and build fluency.', '["Mastered the core vocabulary and expressions of \"Wiederholung: Kultur und Gesellschaft\"","Understood and practiced the grammar structures taught","Developed review skills through targeted exercises","Built confidence in using German in practical situations","Identified areas for further practice and improvement","Connected new knowledge with previously learned material"]', '[{"title":"Key Grammar Points","summary":"Review the grammar rules and structures from this lesson on \"Wiederholung: Kultur und Gesellschaft\""}]', ARRAY['"Wiederholung: Kultur und Gesellschaft" core vocabulary', 'Kultur und Gesellschaft key terms']::text[], ARRAY['Pay attention to article gender (der/die/das)', 'Verb is always in second position in main clauses', 'Remember: German nouns are always capitalized']::text[], ARRAY['Practice 15-20 minutes daily for best results', 'Use new vocabulary in real sentences immediately', 'Speak out loud to improve pronunciation and fluency', 'Review previous lessons before starting new material']::text[]);

INSERT INTO public.lesson_speaking (lesson_id, title, prompt, scenario, tips, vocabulary_hints, min_duration_seconds, order_index) VALUES
  ('f67f37c1-8fda-46f3-9dbc-22faa0bfb809', 'Wiederholung: Kultur und Gesellschaft — Speaking 1', 'Practice the key vocabulary and phrases from "Wiederholung: Kultur und Gesellschaft" aloud. Focus on correct pronunciation.', 'Speaking practice for Kultur und Gesellschaft', ARRAY['Speak slowly and clearly', 'Use full sentences', 'Don''t worry about mistakes', 'Practice 3 times']::text[], ARRAY['Use this lesson''s vocabulary', 'Apply correct grammar']::text[], 30, 1);

INSERT INTO public.lesson_speaking (lesson_id, title, prompt, scenario, tips, vocabulary_hints, min_duration_seconds, order_index) VALUES
  ('f67f37c1-8fda-46f3-9dbc-22faa0bfb809', 'Wiederholung: Kultur und Gesellschaft — Speaking 2', 'Role-play: Imagine you are in a situation related to Kultur und Gesellschaft. Have a dialogue with a partner.', 'Speaking practice for Kultur und Gesellschaft', ARRAY['Speak slowly and clearly', 'Use full sentences', 'Don''t worry about mistakes', 'Practice 3 times']::text[], ARRAY['Use this lesson''s vocabulary', 'Apply correct grammar']::text[], 60, 2);

INSERT INTO public.lesson_conversations (lesson_id, title, scenario, role_user, role_ai, context, opening_line, vocabulary_hints, difficulty, order_index) VALUES
  ('f67f37c1-8fda-46f3-9dbc-22faa0bfb809', 'Wiederholung: Kultur und Gesellschaft — Conversation 1', 'Practice a realistic conversation about wiederholung: kultur und gesellschaft in the context of Kultur und Gesellschaft.', 'Student', 'Teacher', 'You are a student at B2 level. Practice having a natural German conversation about this lesson''s topic.', 'Hallo! Lass uns über "Wiederholung: Kultur und Gesellschaft" sprechen. Bist du bereit?', ARRAY[]::text[], 'intermediate', 1);

INSERT INTO public.lesson_ai_challenges (lesson_id, title, question, scenario, expected_elements, tips, difficulty, order_index) VALUES
  ('f67f37c1-8fda-46f3-9dbc-22faa0bfb809', 'Wiederholung: Kultur und Gesellschaft — Creative Application', 'Create a short dialogue or story using at least 10 vocabulary words and grammar structures from "Wiederholung: Kultur und Gesellschaft". The dialogue should be realistic and related to Kultur und Gesellschaft.', 'Creative practice for Wiederholung: Kultur und Gesellschaft', ARRAY['10+ vocabulary words from the lesson', 'Correct grammar application', 'Realistic and natural dialogue', 'Creative and original content']::text[], ARRAY['Review the lesson material first', 'Take your time to think', 'Be creative and original']::text[], 'easy', 1);

INSERT INTO public.lesson_reading (lesson_id, title, content, english_translation, arabic_translation, word_count, difficulty_rating, audio_url, source) VALUES
  ('f67f37c1-8fda-46f3-9dbc-22faa0bfb809', 'Wiederholung: Kultur und Gesellschaft — Reading Practice', 'This is a B2-level reading passage about wiederholung: kultur und gesellschaft in the context of Kultur und Gesellschaft.

Wiederholung: Kultur und Gesellschaft is an important topic for German learners. In this lesson, you will learn key vocabulary and grammar structures that will help you communicate effectively in real-life situations.

The module "Kultur und Gesellschaft" provides a comprehensive introduction to this topic. By studying this material carefully and practicing regularly, you will build confidence in your German language skills.

Try to read the passage without translating every word. Focus on understanding the main ideas first. Then read again for details. Finally, practice reading aloud to improve your pronunciation.', NULL, NULL, 104, 1, NULL, 'DeutschMentor Curriculum');

INSERT INTO public.lesson_listening (lesson_id, title, transcript, english_translation, arabic_translation, audio_url, duration_seconds, speaker_count, scenario) VALUES
  ('f67f37c1-8fda-46f3-9dbc-22faa0bfb809', 'Wiederholung: Kultur und Gesellschaft — Listening Exercise', '[Teacher]: Hallo! Willkommen zur Lektion "Wiederholung: Kultur und Gesellschaft" aus dem Modul "Kultur und Gesellschaft".

[Teacher]: Heute lernen wir wichtige Wörter und Sätze. Bitte hören Sie gut zu und wiederholen Sie.

[Student]: Ich bin bereit! Was lernen wir zuerst?

[Teacher]: Wir beginnen mit den Grundlagen. Wiederholen Sie bitte jedes Wort nach mir.

[Student]: Das ist eine gute Übung. Kann ich die Wörter auch in Sätzen hören?

[Teacher]: Natürlich! Ich zeige Ihnen Beispiele für jeden Satz. Dann üben wir zusammen.

[Student]: Perfekt! Vielen Dank für die Hilfe.

[Teacher]: Gern geschehen! Üben Sie zu Hause weiter. Viel Erfolg!', NULL, NULL, NULL, 120, 2, 'Kultur und Gesellschaft');

INSERT INTO public.lesson_expressions (lesson_id, german, english_translation, arabic_translation, usage_context, formality, is_idiom, literal_translation, order_index) VALUES
  ('65dcc620-94aa-4bcc-92a2-922c26d45aa6', 'Ich wiederhole die Vokabeln.', 'I review the vocabulary.', 'أراجع المفردات.', 'Used in Fachsprache und Terminologie', 'neutral', false, NULL, 1),
  ('65dcc620-94aa-4bcc-92a2-922c26d45aa6', 'Kannst du das bitte wiederholen?', 'Can you please repeat that?', 'هل يمكنك تكرار ذلك من فضلك؟', 'Used in Fachsprache und Terminologie', 'formal', false, NULL, 2),
  ('65dcc620-94aa-4bcc-92a2-922c26d45aa6', 'Ich habe alles verstanden.', 'I understood everything.', 'لقد فهمت كل شيء.', 'Used in Fachsprache und Terminologie', 'neutral', false, NULL, 3),
  ('65dcc620-94aa-4bcc-92a2-922c26d45aa6', 'Das ist eine gute Übung.', 'That is a good exercise.', 'هذا تمرين جيد.', 'Used in Fachsprache und Terminologie', 'neutral', false, NULL, 4),
  ('65dcc620-94aa-4bcc-92a2-922c26d45aa6', 'Noch einmal, bitte!', 'Once more, please!', 'مرة أخرى من فضلك!', 'Used in Fachsprache und Terminologie', 'formal', false, NULL, 5);

INSERT INTO public.lesson_flashcards (lesson_id, front, back, hint, category, order_index) VALUES
  ('65dcc620-94aa-4bcc-92a2-922c26d45aa6', 'Guten Morgen', 'Good morning', 'Used before noon', 'expression', 1),
  ('65dcc620-94aa-4bcc-92a2-922c26d45aa6', 'Guten Abend', 'Good evening', 'Used after 6 PM', 'expression', 2),
  ('65dcc620-94aa-4bcc-92a2-922c26d45aa6', 'Tschüss', 'Bye (informal)', 'With friends', 'expression', 3),
  ('65dcc620-94aa-4bcc-92a2-922c26d45aa6', 'Auf Wiedersehen', 'Goodbye (formal)', 'Formal situations', 'expression', 4),
  ('65dcc620-94aa-4bcc-92a2-922c26d45aa6', 'Bis später', 'See you later', 'Soon again', 'expression', 5),
  ('65dcc620-94aa-4bcc-92a2-922c26d45aa6', 'Willkommen', 'Welcome', 'First meeting', 'expression', 6),
  ('65dcc620-94aa-4bcc-92a2-922c26d45aa6', 'Entschuldigung', 'Excuse me / Sorry', 'Apology or attention', 'expression', 7),
  ('65dcc620-94aa-4bcc-92a2-922c26d45aa6', 'Vielen Dank', 'Thank you very much', 'Gratitude', 'expression', 8);

INSERT INTO public.lesson_homework (lesson_id, title, description, homework_type, tasks, estimated_minutes, order_index) VALUES
  ('65dcc620-94aa-4bcc-92a2-922c26d45aa6', 'Homework: Wiederholung: Fachsprache und Terminologie', 'Complete these tasks to reinforce "Wiederholung: Fachsprache und Terminologie" (Fachsprache und Terminologie).', 'mixed', '[{"description":"Review all vocabulary from \"Wiederholung: Fachsprache und Terminologie\" — write each word with its article and plural form."},{"description":"Write 5 sentences using the key words from this lesson."},{"description":"Practice the dialogue aloud 3 times and record yourself."}]', 25, 1);

INSERT INTO public.lesson_reviews (lesson_id, summary, key_points, grammar_summary, vocabulary_focus, common_mistakes_summary, tips) VALUES
  ('65dcc620-94aa-4bcc-92a2-922c26d45aa6', 'In this lesson on "Wiederholung: Fachsprache und Terminologie" (Fachsprache und Terminologie), you learned key review concepts at B2 level. Regular practice will help reinforce your understanding and build fluency.', '["Mastered the core vocabulary and expressions of \"Wiederholung: Fachsprache und Terminologie\"","Understood and practiced the grammar structures taught","Developed review skills through targeted exercises","Built confidence in using German in practical situations","Identified areas for further practice and improvement","Connected new knowledge with previously learned material"]', '[{"title":"Key Grammar Points","summary":"Review the grammar rules and structures from this lesson on \"Wiederholung: Fachsprache und Terminologie\""}]', ARRAY['"Wiederholung: Fachsprache und Terminologie" core vocabulary', 'Fachsprache und Terminologie key terms']::text[], ARRAY['Pay attention to article gender (der/die/das)', 'Verb is always in second position in main clauses', 'Remember: German nouns are always capitalized']::text[], ARRAY['Practice 15-20 minutes daily for best results', 'Use new vocabulary in real sentences immediately', 'Speak out loud to improve pronunciation and fluency', 'Review previous lessons before starting new material']::text[]);

INSERT INTO public.lesson_speaking (lesson_id, title, prompt, scenario, tips, vocabulary_hints, min_duration_seconds, order_index) VALUES
  ('65dcc620-94aa-4bcc-92a2-922c26d45aa6', 'Wiederholung: Fachsprache und Terminologie — Speaking 1', 'Practice the key vocabulary and phrases from "Wiederholung: Fachsprache und Terminologie" aloud. Focus on correct pronunciation.', 'Speaking practice for Fachsprache und Terminologie', ARRAY['Speak slowly and clearly', 'Use full sentences', 'Don''t worry about mistakes', 'Practice 3 times']::text[], ARRAY['Use this lesson''s vocabulary', 'Apply correct grammar']::text[], 30, 1);

INSERT INTO public.lesson_speaking (lesson_id, title, prompt, scenario, tips, vocabulary_hints, min_duration_seconds, order_index) VALUES
  ('65dcc620-94aa-4bcc-92a2-922c26d45aa6', 'Wiederholung: Fachsprache und Terminologie — Speaking 2', 'Role-play: Imagine you are in a situation related to Fachsprache und Terminologie. Have a dialogue with a partner.', 'Speaking practice for Fachsprache und Terminologie', ARRAY['Speak slowly and clearly', 'Use full sentences', 'Don''t worry about mistakes', 'Practice 3 times']::text[], ARRAY['Use this lesson''s vocabulary', 'Apply correct grammar']::text[], 60, 2);

INSERT INTO public.lesson_conversations (lesson_id, title, scenario, role_user, role_ai, context, opening_line, vocabulary_hints, difficulty, order_index) VALUES
  ('65dcc620-94aa-4bcc-92a2-922c26d45aa6', 'Wiederholung: Fachsprache und Terminologie — Conversation 1', 'Practice a realistic conversation about wiederholung: fachsprache und terminologie in the context of Fachsprache und Terminologie.', 'Student', 'Teacher', 'You are a student at B2 level. Practice having a natural German conversation about this lesson''s topic.', 'Hallo! Lass uns über "Wiederholung: Fachsprache und Terminologie" sprechen. Bist du bereit?', ARRAY[]::text[], 'intermediate', 1);

INSERT INTO public.lesson_ai_challenges (lesson_id, title, question, scenario, expected_elements, tips, difficulty, order_index) VALUES
  ('65dcc620-94aa-4bcc-92a2-922c26d45aa6', 'Wiederholung: Fachsprache und Terminologie — Creative Application', 'Create a short dialogue or story using at least 10 vocabulary words and grammar structures from "Wiederholung: Fachsprache und Terminologie". The dialogue should be realistic and related to Fachsprache und Terminologie.', 'Creative practice for Wiederholung: Fachsprache und Terminologie', ARRAY['10+ vocabulary words from the lesson', 'Correct grammar application', 'Realistic and natural dialogue', 'Creative and original content']::text[], ARRAY['Review the lesson material first', 'Take your time to think', 'Be creative and original']::text[], 'easy', 1);

INSERT INTO public.lesson_reading (lesson_id, title, content, english_translation, arabic_translation, word_count, difficulty_rating, audio_url, source) VALUES
  ('65dcc620-94aa-4bcc-92a2-922c26d45aa6', 'Wiederholung: Fachsprache und Terminologie — Reading Practice', 'This is a B2-level reading passage about wiederholung: fachsprache und terminologie in the context of Fachsprache und Terminologie.

Wiederholung: Fachsprache und Terminologie is an important topic for German learners. In this lesson, you will learn key vocabulary and grammar structures that will help you communicate effectively in real-life situations.

The module "Fachsprache und Terminologie" provides a comprehensive introduction to this topic. By studying this material carefully and practicing regularly, you will build confidence in your German language skills.

Try to read the passage without translating every word. Focus on understanding the main ideas first. Then read again for details. Finally, practice reading aloud to improve your pronunciation.', NULL, NULL, 104, 1, NULL, 'DeutschMentor Curriculum');

INSERT INTO public.lesson_listening (lesson_id, title, transcript, english_translation, arabic_translation, audio_url, duration_seconds, speaker_count, scenario) VALUES
  ('65dcc620-94aa-4bcc-92a2-922c26d45aa6', 'Wiederholung: Fachsprache und Terminologie — Listening Exercise', '[Teacher]: Hallo! Willkommen zur Lektion "Wiederholung: Fachsprache und Terminologie" aus dem Modul "Fachsprache und Terminologie".

[Teacher]: Heute lernen wir wichtige Wörter und Sätze. Bitte hören Sie gut zu und wiederholen Sie.

[Student]: Ich bin bereit! Was lernen wir zuerst?

[Teacher]: Wir beginnen mit den Grundlagen. Wiederholen Sie bitte jedes Wort nach mir.

[Student]: Das ist eine gute Übung. Kann ich die Wörter auch in Sätzen hören?

[Teacher]: Natürlich! Ich zeige Ihnen Beispiele für jeden Satz. Dann üben wir zusammen.

[Student]: Perfekt! Vielen Dank für die Hilfe.

[Teacher]: Gern geschehen! Üben Sie zu Hause weiter. Viel Erfolg!', NULL, NULL, NULL, 120, 2, 'Fachsprache und Terminologie');

INSERT INTO public.lesson_expressions (lesson_id, german, english_translation, arabic_translation, usage_context, formality, is_idiom, literal_translation, order_index) VALUES
  ('c002e109-7daf-4f6b-ab6f-9b3ec3d169dd', 'Ich wiederhole die Vokabeln.', 'I review the vocabulary.', 'أراجع المفردات.', 'Used in Diskussion und Argumentation', 'neutral', false, NULL, 1),
  ('c002e109-7daf-4f6b-ab6f-9b3ec3d169dd', 'Kannst du das bitte wiederholen?', 'Can you please repeat that?', 'هل يمكنك تكرار ذلك من فضلك؟', 'Used in Diskussion und Argumentation', 'formal', false, NULL, 2),
  ('c002e109-7daf-4f6b-ab6f-9b3ec3d169dd', 'Ich habe alles verstanden.', 'I understood everything.', 'لقد فهمت كل شيء.', 'Used in Diskussion und Argumentation', 'neutral', false, NULL, 3),
  ('c002e109-7daf-4f6b-ab6f-9b3ec3d169dd', 'Das ist eine gute Übung.', 'That is a good exercise.', 'هذا تمرين جيد.', 'Used in Diskussion und Argumentation', 'neutral', false, NULL, 4),
  ('c002e109-7daf-4f6b-ab6f-9b3ec3d169dd', 'Noch einmal, bitte!', 'Once more, please!', 'مرة أخرى من فضلك!', 'Used in Diskussion und Argumentation', 'formal', false, NULL, 5);

INSERT INTO public.lesson_flashcards (lesson_id, front, back, hint, category, order_index) VALUES
  ('c002e109-7daf-4f6b-ab6f-9b3ec3d169dd', 'Guten Morgen', 'Good morning', 'Used before noon', 'expression', 1),
  ('c002e109-7daf-4f6b-ab6f-9b3ec3d169dd', 'Guten Abend', 'Good evening', 'Used after 6 PM', 'expression', 2),
  ('c002e109-7daf-4f6b-ab6f-9b3ec3d169dd', 'Tschüss', 'Bye (informal)', 'With friends', 'expression', 3),
  ('c002e109-7daf-4f6b-ab6f-9b3ec3d169dd', 'Auf Wiedersehen', 'Goodbye (formal)', 'Formal situations', 'expression', 4),
  ('c002e109-7daf-4f6b-ab6f-9b3ec3d169dd', 'Bis später', 'See you later', 'Soon again', 'expression', 5),
  ('c002e109-7daf-4f6b-ab6f-9b3ec3d169dd', 'Willkommen', 'Welcome', 'First meeting', 'expression', 6),
  ('c002e109-7daf-4f6b-ab6f-9b3ec3d169dd', 'Entschuldigung', 'Excuse me / Sorry', 'Apology or attention', 'expression', 7),
  ('c002e109-7daf-4f6b-ab6f-9b3ec3d169dd', 'Vielen Dank', 'Thank you very much', 'Gratitude', 'expression', 8);

INSERT INTO public.lesson_homework (lesson_id, title, description, homework_type, tasks, estimated_minutes, order_index) VALUES
  ('c002e109-7daf-4f6b-ab6f-9b3ec3d169dd', 'Homework: Wiederholung: Diskussion und Argumentation', 'Complete these tasks to reinforce "Wiederholung: Diskussion und Argumentation" (Diskussion und Argumentation).', 'vocabulary', '[{"description":"Review all vocabulary from \"Wiederholung: Diskussion und Argumentation\" — write each word with its article and plural form."},{"description":"Write 5 sentences using the key words from this lesson."},{"description":"Practice the dialogue aloud 3 times and record yourself."}]', 15, 1);

INSERT INTO public.lesson_reviews (lesson_id, summary, key_points, grammar_summary, vocabulary_focus, common_mistakes_summary, tips) VALUES
  ('c002e109-7daf-4f6b-ab6f-9b3ec3d169dd', 'In this lesson on "Wiederholung: Diskussion und Argumentation" (Diskussion und Argumentation), you learned key review concepts at B2 level. Regular practice will help reinforce your understanding and build fluency.', '["Mastered the core vocabulary and expressions of \"Wiederholung: Diskussion und Argumentation\"","Understood and practiced the grammar structures taught","Developed review skills through targeted exercises","Built confidence in using German in practical situations","Identified areas for further practice and improvement","Connected new knowledge with previously learned material"]', '[{"title":"Key Grammar Points","summary":"Review the grammar rules and structures from this lesson on \"Wiederholung: Diskussion und Argumentation\""}]', ARRAY['"Wiederholung: Diskussion und Argumentation" core vocabulary', 'Diskussion und Argumentation key terms']::text[], ARRAY['Pay attention to article gender (der/die/das)', 'Verb is always in second position in main clauses', 'Remember: German nouns are always capitalized']::text[], ARRAY['Practice 15-20 minutes daily for best results', 'Use new vocabulary in real sentences immediately', 'Speak out loud to improve pronunciation and fluency', 'Review previous lessons before starting new material']::text[]);

INSERT INTO public.lesson_speaking (lesson_id, title, prompt, scenario, tips, vocabulary_hints, min_duration_seconds, order_index) VALUES
  ('c002e109-7daf-4f6b-ab6f-9b3ec3d169dd', 'Wiederholung: Diskussion und Argumentation — Speaking 1', 'Practice the key vocabulary and phrases from "Wiederholung: Diskussion und Argumentation" aloud. Focus on correct pronunciation.', 'Speaking practice for Diskussion und Argumentation', ARRAY['Speak slowly and clearly', 'Use full sentences', 'Don''t worry about mistakes', 'Practice 3 times']::text[], ARRAY['Use this lesson''s vocabulary', 'Apply correct grammar']::text[], 30, 1);

INSERT INTO public.lesson_speaking (lesson_id, title, prompt, scenario, tips, vocabulary_hints, min_duration_seconds, order_index) VALUES
  ('c002e109-7daf-4f6b-ab6f-9b3ec3d169dd', 'Wiederholung: Diskussion und Argumentation — Speaking 2', 'Role-play: Imagine you are in a situation related to Diskussion und Argumentation. Have a dialogue with a partner.', 'Speaking practice for Diskussion und Argumentation', ARRAY['Speak slowly and clearly', 'Use full sentences', 'Don''t worry about mistakes', 'Practice 3 times']::text[], ARRAY['Use this lesson''s vocabulary', 'Apply correct grammar']::text[], 60, 2);

INSERT INTO public.lesson_conversations (lesson_id, title, scenario, role_user, role_ai, context, opening_line, vocabulary_hints, difficulty, order_index) VALUES
  ('c002e109-7daf-4f6b-ab6f-9b3ec3d169dd', 'Wiederholung: Diskussion und Argumentation — Conversation 1', 'Practice a realistic conversation about wiederholung: diskussion und argumentation in the context of Diskussion und Argumentation.', 'Student', 'Teacher', 'You are a student at B2 level. Practice having a natural German conversation about this lesson''s topic.', 'Hallo! Lass uns über "Wiederholung: Diskussion und Argumentation" sprechen. Bist du bereit?', ARRAY[]::text[], 'intermediate', 1);

INSERT INTO public.lesson_ai_challenges (lesson_id, title, question, scenario, expected_elements, tips, difficulty, order_index) VALUES
  ('c002e109-7daf-4f6b-ab6f-9b3ec3d169dd', 'Wiederholung: Diskussion und Argumentation — Creative Application', 'Create a short dialogue or story using at least 10 vocabulary words and grammar structures from "Wiederholung: Diskussion und Argumentation". The dialogue should be realistic and related to Diskussion und Argumentation.', 'Creative practice for Wiederholung: Diskussion und Argumentation', ARRAY['10+ vocabulary words from the lesson', 'Correct grammar application', 'Realistic and natural dialogue', 'Creative and original content']::text[], ARRAY['Review the lesson material first', 'Take your time to think', 'Be creative and original']::text[], 'easy', 1);

INSERT INTO public.lesson_reading (lesson_id, title, content, english_translation, arabic_translation, word_count, difficulty_rating, audio_url, source) VALUES
  ('c002e109-7daf-4f6b-ab6f-9b3ec3d169dd', 'Wiederholung: Diskussion und Argumentation — Reading Practice', 'This is a B2-level reading passage about wiederholung: diskussion und argumentation in the context of Diskussion und Argumentation.

Wiederholung: Diskussion und Argumentation is an important topic for German learners. In this lesson, you will learn key vocabulary and grammar structures that will help you communicate effectively in real-life situations.

The module "Diskussion und Argumentation" provides a comprehensive introduction to this topic. By studying this material carefully and practicing regularly, you will build confidence in your German language skills.

Try to read the passage without translating every word. Focus on understanding the main ideas first. Then read again for details. Finally, practice reading aloud to improve your pronunciation.', NULL, NULL, 104, 1, NULL, 'DeutschMentor Curriculum');

INSERT INTO public.lesson_listening (lesson_id, title, transcript, english_translation, arabic_translation, audio_url, duration_seconds, speaker_count, scenario) VALUES
  ('c002e109-7daf-4f6b-ab6f-9b3ec3d169dd', 'Wiederholung: Diskussion und Argumentation — Listening Exercise', '[Teacher]: Hallo! Willkommen zur Lektion "Wiederholung: Diskussion und Argumentation" aus dem Modul "Diskussion und Argumentation".

[Teacher]: Heute lernen wir wichtige Wörter und Sätze. Bitte hören Sie gut zu und wiederholen Sie.

[Student]: Ich bin bereit! Was lernen wir zuerst?

[Teacher]: Wir beginnen mit den Grundlagen. Wiederholen Sie bitte jedes Wort nach mir.

[Student]: Das ist eine gute Übung. Kann ich die Wörter auch in Sätzen hören?

[Teacher]: Natürlich! Ich zeige Ihnen Beispiele für jeden Satz. Dann üben wir zusammen.

[Student]: Perfekt! Vielen Dank für die Hilfe.

[Teacher]: Gern geschehen! Üben Sie zu Hause weiter. Viel Erfolg!', NULL, NULL, NULL, 120, 2, 'Diskussion und Argumentation');

INSERT INTO public.lesson_expressions (lesson_id, german, english_translation, arabic_translation, usage_context, formality, is_idiom, literal_translation, order_index) VALUES
  ('1e7afa4b-e49a-48d7-833a-fc117e2401c4', 'Ich wiederhole die Vokabeln.', 'I review the vocabulary.', 'أراجع المفردات.', 'Used in Präsentationen und Vorträge', 'neutral', false, NULL, 1),
  ('1e7afa4b-e49a-48d7-833a-fc117e2401c4', 'Kannst du das bitte wiederholen?', 'Can you please repeat that?', 'هل يمكنك تكرار ذلك من فضلك؟', 'Used in Präsentationen und Vorträge', 'formal', false, NULL, 2),
  ('1e7afa4b-e49a-48d7-833a-fc117e2401c4', 'Ich habe alles verstanden.', 'I understood everything.', 'لقد فهمت كل شيء.', 'Used in Präsentationen und Vorträge', 'neutral', false, NULL, 3),
  ('1e7afa4b-e49a-48d7-833a-fc117e2401c4', 'Das ist eine gute Übung.', 'That is a good exercise.', 'هذا تمرين جيد.', 'Used in Präsentationen und Vorträge', 'neutral', false, NULL, 4),
  ('1e7afa4b-e49a-48d7-833a-fc117e2401c4', 'Noch einmal, bitte!', 'Once more, please!', 'مرة أخرى من فضلك!', 'Used in Präsentationen und Vorträge', 'formal', false, NULL, 5);

INSERT INTO public.lesson_flashcards (lesson_id, front, back, hint, category, order_index) VALUES
  ('1e7afa4b-e49a-48d7-833a-fc117e2401c4', 'Guten Morgen', 'Good morning', 'Used before noon', 'expression', 1),
  ('1e7afa4b-e49a-48d7-833a-fc117e2401c4', 'Guten Abend', 'Good evening', 'Used after 6 PM', 'expression', 2),
  ('1e7afa4b-e49a-48d7-833a-fc117e2401c4', 'Tschüss', 'Bye (informal)', 'With friends', 'expression', 3),
  ('1e7afa4b-e49a-48d7-833a-fc117e2401c4', 'Auf Wiedersehen', 'Goodbye (formal)', 'Formal situations', 'expression', 4),
  ('1e7afa4b-e49a-48d7-833a-fc117e2401c4', 'Bis später', 'See you later', 'Soon again', 'expression', 5),
  ('1e7afa4b-e49a-48d7-833a-fc117e2401c4', 'Willkommen', 'Welcome', 'First meeting', 'expression', 6),
  ('1e7afa4b-e49a-48d7-833a-fc117e2401c4', 'Entschuldigung', 'Excuse me / Sorry', 'Apology or attention', 'expression', 7),
  ('1e7afa4b-e49a-48d7-833a-fc117e2401c4', 'Vielen Dank', 'Thank you very much', 'Gratitude', 'expression', 8);

INSERT INTO public.lesson_homework (lesson_id, title, description, homework_type, tasks, estimated_minutes, order_index) VALUES
  ('1e7afa4b-e49a-48d7-833a-fc117e2401c4', 'Homework: Wiederholung: Präsentationen und Vorträge', 'Complete these tasks to reinforce "Wiederholung: Präsentationen und Vorträge" (Präsentationen und Vorträge).', 'writing', '[{"description":"Review all vocabulary from \"Wiederholung: Präsentationen und Vorträge\" — write each word with its article and plural form."},{"description":"Write 5 sentences using the key words from this lesson."},{"description":"Practice the dialogue aloud 3 times and record yourself."}]', 20, 1);

INSERT INTO public.lesson_reviews (lesson_id, summary, key_points, grammar_summary, vocabulary_focus, common_mistakes_summary, tips) VALUES
  ('1e7afa4b-e49a-48d7-833a-fc117e2401c4', 'In this lesson on "Wiederholung: Präsentationen und Vorträge" (Präsentationen und Vorträge), you learned key review concepts at B2 level. Regular practice will help reinforce your understanding and build fluency.', '["Mastered the core vocabulary and expressions of \"Wiederholung: Präsentationen und Vorträge\"","Understood and practiced the grammar structures taught","Developed review skills through targeted exercises","Built confidence in using German in practical situations","Identified areas for further practice and improvement","Connected new knowledge with previously learned material"]', '[{"title":"Key Grammar Points","summary":"Review the grammar rules and structures from this lesson on \"Wiederholung: Präsentationen und Vorträge\""}]', ARRAY['"Wiederholung: Präsentationen und Vorträge" core vocabulary', 'Präsentationen und Vorträge key terms']::text[], ARRAY['Pay attention to article gender (der/die/das)', 'Verb is always in second position in main clauses', 'Remember: German nouns are always capitalized']::text[], ARRAY['Practice 15-20 minutes daily for best results', 'Use new vocabulary in real sentences immediately', 'Speak out loud to improve pronunciation and fluency', 'Review previous lessons before starting new material']::text[]);

INSERT INTO public.lesson_speaking (lesson_id, title, prompt, scenario, tips, vocabulary_hints, min_duration_seconds, order_index) VALUES
  ('1e7afa4b-e49a-48d7-833a-fc117e2401c4', 'Wiederholung: Präsentationen und Vorträge — Speaking 1', 'Practice the key vocabulary and phrases from "Wiederholung: Präsentationen und Vorträge" aloud. Focus on correct pronunciation.', 'Speaking practice for Präsentationen und Vorträge', ARRAY['Speak slowly and clearly', 'Use full sentences', 'Don''t worry about mistakes', 'Practice 3 times']::text[], ARRAY['Use this lesson''s vocabulary', 'Apply correct grammar']::text[], 30, 1);

INSERT INTO public.lesson_speaking (lesson_id, title, prompt, scenario, tips, vocabulary_hints, min_duration_seconds, order_index) VALUES
  ('1e7afa4b-e49a-48d7-833a-fc117e2401c4', 'Wiederholung: Präsentationen und Vorträge — Speaking 2', 'Role-play: Imagine you are in a situation related to Präsentationen und Vorträge. Have a dialogue with a partner.', 'Speaking practice for Präsentationen und Vorträge', ARRAY['Speak slowly and clearly', 'Use full sentences', 'Don''t worry about mistakes', 'Practice 3 times']::text[], ARRAY['Use this lesson''s vocabulary', 'Apply correct grammar']::text[], 60, 2);

INSERT INTO public.lesson_conversations (lesson_id, title, scenario, role_user, role_ai, context, opening_line, vocabulary_hints, difficulty, order_index) VALUES
  ('1e7afa4b-e49a-48d7-833a-fc117e2401c4', 'Wiederholung: Präsentationen und Vorträge — Conversation 1', 'Practice a realistic conversation about wiederholung: präsentationen und vorträge in the context of Präsentationen und Vorträge.', 'Student', 'Teacher', 'You are a student at B2 level. Practice having a natural German conversation about this lesson''s topic.', 'Hallo! Lass uns über "Wiederholung: Präsentationen und Vorträge" sprechen. Bist du bereit?', ARRAY[]::text[], 'intermediate', 1);

INSERT INTO public.lesson_ai_challenges (lesson_id, title, question, scenario, expected_elements, tips, difficulty, order_index) VALUES
  ('1e7afa4b-e49a-48d7-833a-fc117e2401c4', 'Wiederholung: Präsentationen und Vorträge — Creative Application', 'Create a short dialogue or story using at least 10 vocabulary words and grammar structures from "Wiederholung: Präsentationen und Vorträge". The dialogue should be realistic and related to Präsentationen und Vorträge.', 'Creative practice for Wiederholung: Präsentationen und Vorträge', ARRAY['10+ vocabulary words from the lesson', 'Correct grammar application', 'Realistic and natural dialogue', 'Creative and original content']::text[], ARRAY['Review the lesson material first', 'Take your time to think', 'Be creative and original']::text[], 'easy', 1);

INSERT INTO public.lesson_reading (lesson_id, title, content, english_translation, arabic_translation, word_count, difficulty_rating, audio_url, source) VALUES
  ('1e7afa4b-e49a-48d7-833a-fc117e2401c4', 'Wiederholung: Präsentationen und Vorträge — Reading Practice', 'This is a B2-level reading passage about wiederholung: präsentationen und vorträge in the context of Präsentationen und Vorträge.

Wiederholung: Präsentationen und Vorträge is an important topic for German learners. In this lesson, you will learn key vocabulary and grammar structures that will help you communicate effectively in real-life situations.

The module "Präsentationen und Vorträge" provides a comprehensive introduction to this topic. By studying this material carefully and practicing regularly, you will build confidence in your German language skills.

Try to read the passage without translating every word. Focus on understanding the main ideas first. Then read again for details. Finally, practice reading aloud to improve your pronunciation.', NULL, NULL, 104, 1, NULL, 'DeutschMentor Curriculum');

INSERT INTO public.lesson_listening (lesson_id, title, transcript, english_translation, arabic_translation, audio_url, duration_seconds, speaker_count, scenario) VALUES
  ('1e7afa4b-e49a-48d7-833a-fc117e2401c4', 'Wiederholung: Präsentationen und Vorträge — Listening Exercise', '[Teacher]: Hallo! Willkommen zur Lektion "Wiederholung: Präsentationen und Vorträge" aus dem Modul "Präsentationen und Vorträge".

[Teacher]: Heute lernen wir wichtige Wörter und Sätze. Bitte hören Sie gut zu und wiederholen Sie.

[Student]: Ich bin bereit! Was lernen wir zuerst?

[Teacher]: Wir beginnen mit den Grundlagen. Wiederholen Sie bitte jedes Wort nach mir.

[Student]: Das ist eine gute Übung. Kann ich die Wörter auch in Sätzen hören?

[Teacher]: Natürlich! Ich zeige Ihnen Beispiele für jeden Satz. Dann üben wir zusammen.

[Student]: Perfekt! Vielen Dank für die Hilfe.

[Teacher]: Gern geschehen! Üben Sie zu Hause weiter. Viel Erfolg!', NULL, NULL, NULL, 120, 2, 'Präsentationen und Vorträge');

INSERT INTO public.lesson_expressions (lesson_id, german, english_translation, arabic_translation, usage_context, formality, is_idiom, literal_translation, order_index) VALUES
  ('8beb8ba5-c36f-414d-8dbd-5d0d09042d97', 'Ich wiederhole die Vokabeln.', 'I review the vocabulary.', 'أراجع المفردات.', 'Used in Fachsprache und Terminologie', 'neutral', false, NULL, 1),
  ('8beb8ba5-c36f-414d-8dbd-5d0d09042d97', 'Kannst du das bitte wiederholen?', 'Can you please repeat that?', 'هل يمكنك تكرار ذلك من فضلك؟', 'Used in Fachsprache und Terminologie', 'formal', false, NULL, 2),
  ('8beb8ba5-c36f-414d-8dbd-5d0d09042d97', 'Ich habe alles verstanden.', 'I understood everything.', 'لقد فهمت كل شيء.', 'Used in Fachsprache und Terminologie', 'neutral', false, NULL, 3),
  ('8beb8ba5-c36f-414d-8dbd-5d0d09042d97', 'Das ist eine gute Übung.', 'That is a good exercise.', 'هذا تمرين جيد.', 'Used in Fachsprache und Terminologie', 'neutral', false, NULL, 4),
  ('8beb8ba5-c36f-414d-8dbd-5d0d09042d97', 'Noch einmal, bitte!', 'Once more, please!', 'مرة أخرى من فضلك!', 'Used in Fachsprache und Terminologie', 'formal', false, NULL, 5);

INSERT INTO public.lesson_flashcards (lesson_id, front, back, hint, category, order_index) VALUES
  ('8beb8ba5-c36f-414d-8dbd-5d0d09042d97', 'Guten Morgen', 'Good morning', 'Used before noon', 'expression', 1),
  ('8beb8ba5-c36f-414d-8dbd-5d0d09042d97', 'Guten Abend', 'Good evening', 'Used after 6 PM', 'expression', 2),
  ('8beb8ba5-c36f-414d-8dbd-5d0d09042d97', 'Tschüss', 'Bye (informal)', 'With friends', 'expression', 3),
  ('8beb8ba5-c36f-414d-8dbd-5d0d09042d97', 'Auf Wiedersehen', 'Goodbye (formal)', 'Formal situations', 'expression', 4),
  ('8beb8ba5-c36f-414d-8dbd-5d0d09042d97', 'Bis später', 'See you later', 'Soon again', 'expression', 5),
  ('8beb8ba5-c36f-414d-8dbd-5d0d09042d97', 'Willkommen', 'Welcome', 'First meeting', 'expression', 6),
  ('8beb8ba5-c36f-414d-8dbd-5d0d09042d97', 'Entschuldigung', 'Excuse me / Sorry', 'Apology or attention', 'expression', 7),
  ('8beb8ba5-c36f-414d-8dbd-5d0d09042d97', 'Vielen Dank', 'Thank you very much', 'Gratitude', 'expression', 8);

INSERT INTO public.lesson_homework (lesson_id, title, description, homework_type, tasks, estimated_minutes, order_index) VALUES
  ('8beb8ba5-c36f-414d-8dbd-5d0d09042d97', 'Homework: Wiederholung: Fachsprache und Terminologie', 'Complete these tasks to reinforce "Wiederholung: Fachsprache und Terminologie" (Fachsprache und Terminologie).', 'speaking', '[{"description":"Review all vocabulary from \"Wiederholung: Fachsprache und Terminologie\" — write each word with its article and plural form."},{"description":"Write 5 sentences using the key words from this lesson."},{"description":"Practice the dialogue aloud 3 times and record yourself."}]', 25, 1);

INSERT INTO public.lesson_reviews (lesson_id, summary, key_points, grammar_summary, vocabulary_focus, common_mistakes_summary, tips) VALUES
  ('8beb8ba5-c36f-414d-8dbd-5d0d09042d97', 'In this lesson on "Wiederholung: Fachsprache und Terminologie" (Fachsprache und Terminologie), you learned key review concepts at B2 level. Regular practice will help reinforce your understanding and build fluency.', '["Mastered the core vocabulary and expressions of \"Wiederholung: Fachsprache und Terminologie\"","Understood and practiced the grammar structures taught","Developed review skills through targeted exercises","Built confidence in using German in practical situations","Identified areas for further practice and improvement","Connected new knowledge with previously learned material"]', '[{"title":"Key Grammar Points","summary":"Review the grammar rules and structures from this lesson on \"Wiederholung: Fachsprache und Terminologie\""}]', ARRAY['"Wiederholung: Fachsprache und Terminologie" core vocabulary', 'Fachsprache und Terminologie key terms']::text[], ARRAY['Pay attention to article gender (der/die/das)', 'Verb is always in second position in main clauses', 'Remember: German nouns are always capitalized']::text[], ARRAY['Practice 15-20 minutes daily for best results', 'Use new vocabulary in real sentences immediately', 'Speak out loud to improve pronunciation and fluency', 'Review previous lessons before starting new material']::text[]);

INSERT INTO public.lesson_speaking (lesson_id, title, prompt, scenario, tips, vocabulary_hints, min_duration_seconds, order_index) VALUES
  ('8beb8ba5-c36f-414d-8dbd-5d0d09042d97', 'Wiederholung: Fachsprache und Terminologie — Speaking 1', 'Practice the key vocabulary and phrases from "Wiederholung: Fachsprache und Terminologie" aloud. Focus on correct pronunciation.', 'Speaking practice for Fachsprache und Terminologie', ARRAY['Speak slowly and clearly', 'Use full sentences', 'Don''t worry about mistakes', 'Practice 3 times']::text[], ARRAY['Use this lesson''s vocabulary', 'Apply correct grammar']::text[], 30, 1);

INSERT INTO public.lesson_speaking (lesson_id, title, prompt, scenario, tips, vocabulary_hints, min_duration_seconds, order_index) VALUES
  ('8beb8ba5-c36f-414d-8dbd-5d0d09042d97', 'Wiederholung: Fachsprache und Terminologie — Speaking 2', 'Role-play: Imagine you are in a situation related to Fachsprache und Terminologie. Have a dialogue with a partner.', 'Speaking practice for Fachsprache und Terminologie', ARRAY['Speak slowly and clearly', 'Use full sentences', 'Don''t worry about mistakes', 'Practice 3 times']::text[], ARRAY['Use this lesson''s vocabulary', 'Apply correct grammar']::text[], 60, 2);

INSERT INTO public.lesson_conversations (lesson_id, title, scenario, role_user, role_ai, context, opening_line, vocabulary_hints, difficulty, order_index) VALUES
  ('8beb8ba5-c36f-414d-8dbd-5d0d09042d97', 'Wiederholung: Fachsprache und Terminologie — Conversation 1', 'Practice a realistic conversation about wiederholung: fachsprache und terminologie in the context of Fachsprache und Terminologie.', 'Student', 'Teacher', 'You are a student at B2 level. Practice having a natural German conversation about this lesson''s topic.', 'Hallo! Lass uns über "Wiederholung: Fachsprache und Terminologie" sprechen. Bist du bereit?', ARRAY[]::text[], 'intermediate', 1);

INSERT INTO public.lesson_ai_challenges (lesson_id, title, question, scenario, expected_elements, tips, difficulty, order_index) VALUES
  ('8beb8ba5-c36f-414d-8dbd-5d0d09042d97', 'Wiederholung: Fachsprache und Terminologie — Creative Application', 'Create a short dialogue or story using at least 10 vocabulary words and grammar structures from "Wiederholung: Fachsprache und Terminologie". The dialogue should be realistic and related to Fachsprache und Terminologie.', 'Creative practice for Wiederholung: Fachsprache und Terminologie', ARRAY['10+ vocabulary words from the lesson', 'Correct grammar application', 'Realistic and natural dialogue', 'Creative and original content']::text[], ARRAY['Review the lesson material first', 'Take your time to think', 'Be creative and original']::text[], 'easy', 1);

INSERT INTO public.lesson_reading (lesson_id, title, content, english_translation, arabic_translation, word_count, difficulty_rating, audio_url, source) VALUES
  ('8beb8ba5-c36f-414d-8dbd-5d0d09042d97', 'Wiederholung: Fachsprache und Terminologie — Reading Practice', 'This is a B2-level reading passage about wiederholung: fachsprache und terminologie in the context of Fachsprache und Terminologie.

Wiederholung: Fachsprache und Terminologie is an important topic for German learners. In this lesson, you will learn key vocabulary and grammar structures that will help you communicate effectively in real-life situations.

The module "Fachsprache und Terminologie" provides a comprehensive introduction to this topic. By studying this material carefully and practicing regularly, you will build confidence in your German language skills.

Try to read the passage without translating every word. Focus on understanding the main ideas first. Then read again for details. Finally, practice reading aloud to improve your pronunciation.', NULL, NULL, 104, 1, NULL, 'DeutschMentor Curriculum');

INSERT INTO public.lesson_listening (lesson_id, title, transcript, english_translation, arabic_translation, audio_url, duration_seconds, speaker_count, scenario) VALUES
  ('8beb8ba5-c36f-414d-8dbd-5d0d09042d97', 'Wiederholung: Fachsprache und Terminologie — Listening Exercise', '[Teacher]: Hallo! Willkommen zur Lektion "Wiederholung: Fachsprache und Terminologie" aus dem Modul "Fachsprache und Terminologie".

[Teacher]: Heute lernen wir wichtige Wörter und Sätze. Bitte hören Sie gut zu und wiederholen Sie.

[Student]: Ich bin bereit! Was lernen wir zuerst?

[Teacher]: Wir beginnen mit den Grundlagen. Wiederholen Sie bitte jedes Wort nach mir.

[Student]: Das ist eine gute Übung. Kann ich die Wörter auch in Sätzen hören?

[Teacher]: Natürlich! Ich zeige Ihnen Beispiele für jeden Satz. Dann üben wir zusammen.

[Student]: Perfekt! Vielen Dank für die Hilfe.

[Teacher]: Gern geschehen! Üben Sie zu Hause weiter. Viel Erfolg!', NULL, NULL, NULL, 120, 2, 'Fachsprache und Terminologie');

INSERT INTO public.lesson_expressions (lesson_id, german, english_translation, arabic_translation, usage_context, formality, is_idiom, literal_translation, order_index) VALUES
  ('87e3ab65-fdbc-4c3d-8229-0ac9d37a3f03', 'Was sind Sie von Beruf?', 'What do you do for a living?', 'ما هي مهنتك؟', 'Used in Berufliche Kommunikation', 'formal', false, NULL, 1),
  ('87e3ab65-fdbc-4c3d-8229-0ac9d37a3f03', 'Ich arbeite als Ingenieur.', 'I work as an engineer.', 'أعمل كمهندس.', 'Used in Berufliche Kommunikation', 'neutral', false, NULL, 2),
  ('87e3ab65-fdbc-4c3d-8229-0ac9d37a3f03', 'Wo arbeiten Sie?', 'Where do you work?', 'أين تعمل؟', 'Used in Berufliche Kommunikation', 'formal', false, NULL, 3),
  ('87e3ab65-fdbc-4c3d-8229-0ac9d37a3f03', 'Ich bin selbstständig.', 'I am self-employed.', 'أنا مستقل.', 'Used in Berufliche Kommunikation', 'neutral', false, NULL, 4),
  ('87e3ab65-fdbc-4c3d-8229-0ac9d37a3f03', 'Ich bin Angestellte bei einer Firma.', 'I am an employee at a company.', 'أنا موظفة في شركة.', 'Used in Berufliche Kommunikation', 'neutral', false, NULL, 5),
  ('87e3ab65-fdbc-4c3d-8229-0ac9d37a3f03', 'Mein Büro ist im Zentrum.', 'My office is in the center.', 'مكتبي في المركز.', 'Used in Berufliche Kommunikation', 'neutral', false, NULL, 6),
  ('87e3ab65-fdbc-4c3d-8229-0ac9d37a3f03', 'Ich arbeite von 9 bis 17 Uhr.', 'I work from 9 to 5.', 'أعمل من 9 إلى 5.', 'Used in Berufliche Kommunikation', 'neutral', false, NULL, 7);

INSERT INTO public.lesson_flashcards (lesson_id, front, back, hint, category, order_index) VALUES
  ('87e3ab65-fdbc-4c3d-8229-0ac9d37a3f03', 'der Beruf', 'profession', 'Job title', 'vocabulary', 1),
  ('87e3ab65-fdbc-4c3d-8229-0ac9d37a3f03', 'die Arbeit', 'work', 'What you do', 'vocabulary', 2),
  ('87e3ab65-fdbc-4c3d-8229-0ac9d37a3f03', 'das Büro', 'office', 'Where you work', 'vocabulary', 3),
  ('87e3ab65-fdbc-4c3d-8229-0ac9d37a3f03', 'der Chef', 'boss', 'Your supervisor', 'vocabulary', 4),
  ('87e3ab65-fdbc-4c3d-8229-0ac9d37a3f03', 'die Firma', 'company', 'Business', 'vocabulary', 5),
  ('87e3ab65-fdbc-4c3d-8229-0ac9d37a3f03', 'der Kollege', 'colleague', 'Work together', 'vocabulary', 6),
  ('87e3ab65-fdbc-4c3d-8229-0ac9d37a3f03', 'das Gehalt', 'salary', 'Monthly payment', 'vocabulary', 7),
  ('87e3ab65-fdbc-4c3d-8229-0ac9d37a3f03', 'die Bewerbung', 'application', 'For a job', 'vocabulary', 8);

INSERT INTO public.lesson_homework (lesson_id, title, description, homework_type, tasks, estimated_minutes, order_index) VALUES
  ('87e3ab65-fdbc-4c3d-8229-0ac9d37a3f03', 'Homework: Wiederholung: Berufliche Kommunikation', 'Complete these tasks to reinforce "Wiederholung: Berufliche Kommunikation" (Berufliche Kommunikation).', 'reading', '[{"description":"Review all vocabulary from \"Wiederholung: Berufliche Kommunikation\" — write each word with its article and plural form."},{"description":"Write 5 sentences using the key words from this lesson."},{"description":"Practice the dialogue aloud 3 times and record yourself."}]', 15, 1);

INSERT INTO public.lesson_reviews (lesson_id, summary, key_points, grammar_summary, vocabulary_focus, common_mistakes_summary, tips) VALUES
  ('87e3ab65-fdbc-4c3d-8229-0ac9d37a3f03', 'In this lesson on "Wiederholung: Berufliche Kommunikation" (Berufliche Kommunikation), you learned key review concepts at B2 level. Regular practice will help reinforce your understanding and build fluency.', '["Mastered the core vocabulary and expressions of \"Wiederholung: Berufliche Kommunikation\"","Understood and practiced the grammar structures taught","Developed review skills through targeted exercises","Built confidence in using German in practical situations","Identified areas for further practice and improvement","Connected new knowledge with previously learned material"]', '[{"title":"Key Grammar Points","summary":"Review the grammar rules and structures from this lesson on \"Wiederholung: Berufliche Kommunikation\""}]', ARRAY['"Wiederholung: Berufliche Kommunikation" core vocabulary', 'Berufliche Kommunikation key terms']::text[], ARRAY['Pay attention to article gender (der/die/das)', 'Verb is always in second position in main clauses', 'Remember: German nouns are always capitalized']::text[], ARRAY['Practice 15-20 minutes daily for best results', 'Use new vocabulary in real sentences immediately', 'Speak out loud to improve pronunciation and fluency', 'Review previous lessons before starting new material']::text[]);

INSERT INTO public.lesson_speaking (lesson_id, title, prompt, scenario, tips, vocabulary_hints, min_duration_seconds, order_index) VALUES
  ('87e3ab65-fdbc-4c3d-8229-0ac9d37a3f03', 'Wiederholung: Berufliche Kommunikation — Speaking 1', 'Practice the key vocabulary and phrases from "Wiederholung: Berufliche Kommunikation" aloud. Focus on correct pronunciation.', 'Speaking practice for Berufliche Kommunikation', ARRAY['Speak slowly and clearly', 'Use full sentences', 'Don''t worry about mistakes', 'Practice 3 times']::text[], ARRAY['Use this lesson''s vocabulary', 'Apply correct grammar']::text[], 30, 1);

INSERT INTO public.lesson_speaking (lesson_id, title, prompt, scenario, tips, vocabulary_hints, min_duration_seconds, order_index) VALUES
  ('87e3ab65-fdbc-4c3d-8229-0ac9d37a3f03', 'Wiederholung: Berufliche Kommunikation — Speaking 2', 'Role-play: Imagine you are in a situation related to Berufliche Kommunikation. Have a dialogue with a partner.', 'Speaking practice for Berufliche Kommunikation', ARRAY['Speak slowly and clearly', 'Use full sentences', 'Don''t worry about mistakes', 'Practice 3 times']::text[], ARRAY['Use this lesson''s vocabulary', 'Apply correct grammar']::text[], 60, 2);

INSERT INTO public.lesson_conversations (lesson_id, title, scenario, role_user, role_ai, context, opening_line, vocabulary_hints, difficulty, order_index) VALUES
  ('87e3ab65-fdbc-4c3d-8229-0ac9d37a3f03', 'Wiederholung: Berufliche Kommunikation — Conversation 1', 'Practice a realistic conversation about wiederholung: berufliche kommunikation in the context of Berufliche Kommunikation.', 'Student', 'Teacher', 'You are a student at B2 level. Practice having a natural German conversation about this lesson''s topic.', 'Hallo! Lass uns über "Wiederholung: Berufliche Kommunikation" sprechen. Bist du bereit?', ARRAY[]::text[], 'intermediate', 1);

INSERT INTO public.lesson_ai_challenges (lesson_id, title, question, scenario, expected_elements, tips, difficulty, order_index) VALUES
  ('87e3ab65-fdbc-4c3d-8229-0ac9d37a3f03', 'Wiederholung: Berufliche Kommunikation — Creative Application', 'Create a short dialogue or story using at least 10 vocabulary words and grammar structures from "Wiederholung: Berufliche Kommunikation". The dialogue should be realistic and related to Berufliche Kommunikation.', 'Creative practice for Wiederholung: Berufliche Kommunikation', ARRAY['10+ vocabulary words from the lesson', 'Correct grammar application', 'Realistic and natural dialogue', 'Creative and original content']::text[], ARRAY['Review the lesson material first', 'Take your time to think', 'Be creative and original']::text[], 'easy', 1);

INSERT INTO public.lesson_reading (lesson_id, title, content, english_translation, arabic_translation, word_count, difficulty_rating, audio_url, source) VALUES
  ('87e3ab65-fdbc-4c3d-8229-0ac9d37a3f03', 'Wiederholung: Berufliche Kommunikation — Reading Practice', 'This is a B2-level reading passage about wiederholung: berufliche kommunikation in the context of Berufliche Kommunikation.

Wiederholung: Berufliche Kommunikation is an important topic for German learners. In this lesson, you will learn key vocabulary and grammar structures that will help you communicate effectively in real-life situations.

The module "Berufliche Kommunikation" provides a comprehensive introduction to this topic. By studying this material carefully and practicing regularly, you will build confidence in your German language skills.

Try to read the passage without translating every word. Focus on understanding the main ideas first. Then read again for details. Finally, practice reading aloud to improve your pronunciation.', NULL, NULL, 100, 1, NULL, 'DeutschMentor Curriculum');

INSERT INTO public.lesson_listening (lesson_id, title, transcript, english_translation, arabic_translation, audio_url, duration_seconds, speaker_count, scenario) VALUES
  ('87e3ab65-fdbc-4c3d-8229-0ac9d37a3f03', 'Wiederholung: Berufliche Kommunikation — Listening Exercise', '[Teacher]: Hallo! Willkommen zur Lektion "Wiederholung: Berufliche Kommunikation" aus dem Modul "Berufliche Kommunikation".

[Teacher]: Heute lernen wir wichtige Wörter und Sätze. Bitte hören Sie gut zu und wiederholen Sie.

[Student]: Ich bin bereit! Was lernen wir zuerst?

[Teacher]: Wir beginnen mit den Grundlagen. Wiederholen Sie bitte jedes Wort nach mir.

[Student]: Das ist eine gute Übung. Kann ich die Wörter auch in Sätzen hören?

[Teacher]: Natürlich! Ich zeige Ihnen Beispiele für jeden Satz. Dann üben wir zusammen.

[Student]: Perfekt! Vielen Dank für die Hilfe.

[Teacher]: Gern geschehen! Üben Sie zu Hause weiter. Viel Erfolg!', NULL, NULL, NULL, 120, 2, 'Berufliche Kommunikation');

INSERT INTO public.lesson_expressions (lesson_id, german, english_translation, arabic_translation, usage_context, formality, is_idiom, literal_translation, order_index) VALUES
  ('e2a1d1e6-005e-43bf-917a-4a362959764b', 'Ich wiederhole die Vokabeln.', 'I review the vocabulary.', 'أراجع المفردات.', 'Used in Diskussion und Argumentation', 'neutral', false, NULL, 1),
  ('e2a1d1e6-005e-43bf-917a-4a362959764b', 'Kannst du das bitte wiederholen?', 'Can you please repeat that?', 'هل يمكنك تكرار ذلك من فضلك؟', 'Used in Diskussion und Argumentation', 'formal', false, NULL, 2),
  ('e2a1d1e6-005e-43bf-917a-4a362959764b', 'Ich habe alles verstanden.', 'I understood everything.', 'لقد فهمت كل شيء.', 'Used in Diskussion und Argumentation', 'neutral', false, NULL, 3),
  ('e2a1d1e6-005e-43bf-917a-4a362959764b', 'Das ist eine gute Übung.', 'That is a good exercise.', 'هذا تمرين جيد.', 'Used in Diskussion und Argumentation', 'neutral', false, NULL, 4),
  ('e2a1d1e6-005e-43bf-917a-4a362959764b', 'Noch einmal, bitte!', 'Once more, please!', 'مرة أخرى من فضلك!', 'Used in Diskussion und Argumentation', 'formal', false, NULL, 5);

INSERT INTO public.lesson_flashcards (lesson_id, front, back, hint, category, order_index) VALUES
  ('e2a1d1e6-005e-43bf-917a-4a362959764b', 'Guten Morgen', 'Good morning', 'Used before noon', 'expression', 1),
  ('e2a1d1e6-005e-43bf-917a-4a362959764b', 'Guten Abend', 'Good evening', 'Used after 6 PM', 'expression', 2),
  ('e2a1d1e6-005e-43bf-917a-4a362959764b', 'Tschüss', 'Bye (informal)', 'With friends', 'expression', 3),
  ('e2a1d1e6-005e-43bf-917a-4a362959764b', 'Auf Wiedersehen', 'Goodbye (formal)', 'Formal situations', 'expression', 4),
  ('e2a1d1e6-005e-43bf-917a-4a362959764b', 'Bis später', 'See you later', 'Soon again', 'expression', 5),
  ('e2a1d1e6-005e-43bf-917a-4a362959764b', 'Willkommen', 'Welcome', 'First meeting', 'expression', 6),
  ('e2a1d1e6-005e-43bf-917a-4a362959764b', 'Entschuldigung', 'Excuse me / Sorry', 'Apology or attention', 'expression', 7),
  ('e2a1d1e6-005e-43bf-917a-4a362959764b', 'Vielen Dank', 'Thank you very much', 'Gratitude', 'expression', 8);

INSERT INTO public.lesson_homework (lesson_id, title, description, homework_type, tasks, estimated_minutes, order_index) VALUES
  ('e2a1d1e6-005e-43bf-917a-4a362959764b', 'Homework: Wiederholung: Diskussion und Argumentation', 'Complete these tasks to reinforce "Wiederholung: Diskussion und Argumentation" (Diskussion und Argumentation).', 'grammar', '[{"description":"Review all vocabulary from \"Wiederholung: Diskussion und Argumentation\" — write each word with its article and plural form."},{"description":"Write 5 sentences using the key words from this lesson."},{"description":"Practice the dialogue aloud 3 times and record yourself."}]', 20, 1);

INSERT INTO public.lesson_reviews (lesson_id, summary, key_points, grammar_summary, vocabulary_focus, common_mistakes_summary, tips) VALUES
  ('e2a1d1e6-005e-43bf-917a-4a362959764b', 'In this lesson on "Wiederholung: Diskussion und Argumentation" (Diskussion und Argumentation), you learned key review concepts at B2 level. Regular practice will help reinforce your understanding and build fluency.', '["Mastered the core vocabulary and expressions of \"Wiederholung: Diskussion und Argumentation\"","Understood and practiced the grammar structures taught","Developed review skills through targeted exercises","Built confidence in using German in practical situations","Identified areas for further practice and improvement","Connected new knowledge with previously learned material"]', '[{"title":"Key Grammar Points","summary":"Review the grammar rules and structures from this lesson on \"Wiederholung: Diskussion und Argumentation\""}]', ARRAY['"Wiederholung: Diskussion und Argumentation" core vocabulary', 'Diskussion und Argumentation key terms']::text[], ARRAY['Pay attention to article gender (der/die/das)', 'Verb is always in second position in main clauses', 'Remember: German nouns are always capitalized']::text[], ARRAY['Practice 15-20 minutes daily for best results', 'Use new vocabulary in real sentences immediately', 'Speak out loud to improve pronunciation and fluency', 'Review previous lessons before starting new material']::text[]);

INSERT INTO public.lesson_speaking (lesson_id, title, prompt, scenario, tips, vocabulary_hints, min_duration_seconds, order_index) VALUES
  ('e2a1d1e6-005e-43bf-917a-4a362959764b', 'Wiederholung: Diskussion und Argumentation — Speaking 1', 'Practice the key vocabulary and phrases from "Wiederholung: Diskussion und Argumentation" aloud. Focus on correct pronunciation.', 'Speaking practice for Diskussion und Argumentation', ARRAY['Speak slowly and clearly', 'Use full sentences', 'Don''t worry about mistakes', 'Practice 3 times']::text[], ARRAY['Use this lesson''s vocabulary', 'Apply correct grammar']::text[], 30, 1);

INSERT INTO public.lesson_speaking (lesson_id, title, prompt, scenario, tips, vocabulary_hints, min_duration_seconds, order_index) VALUES
  ('e2a1d1e6-005e-43bf-917a-4a362959764b', 'Wiederholung: Diskussion und Argumentation — Speaking 2', 'Role-play: Imagine you are in a situation related to Diskussion und Argumentation. Have a dialogue with a partner.', 'Speaking practice for Diskussion und Argumentation', ARRAY['Speak slowly and clearly', 'Use full sentences', 'Don''t worry about mistakes', 'Practice 3 times']::text[], ARRAY['Use this lesson''s vocabulary', 'Apply correct grammar']::text[], 60, 2);

INSERT INTO public.lesson_conversations (lesson_id, title, scenario, role_user, role_ai, context, opening_line, vocabulary_hints, difficulty, order_index) VALUES
  ('e2a1d1e6-005e-43bf-917a-4a362959764b', 'Wiederholung: Diskussion und Argumentation — Conversation 1', 'Practice a realistic conversation about wiederholung: diskussion und argumentation in the context of Diskussion und Argumentation.', 'Student', 'Teacher', 'You are a student at B2 level. Practice having a natural German conversation about this lesson''s topic.', 'Hallo! Lass uns über "Wiederholung: Diskussion und Argumentation" sprechen. Bist du bereit?', ARRAY[]::text[], 'intermediate', 1);

INSERT INTO public.lesson_ai_challenges (lesson_id, title, question, scenario, expected_elements, tips, difficulty, order_index) VALUES
  ('e2a1d1e6-005e-43bf-917a-4a362959764b', 'Wiederholung: Diskussion und Argumentation — Creative Application', 'Create a short dialogue or story using at least 10 vocabulary words and grammar structures from "Wiederholung: Diskussion und Argumentation". The dialogue should be realistic and related to Diskussion und Argumentation.', 'Creative practice for Wiederholung: Diskussion und Argumentation', ARRAY['10+ vocabulary words from the lesson', 'Correct grammar application', 'Realistic and natural dialogue', 'Creative and original content']::text[], ARRAY['Review the lesson material first', 'Take your time to think', 'Be creative and original']::text[], 'easy', 1);

INSERT INTO public.lesson_reading (lesson_id, title, content, english_translation, arabic_translation, word_count, difficulty_rating, audio_url, source) VALUES
  ('e2a1d1e6-005e-43bf-917a-4a362959764b', 'Wiederholung: Diskussion und Argumentation — Reading Practice', 'This is a B2-level reading passage about wiederholung: diskussion und argumentation in the context of Diskussion und Argumentation.

Wiederholung: Diskussion und Argumentation is an important topic for German learners. In this lesson, you will learn key vocabulary and grammar structures that will help you communicate effectively in real-life situations.

The module "Diskussion und Argumentation" provides a comprehensive introduction to this topic. By studying this material carefully and practicing regularly, you will build confidence in your German language skills.

Try to read the passage without translating every word. Focus on understanding the main ideas first. Then read again for details. Finally, practice reading aloud to improve your pronunciation.', NULL, NULL, 104, 1, NULL, 'DeutschMentor Curriculum');

INSERT INTO public.lesson_listening (lesson_id, title, transcript, english_translation, arabic_translation, audio_url, duration_seconds, speaker_count, scenario) VALUES
  ('e2a1d1e6-005e-43bf-917a-4a362959764b', 'Wiederholung: Diskussion und Argumentation — Listening Exercise', '[Teacher]: Hallo! Willkommen zur Lektion "Wiederholung: Diskussion und Argumentation" aus dem Modul "Diskussion und Argumentation".

[Teacher]: Heute lernen wir wichtige Wörter und Sätze. Bitte hören Sie gut zu und wiederholen Sie.

[Student]: Ich bin bereit! Was lernen wir zuerst?

[Teacher]: Wir beginnen mit den Grundlagen. Wiederholen Sie bitte jedes Wort nach mir.

[Student]: Das ist eine gute Übung. Kann ich die Wörter auch in Sätzen hören?

[Teacher]: Natürlich! Ich zeige Ihnen Beispiele für jeden Satz. Dann üben wir zusammen.

[Student]: Perfekt! Vielen Dank für die Hilfe.

[Teacher]: Gern geschehen! Üben Sie zu Hause weiter. Viel Erfolg!', NULL, NULL, NULL, 120, 2, 'Diskussion und Argumentation');

INSERT INTO public.lesson_expressions (lesson_id, german, english_translation, arabic_translation, usage_context, formality, is_idiom, literal_translation, order_index) VALUES
  ('eb0a1c12-f65a-4fb6-9890-32e4c82da2ba', 'Ich wiederhole die Vokabeln.', 'I review the vocabulary.', 'أراجع المفردات.', 'Used in Wirtschaft und Politik', 'neutral', false, NULL, 1),
  ('eb0a1c12-f65a-4fb6-9890-32e4c82da2ba', 'Kannst du das bitte wiederholen?', 'Can you please repeat that?', 'هل يمكنك تكرار ذلك من فضلك؟', 'Used in Wirtschaft und Politik', 'formal', false, NULL, 2),
  ('eb0a1c12-f65a-4fb6-9890-32e4c82da2ba', 'Ich habe alles verstanden.', 'I understood everything.', 'لقد فهمت كل شيء.', 'Used in Wirtschaft und Politik', 'neutral', false, NULL, 3),
  ('eb0a1c12-f65a-4fb6-9890-32e4c82da2ba', 'Das ist eine gute Übung.', 'That is a good exercise.', 'هذا تمرين جيد.', 'Used in Wirtschaft und Politik', 'neutral', false, NULL, 4),
  ('eb0a1c12-f65a-4fb6-9890-32e4c82da2ba', 'Noch einmal, bitte!', 'Once more, please!', 'مرة أخرى من فضلك!', 'Used in Wirtschaft und Politik', 'formal', false, NULL, 5);

INSERT INTO public.lesson_flashcards (lesson_id, front, back, hint, category, order_index) VALUES
  ('eb0a1c12-f65a-4fb6-9890-32e4c82da2ba', 'Guten Morgen', 'Good morning', 'Used before noon', 'expression', 1),
  ('eb0a1c12-f65a-4fb6-9890-32e4c82da2ba', 'Guten Abend', 'Good evening', 'Used after 6 PM', 'expression', 2),
  ('eb0a1c12-f65a-4fb6-9890-32e4c82da2ba', 'Tschüss', 'Bye (informal)', 'With friends', 'expression', 3),
  ('eb0a1c12-f65a-4fb6-9890-32e4c82da2ba', 'Auf Wiedersehen', 'Goodbye (formal)', 'Formal situations', 'expression', 4),
  ('eb0a1c12-f65a-4fb6-9890-32e4c82da2ba', 'Bis später', 'See you later', 'Soon again', 'expression', 5),
  ('eb0a1c12-f65a-4fb6-9890-32e4c82da2ba', 'Willkommen', 'Welcome', 'First meeting', 'expression', 6),
  ('eb0a1c12-f65a-4fb6-9890-32e4c82da2ba', 'Entschuldigung', 'Excuse me / Sorry', 'Apology or attention', 'expression', 7),
  ('eb0a1c12-f65a-4fb6-9890-32e4c82da2ba', 'Vielen Dank', 'Thank you very much', 'Gratitude', 'expression', 8);

INSERT INTO public.lesson_homework (lesson_id, title, description, homework_type, tasks, estimated_minutes, order_index) VALUES
  ('eb0a1c12-f65a-4fb6-9890-32e4c82da2ba', 'Homework: Wiederholung: Wirtschaft und Politik', 'Complete these tasks to reinforce "Wiederholung: Wirtschaft und Politik" (Wirtschaft und Politik).', 'mixed', '[{"description":"Review all vocabulary from \"Wiederholung: Wirtschaft und Politik\" — write each word with its article and plural form."},{"description":"Write 5 sentences using the key words from this lesson."},{"description":"Practice the dialogue aloud 3 times and record yourself."}]', 25, 1);

INSERT INTO public.lesson_reviews (lesson_id, summary, key_points, grammar_summary, vocabulary_focus, common_mistakes_summary, tips) VALUES
  ('eb0a1c12-f65a-4fb6-9890-32e4c82da2ba', 'In this lesson on "Wiederholung: Wirtschaft und Politik" (Wirtschaft und Politik), you learned key review concepts at B2 level. Regular practice will help reinforce your understanding and build fluency.', '["Mastered the core vocabulary and expressions of \"Wiederholung: Wirtschaft und Politik\"","Understood and practiced the grammar structures taught","Developed review skills through targeted exercises","Built confidence in using German in practical situations","Identified areas for further practice and improvement","Connected new knowledge with previously learned material"]', '[{"title":"Key Grammar Points","summary":"Review the grammar rules and structures from this lesson on \"Wiederholung: Wirtschaft und Politik\""}]', ARRAY['"Wiederholung: Wirtschaft und Politik" core vocabulary', 'Wirtschaft und Politik key terms']::text[], ARRAY['Pay attention to article gender (der/die/das)', 'Verb is always in second position in main clauses', 'Remember: German nouns are always capitalized']::text[], ARRAY['Practice 15-20 minutes daily for best results', 'Use new vocabulary in real sentences immediately', 'Speak out loud to improve pronunciation and fluency', 'Review previous lessons before starting new material']::text[]);

INSERT INTO public.lesson_speaking (lesson_id, title, prompt, scenario, tips, vocabulary_hints, min_duration_seconds, order_index) VALUES
  ('eb0a1c12-f65a-4fb6-9890-32e4c82da2ba', 'Wiederholung: Wirtschaft und Politik — Speaking 1', 'Practice the key vocabulary and phrases from "Wiederholung: Wirtschaft und Politik" aloud. Focus on correct pronunciation.', 'Speaking practice for Wirtschaft und Politik', ARRAY['Speak slowly and clearly', 'Use full sentences', 'Don''t worry about mistakes', 'Practice 3 times']::text[], ARRAY['Use this lesson''s vocabulary', 'Apply correct grammar']::text[], 30, 1);

INSERT INTO public.lesson_speaking (lesson_id, title, prompt, scenario, tips, vocabulary_hints, min_duration_seconds, order_index) VALUES
  ('eb0a1c12-f65a-4fb6-9890-32e4c82da2ba', 'Wiederholung: Wirtschaft und Politik — Speaking 2', 'Role-play: Imagine you are in a situation related to Wirtschaft und Politik. Have a dialogue with a partner.', 'Speaking practice for Wirtschaft und Politik', ARRAY['Speak slowly and clearly', 'Use full sentences', 'Don''t worry about mistakes', 'Practice 3 times']::text[], ARRAY['Use this lesson''s vocabulary', 'Apply correct grammar']::text[], 60, 2);

INSERT INTO public.lesson_conversations (lesson_id, title, scenario, role_user, role_ai, context, opening_line, vocabulary_hints, difficulty, order_index) VALUES
  ('eb0a1c12-f65a-4fb6-9890-32e4c82da2ba', 'Wiederholung: Wirtschaft und Politik — Conversation 1', 'Practice a realistic conversation about wiederholung: wirtschaft und politik in the context of Wirtschaft und Politik.', 'Student', 'Teacher', 'You are a student at B2 level. Practice having a natural German conversation about this lesson''s topic.', 'Hallo! Lass uns über "Wiederholung: Wirtschaft und Politik" sprechen. Bist du bereit?', ARRAY[]::text[], 'intermediate', 1);

INSERT INTO public.lesson_ai_challenges (lesson_id, title, question, scenario, expected_elements, tips, difficulty, order_index) VALUES
  ('eb0a1c12-f65a-4fb6-9890-32e4c82da2ba', 'Wiederholung: Wirtschaft und Politik — Creative Application', 'Create a short dialogue or story using at least 10 vocabulary words and grammar structures from "Wiederholung: Wirtschaft und Politik". The dialogue should be realistic and related to Wirtschaft und Politik.', 'Creative practice for Wiederholung: Wirtschaft und Politik', ARRAY['10+ vocabulary words from the lesson', 'Correct grammar application', 'Realistic and natural dialogue', 'Creative and original content']::text[], ARRAY['Review the lesson material first', 'Take your time to think', 'Be creative and original']::text[], 'easy', 1);

INSERT INTO public.lesson_reading (lesson_id, title, content, english_translation, arabic_translation, word_count, difficulty_rating, audio_url, source) VALUES
  ('eb0a1c12-f65a-4fb6-9890-32e4c82da2ba', 'Wiederholung: Wirtschaft und Politik — Reading Practice', 'This is a B2-level reading passage about wiederholung: wirtschaft und politik in the context of Wirtschaft und Politik.

Wiederholung: Wirtschaft und Politik is an important topic for German learners. In this lesson, you will learn key vocabulary and grammar structures that will help you communicate effectively in real-life situations.

The module "Wirtschaft und Politik" provides a comprehensive introduction to this topic. By studying this material carefully and practicing regularly, you will build confidence in your German language skills.

Try to read the passage without translating every word. Focus on understanding the main ideas first. Then read again for details. Finally, practice reading aloud to improve your pronunciation.', NULL, NULL, 104, 1, NULL, 'DeutschMentor Curriculum');

INSERT INTO public.lesson_listening (lesson_id, title, transcript, english_translation, arabic_translation, audio_url, duration_seconds, speaker_count, scenario) VALUES
  ('eb0a1c12-f65a-4fb6-9890-32e4c82da2ba', 'Wiederholung: Wirtschaft und Politik — Listening Exercise', '[Teacher]: Hallo! Willkommen zur Lektion "Wiederholung: Wirtschaft und Politik" aus dem Modul "Wirtschaft und Politik".

[Teacher]: Heute lernen wir wichtige Wörter und Sätze. Bitte hören Sie gut zu und wiederholen Sie.

[Student]: Ich bin bereit! Was lernen wir zuerst?

[Teacher]: Wir beginnen mit den Grundlagen. Wiederholen Sie bitte jedes Wort nach mir.

[Student]: Das ist eine gute Übung. Kann ich die Wörter auch in Sätzen hören?

[Teacher]: Natürlich! Ich zeige Ihnen Beispiele für jeden Satz. Dann üben wir zusammen.

[Student]: Perfekt! Vielen Dank für die Hilfe.

[Teacher]: Gern geschehen! Üben Sie zu Hause weiter. Viel Erfolg!', NULL, NULL, NULL, 120, 2, 'Wirtschaft und Politik');

INSERT INTO public.lesson_expressions (lesson_id, german, english_translation, arabic_translation, usage_context, formality, is_idiom, literal_translation, order_index) VALUES
  ('db9d1363-a1f7-4be6-acd4-64dea5e70501', 'Ich wiederhole die Vokabeln.', 'I review the vocabulary.', 'أراجع المفردات.', 'Used in Diskussion und Argumentation', 'neutral', false, NULL, 1),
  ('db9d1363-a1f7-4be6-acd4-64dea5e70501', 'Kannst du das bitte wiederholen?', 'Can you please repeat that?', 'هل يمكنك تكرار ذلك من فضلك؟', 'Used in Diskussion und Argumentation', 'formal', false, NULL, 2),
  ('db9d1363-a1f7-4be6-acd4-64dea5e70501', 'Ich habe alles verstanden.', 'I understood everything.', 'لقد فهمت كل شيء.', 'Used in Diskussion und Argumentation', 'neutral', false, NULL, 3),
  ('db9d1363-a1f7-4be6-acd4-64dea5e70501', 'Das ist eine gute Übung.', 'That is a good exercise.', 'هذا تمرين جيد.', 'Used in Diskussion und Argumentation', 'neutral', false, NULL, 4),
  ('db9d1363-a1f7-4be6-acd4-64dea5e70501', 'Noch einmal, bitte!', 'Once more, please!', 'مرة أخرى من فضلك!', 'Used in Diskussion und Argumentation', 'formal', false, NULL, 5);

INSERT INTO public.lesson_flashcards (lesson_id, front, back, hint, category, order_index) VALUES
  ('db9d1363-a1f7-4be6-acd4-64dea5e70501', 'Guten Morgen', 'Good morning', 'Used before noon', 'expression', 1),
  ('db9d1363-a1f7-4be6-acd4-64dea5e70501', 'Guten Abend', 'Good evening', 'Used after 6 PM', 'expression', 2),
  ('db9d1363-a1f7-4be6-acd4-64dea5e70501', 'Tschüss', 'Bye (informal)', 'With friends', 'expression', 3),
  ('db9d1363-a1f7-4be6-acd4-64dea5e70501', 'Auf Wiedersehen', 'Goodbye (formal)', 'Formal situations', 'expression', 4),
  ('db9d1363-a1f7-4be6-acd4-64dea5e70501', 'Bis später', 'See you later', 'Soon again', 'expression', 5),
  ('db9d1363-a1f7-4be6-acd4-64dea5e70501', 'Willkommen', 'Welcome', 'First meeting', 'expression', 6),
  ('db9d1363-a1f7-4be6-acd4-64dea5e70501', 'Entschuldigung', 'Excuse me / Sorry', 'Apology or attention', 'expression', 7),
  ('db9d1363-a1f7-4be6-acd4-64dea5e70501', 'Vielen Dank', 'Thank you very much', 'Gratitude', 'expression', 8);

INSERT INTO public.lesson_expressions (lesson_id, german, english_translation, arabic_translation, usage_context, formality, is_idiom, literal_translation, order_index) VALUES
  ('c6ecc3e9-37fb-4423-b4b9-0cea5e7db47d', 'Ich wiederhole die Vokabeln.', 'I review the vocabulary.', 'أراجع المفردات.', 'Used in Kultur und Gesellschaft', 'neutral', false, NULL, 1),
  ('c6ecc3e9-37fb-4423-b4b9-0cea5e7db47d', 'Kannst du das bitte wiederholen?', 'Can you please repeat that?', 'هل يمكنك تكرار ذلك من فضلك؟', 'Used in Kultur und Gesellschaft', 'formal', false, NULL, 2),
  ('c6ecc3e9-37fb-4423-b4b9-0cea5e7db47d', 'Ich habe alles verstanden.', 'I understood everything.', 'لقد فهمت كل شيء.', 'Used in Kultur und Gesellschaft', 'neutral', false, NULL, 3),
  ('c6ecc3e9-37fb-4423-b4b9-0cea5e7db47d', 'Das ist eine gute Übung.', 'That is a good exercise.', 'هذا تمرين جيد.', 'Used in Kultur und Gesellschaft', 'neutral', false, NULL, 4),
  ('c6ecc3e9-37fb-4423-b4b9-0cea5e7db47d', 'Noch einmal, bitte!', 'Once more, please!', 'مرة أخرى من فضلك!', 'Used in Kultur und Gesellschaft', 'formal', false, NULL, 5);

INSERT INTO public.lesson_flashcards (lesson_id, front, back, hint, category, order_index) VALUES
  ('c6ecc3e9-37fb-4423-b4b9-0cea5e7db47d', 'Guten Morgen', 'Good morning', 'Used before noon', 'expression', 1),
  ('c6ecc3e9-37fb-4423-b4b9-0cea5e7db47d', 'Guten Abend', 'Good evening', 'Used after 6 PM', 'expression', 2),
  ('c6ecc3e9-37fb-4423-b4b9-0cea5e7db47d', 'Tschüss', 'Bye (informal)', 'With friends', 'expression', 3),
  ('c6ecc3e9-37fb-4423-b4b9-0cea5e7db47d', 'Auf Wiedersehen', 'Goodbye (formal)', 'Formal situations', 'expression', 4),
  ('c6ecc3e9-37fb-4423-b4b9-0cea5e7db47d', 'Bis später', 'See you later', 'Soon again', 'expression', 5),
  ('c6ecc3e9-37fb-4423-b4b9-0cea5e7db47d', 'Willkommen', 'Welcome', 'First meeting', 'expression', 6),
  ('c6ecc3e9-37fb-4423-b4b9-0cea5e7db47d', 'Entschuldigung', 'Excuse me / Sorry', 'Apology or attention', 'expression', 7),
  ('c6ecc3e9-37fb-4423-b4b9-0cea5e7db47d', 'Vielen Dank', 'Thank you very much', 'Gratitude', 'expression', 8);

INSERT INTO public.lesson_expressions (lesson_id, german, english_translation, arabic_translation, usage_context, formality, is_idiom, literal_translation, order_index) VALUES
  ('7a7a785c-0ef1-4de3-af50-b290f7052d05', 'Ich wiederhole die Vokabeln.', 'I review the vocabulary.', 'أراجع المفردات.', 'Used in Präsentationen und Vorträge', 'neutral', false, NULL, 1),
  ('7a7a785c-0ef1-4de3-af50-b290f7052d05', 'Kannst du das bitte wiederholen?', 'Can you please repeat that?', 'هل يمكنك تكرار ذلك من فضلك؟', 'Used in Präsentationen und Vorträge', 'formal', false, NULL, 2),
  ('7a7a785c-0ef1-4de3-af50-b290f7052d05', 'Ich habe alles verstanden.', 'I understood everything.', 'لقد فهمت كل شيء.', 'Used in Präsentationen und Vorträge', 'neutral', false, NULL, 3),
  ('7a7a785c-0ef1-4de3-af50-b290f7052d05', 'Das ist eine gute Übung.', 'That is a good exercise.', 'هذا تمرين جيد.', 'Used in Präsentationen und Vorträge', 'neutral', false, NULL, 4),
  ('7a7a785c-0ef1-4de3-af50-b290f7052d05', 'Noch einmal, bitte!', 'Once more, please!', 'مرة أخرى من فضلك!', 'Used in Präsentationen und Vorträge', 'formal', false, NULL, 5);

INSERT INTO public.lesson_flashcards (lesson_id, front, back, hint, category, order_index) VALUES
  ('7a7a785c-0ef1-4de3-af50-b290f7052d05', 'Guten Morgen', 'Good morning', 'Used before noon', 'expression', 1),
  ('7a7a785c-0ef1-4de3-af50-b290f7052d05', 'Guten Abend', 'Good evening', 'Used after 6 PM', 'expression', 2),
  ('7a7a785c-0ef1-4de3-af50-b290f7052d05', 'Tschüss', 'Bye (informal)', 'With friends', 'expression', 3),
  ('7a7a785c-0ef1-4de3-af50-b290f7052d05', 'Auf Wiedersehen', 'Goodbye (formal)', 'Formal situations', 'expression', 4),
  ('7a7a785c-0ef1-4de3-af50-b290f7052d05', 'Bis später', 'See you later', 'Soon again', 'expression', 5),
  ('7a7a785c-0ef1-4de3-af50-b290f7052d05', 'Willkommen', 'Welcome', 'First meeting', 'expression', 6),
  ('7a7a785c-0ef1-4de3-af50-b290f7052d05', 'Entschuldigung', 'Excuse me / Sorry', 'Apology or attention', 'expression', 7),
  ('7a7a785c-0ef1-4de3-af50-b290f7052d05', 'Vielen Dank', 'Thank you very much', 'Gratitude', 'expression', 8);

INSERT INTO public.lesson_expressions (lesson_id, german, english_translation, arabic_translation, usage_context, formality, is_idiom, literal_translation, order_index) VALUES
  ('28cb2627-6e90-432a-9c3a-d5206cdc98ae', 'Ich wiederhole die Vokabeln.', 'I review the vocabulary.', 'أراجع المفردات.', 'Used in Fachsprache und Terminologie', 'neutral', false, NULL, 1),
  ('28cb2627-6e90-432a-9c3a-d5206cdc98ae', 'Kannst du das bitte wiederholen?', 'Can you please repeat that?', 'هل يمكنك تكرار ذلك من فضلك؟', 'Used in Fachsprache und Terminologie', 'formal', false, NULL, 2),
  ('28cb2627-6e90-432a-9c3a-d5206cdc98ae', 'Ich habe alles verstanden.', 'I understood everything.', 'لقد فهمت كل شيء.', 'Used in Fachsprache und Terminologie', 'neutral', false, NULL, 3),
  ('28cb2627-6e90-432a-9c3a-d5206cdc98ae', 'Das ist eine gute Übung.', 'That is a good exercise.', 'هذا تمرين جيد.', 'Used in Fachsprache und Terminologie', 'neutral', false, NULL, 4),
  ('28cb2627-6e90-432a-9c3a-d5206cdc98ae', 'Noch einmal, bitte!', 'Once more, please!', 'مرة أخرى من فضلك!', 'Used in Fachsprache und Terminologie', 'formal', false, NULL, 5);

INSERT INTO public.lesson_flashcards (lesson_id, front, back, hint, category, order_index) VALUES
  ('28cb2627-6e90-432a-9c3a-d5206cdc98ae', 'Guten Morgen', 'Good morning', 'Used before noon', 'expression', 1),
  ('28cb2627-6e90-432a-9c3a-d5206cdc98ae', 'Guten Abend', 'Good evening', 'Used after 6 PM', 'expression', 2),
  ('28cb2627-6e90-432a-9c3a-d5206cdc98ae', 'Tschüss', 'Bye (informal)', 'With friends', 'expression', 3),
  ('28cb2627-6e90-432a-9c3a-d5206cdc98ae', 'Auf Wiedersehen', 'Goodbye (formal)', 'Formal situations', 'expression', 4),
  ('28cb2627-6e90-432a-9c3a-d5206cdc98ae', 'Bis später', 'See you later', 'Soon again', 'expression', 5),
  ('28cb2627-6e90-432a-9c3a-d5206cdc98ae', 'Willkommen', 'Welcome', 'First meeting', 'expression', 6),
  ('28cb2627-6e90-432a-9c3a-d5206cdc98ae', 'Entschuldigung', 'Excuse me / Sorry', 'Apology or attention', 'expression', 7),
  ('28cb2627-6e90-432a-9c3a-d5206cdc98ae', 'Vielen Dank', 'Thank you very much', 'Gratitude', 'expression', 8);

INSERT INTO public.lesson_expressions (lesson_id, german, english_translation, arabic_translation, usage_context, formality, is_idiom, literal_translation, order_index) VALUES
  ('c256e967-163b-4b73-b65d-7f105788e152', 'Ich wiederhole die Vokabeln.', 'I review the vocabulary.', 'أراجع المفردات.', 'Used in Wirtschaft und Politik', 'neutral', false, NULL, 1),
  ('c256e967-163b-4b73-b65d-7f105788e152', 'Kannst du das bitte wiederholen?', 'Can you please repeat that?', 'هل يمكنك تكرار ذلك من فضلك؟', 'Used in Wirtschaft und Politik', 'formal', false, NULL, 2),
  ('c256e967-163b-4b73-b65d-7f105788e152', 'Ich habe alles verstanden.', 'I understood everything.', 'لقد فهمت كل شيء.', 'Used in Wirtschaft und Politik', 'neutral', false, NULL, 3),
  ('c256e967-163b-4b73-b65d-7f105788e152', 'Das ist eine gute Übung.', 'That is a good exercise.', 'هذا تمرين جيد.', 'Used in Wirtschaft und Politik', 'neutral', false, NULL, 4),
  ('c256e967-163b-4b73-b65d-7f105788e152', 'Noch einmal, bitte!', 'Once more, please!', 'مرة أخرى من فضلك!', 'Used in Wirtschaft und Politik', 'formal', false, NULL, 5);

INSERT INTO public.lesson_flashcards (lesson_id, front, back, hint, category, order_index) VALUES
  ('c256e967-163b-4b73-b65d-7f105788e152', 'Guten Morgen', 'Good morning', 'Used before noon', 'expression', 1),
  ('c256e967-163b-4b73-b65d-7f105788e152', 'Guten Abend', 'Good evening', 'Used after 6 PM', 'expression', 2),
  ('c256e967-163b-4b73-b65d-7f105788e152', 'Tschüss', 'Bye (informal)', 'With friends', 'expression', 3),
  ('c256e967-163b-4b73-b65d-7f105788e152', 'Auf Wiedersehen', 'Goodbye (formal)', 'Formal situations', 'expression', 4),
  ('c256e967-163b-4b73-b65d-7f105788e152', 'Bis später', 'See you later', 'Soon again', 'expression', 5),
  ('c256e967-163b-4b73-b65d-7f105788e152', 'Willkommen', 'Welcome', 'First meeting', 'expression', 6),
  ('c256e967-163b-4b73-b65d-7f105788e152', 'Entschuldigung', 'Excuse me / Sorry', 'Apology or attention', 'expression', 7),
  ('c256e967-163b-4b73-b65d-7f105788e152', 'Vielen Dank', 'Thank you very much', 'Gratitude', 'expression', 8);

INSERT INTO public.lesson_expressions (lesson_id, german, english_translation, arabic_translation, usage_context, formality, is_idiom, literal_translation, order_index) VALUES
  ('398f1712-b1af-4de2-9e57-6c97ea025910', 'Ich wiederhole die Vokabeln.', 'I review the vocabulary.', 'أراجع المفردات.', 'Used in Fachsprache und Terminologie', 'neutral', false, NULL, 1),
  ('398f1712-b1af-4de2-9e57-6c97ea025910', 'Kannst du das bitte wiederholen?', 'Can you please repeat that?', 'هل يمكنك تكرار ذلك من فضلك؟', 'Used in Fachsprache und Terminologie', 'formal', false, NULL, 2),
  ('398f1712-b1af-4de2-9e57-6c97ea025910', 'Ich habe alles verstanden.', 'I understood everything.', 'لقد فهمت كل شيء.', 'Used in Fachsprache und Terminologie', 'neutral', false, NULL, 3),
  ('398f1712-b1af-4de2-9e57-6c97ea025910', 'Das ist eine gute Übung.', 'That is a good exercise.', 'هذا تمرين جيد.', 'Used in Fachsprache und Terminologie', 'neutral', false, NULL, 4),
  ('398f1712-b1af-4de2-9e57-6c97ea025910', 'Noch einmal, bitte!', 'Once more, please!', 'مرة أخرى من فضلك!', 'Used in Fachsprache und Terminologie', 'formal', false, NULL, 5);

INSERT INTO public.lesson_flashcards (lesson_id, front, back, hint, category, order_index) VALUES
  ('398f1712-b1af-4de2-9e57-6c97ea025910', 'Guten Morgen', 'Good morning', 'Used before noon', 'expression', 1),
  ('398f1712-b1af-4de2-9e57-6c97ea025910', 'Guten Abend', 'Good evening', 'Used after 6 PM', 'expression', 2),
  ('398f1712-b1af-4de2-9e57-6c97ea025910', 'Tschüss', 'Bye (informal)', 'With friends', 'expression', 3),
  ('398f1712-b1af-4de2-9e57-6c97ea025910', 'Auf Wiedersehen', 'Goodbye (formal)', 'Formal situations', 'expression', 4),
  ('398f1712-b1af-4de2-9e57-6c97ea025910', 'Bis später', 'See you later', 'Soon again', 'expression', 5),
  ('398f1712-b1af-4de2-9e57-6c97ea025910', 'Willkommen', 'Welcome', 'First meeting', 'expression', 6),
  ('398f1712-b1af-4de2-9e57-6c97ea025910', 'Entschuldigung', 'Excuse me / Sorry', 'Apology or attention', 'expression', 7),
  ('398f1712-b1af-4de2-9e57-6c97ea025910', 'Vielen Dank', 'Thank you very much', 'Gratitude', 'expression', 8);

INSERT INTO public.lesson_expressions (lesson_id, german, english_translation, arabic_translation, usage_context, formality, is_idiom, literal_translation, order_index) VALUES
  ('953d6bfe-d981-4fe8-b902-0fe94b395385', 'Ich wiederhole die Vokabeln.', 'I review the vocabulary.', 'أراجع المفردات.', 'Used in Präsentationen und Vorträge', 'neutral', false, NULL, 1),
  ('953d6bfe-d981-4fe8-b902-0fe94b395385', 'Kannst du das bitte wiederholen?', 'Can you please repeat that?', 'هل يمكنك تكرار ذلك من فضلك؟', 'Used in Präsentationen und Vorträge', 'formal', false, NULL, 2),
  ('953d6bfe-d981-4fe8-b902-0fe94b395385', 'Ich habe alles verstanden.', 'I understood everything.', 'لقد فهمت كل شيء.', 'Used in Präsentationen und Vorträge', 'neutral', false, NULL, 3),
  ('953d6bfe-d981-4fe8-b902-0fe94b395385', 'Das ist eine gute Übung.', 'That is a good exercise.', 'هذا تمرين جيد.', 'Used in Präsentationen und Vorträge', 'neutral', false, NULL, 4),
  ('953d6bfe-d981-4fe8-b902-0fe94b395385', 'Noch einmal, bitte!', 'Once more, please!', 'مرة أخرى من فضلك!', 'Used in Präsentationen und Vorträge', 'formal', false, NULL, 5);

INSERT INTO public.lesson_flashcards (lesson_id, front, back, hint, category, order_index) VALUES
  ('953d6bfe-d981-4fe8-b902-0fe94b395385', 'Guten Morgen', 'Good morning', 'Used before noon', 'expression', 1),
  ('953d6bfe-d981-4fe8-b902-0fe94b395385', 'Guten Abend', 'Good evening', 'Used after 6 PM', 'expression', 2),
  ('953d6bfe-d981-4fe8-b902-0fe94b395385', 'Tschüss', 'Bye (informal)', 'With friends', 'expression', 3),
  ('953d6bfe-d981-4fe8-b902-0fe94b395385', 'Auf Wiedersehen', 'Goodbye (formal)', 'Formal situations', 'expression', 4),
  ('953d6bfe-d981-4fe8-b902-0fe94b395385', 'Bis später', 'See you later', 'Soon again', 'expression', 5),
  ('953d6bfe-d981-4fe8-b902-0fe94b395385', 'Willkommen', 'Welcome', 'First meeting', 'expression', 6),
  ('953d6bfe-d981-4fe8-b902-0fe94b395385', 'Entschuldigung', 'Excuse me / Sorry', 'Apology or attention', 'expression', 7),
  ('953d6bfe-d981-4fe8-b902-0fe94b395385', 'Vielen Dank', 'Thank you very much', 'Gratitude', 'expression', 8);

INSERT INTO public.lesson_expressions (lesson_id, german, english_translation, arabic_translation, usage_context, formality, is_idiom, literal_translation, order_index) VALUES
  ('ac42a280-59aa-4d4e-ae7d-2d9f56493160', 'Ich wiederhole die Vokabeln.', 'I review the vocabulary.', 'أراجع المفردات.', 'Used in Diskussion und Argumentation', 'neutral', false, NULL, 1),
  ('ac42a280-59aa-4d4e-ae7d-2d9f56493160', 'Kannst du das bitte wiederholen?', 'Can you please repeat that?', 'هل يمكنك تكرار ذلك من فضلك؟', 'Used in Diskussion und Argumentation', 'formal', false, NULL, 2),
  ('ac42a280-59aa-4d4e-ae7d-2d9f56493160', 'Ich habe alles verstanden.', 'I understood everything.', 'لقد فهمت كل شيء.', 'Used in Diskussion und Argumentation', 'neutral', false, NULL, 3),
  ('ac42a280-59aa-4d4e-ae7d-2d9f56493160', 'Das ist eine gute Übung.', 'That is a good exercise.', 'هذا تمرين جيد.', 'Used in Diskussion und Argumentation', 'neutral', false, NULL, 4),
  ('ac42a280-59aa-4d4e-ae7d-2d9f56493160', 'Noch einmal, bitte!', 'Once more, please!', 'مرة أخرى من فضلك!', 'Used in Diskussion und Argumentation', 'formal', false, NULL, 5);

INSERT INTO public.lesson_flashcards (lesson_id, front, back, hint, category, order_index) VALUES
  ('ac42a280-59aa-4d4e-ae7d-2d9f56493160', 'Guten Morgen', 'Good morning', 'Used before noon', 'expression', 1),
  ('ac42a280-59aa-4d4e-ae7d-2d9f56493160', 'Guten Abend', 'Good evening', 'Used after 6 PM', 'expression', 2),
  ('ac42a280-59aa-4d4e-ae7d-2d9f56493160', 'Tschüss', 'Bye (informal)', 'With friends', 'expression', 3),
  ('ac42a280-59aa-4d4e-ae7d-2d9f56493160', 'Auf Wiedersehen', 'Goodbye (formal)', 'Formal situations', 'expression', 4),
  ('ac42a280-59aa-4d4e-ae7d-2d9f56493160', 'Bis später', 'See you later', 'Soon again', 'expression', 5),
  ('ac42a280-59aa-4d4e-ae7d-2d9f56493160', 'Willkommen', 'Welcome', 'First meeting', 'expression', 6),
  ('ac42a280-59aa-4d4e-ae7d-2d9f56493160', 'Entschuldigung', 'Excuse me / Sorry', 'Apology or attention', 'expression', 7),
  ('ac42a280-59aa-4d4e-ae7d-2d9f56493160', 'Vielen Dank', 'Thank you very much', 'Gratitude', 'expression', 8);

INSERT INTO public.lesson_expressions (lesson_id, german, english_translation, arabic_translation, usage_context, formality, is_idiom, literal_translation, order_index) VALUES
  ('21f73298-0c9f-4815-949e-4701765205a5', 'Ich wiederhole die Vokabeln.', 'I review the vocabulary.', 'أراجع المفردات.', 'Used in Kultur und Gesellschaft', 'neutral', false, NULL, 1),
  ('21f73298-0c9f-4815-949e-4701765205a5', 'Kannst du das bitte wiederholen?', 'Can you please repeat that?', 'هل يمكنك تكرار ذلك من فضلك؟', 'Used in Kultur und Gesellschaft', 'formal', false, NULL, 2),
  ('21f73298-0c9f-4815-949e-4701765205a5', 'Ich habe alles verstanden.', 'I understood everything.', 'لقد فهمت كل شيء.', 'Used in Kultur und Gesellschaft', 'neutral', false, NULL, 3),
  ('21f73298-0c9f-4815-949e-4701765205a5', 'Das ist eine gute Übung.', 'That is a good exercise.', 'هذا تمرين جيد.', 'Used in Kultur und Gesellschaft', 'neutral', false, NULL, 4),
  ('21f73298-0c9f-4815-949e-4701765205a5', 'Noch einmal, bitte!', 'Once more, please!', 'مرة أخرى من فضلك!', 'Used in Kultur und Gesellschaft', 'formal', false, NULL, 5);

INSERT INTO public.lesson_flashcards (lesson_id, front, back, hint, category, order_index) VALUES
  ('21f73298-0c9f-4815-949e-4701765205a5', 'Guten Morgen', 'Good morning', 'Used before noon', 'expression', 1),
  ('21f73298-0c9f-4815-949e-4701765205a5', 'Guten Abend', 'Good evening', 'Used after 6 PM', 'expression', 2),
  ('21f73298-0c9f-4815-949e-4701765205a5', 'Tschüss', 'Bye (informal)', 'With friends', 'expression', 3),
  ('21f73298-0c9f-4815-949e-4701765205a5', 'Auf Wiedersehen', 'Goodbye (formal)', 'Formal situations', 'expression', 4),
  ('21f73298-0c9f-4815-949e-4701765205a5', 'Bis später', 'See you later', 'Soon again', 'expression', 5),
  ('21f73298-0c9f-4815-949e-4701765205a5', 'Willkommen', 'Welcome', 'First meeting', 'expression', 6),
  ('21f73298-0c9f-4815-949e-4701765205a5', 'Entschuldigung', 'Excuse me / Sorry', 'Apology or attention', 'expression', 7),
  ('21f73298-0c9f-4815-949e-4701765205a5', 'Vielen Dank', 'Thank you very much', 'Gratitude', 'expression', 8);

INSERT INTO public.lesson_expressions (lesson_id, german, english_translation, arabic_translation, usage_context, formality, is_idiom, literal_translation, order_index) VALUES
  ('15f17b10-830e-42f3-9fd2-d1148ac21f17', 'Was sind Sie von Beruf?', 'What do you do for a living?', 'ما هي مهنتك؟', 'Used in Berufliche Kommunikation', 'formal', false, NULL, 1),
  ('15f17b10-830e-42f3-9fd2-d1148ac21f17', 'Ich arbeite als Ingenieur.', 'I work as an engineer.', 'أعمل كمهندس.', 'Used in Berufliche Kommunikation', 'neutral', false, NULL, 2),
  ('15f17b10-830e-42f3-9fd2-d1148ac21f17', 'Wo arbeiten Sie?', 'Where do you work?', 'أين تعمل؟', 'Used in Berufliche Kommunikation', 'formal', false, NULL, 3),
  ('15f17b10-830e-42f3-9fd2-d1148ac21f17', 'Ich bin selbstständig.', 'I am self-employed.', 'أنا مستقل.', 'Used in Berufliche Kommunikation', 'neutral', false, NULL, 4),
  ('15f17b10-830e-42f3-9fd2-d1148ac21f17', 'Ich bin Angestellte bei einer Firma.', 'I am an employee at a company.', 'أنا موظفة في شركة.', 'Used in Berufliche Kommunikation', 'neutral', false, NULL, 5),
  ('15f17b10-830e-42f3-9fd2-d1148ac21f17', 'Mein Büro ist im Zentrum.', 'My office is in the center.', 'مكتبي في المركز.', 'Used in Berufliche Kommunikation', 'neutral', false, NULL, 6),
  ('15f17b10-830e-42f3-9fd2-d1148ac21f17', 'Ich arbeite von 9 bis 17 Uhr.', 'I work from 9 to 5.', 'أعمل من 9 إلى 5.', 'Used in Berufliche Kommunikation', 'neutral', false, NULL, 7);

INSERT INTO public.lesson_flashcards (lesson_id, front, back, hint, category, order_index) VALUES
  ('15f17b10-830e-42f3-9fd2-d1148ac21f17', 'der Beruf', 'profession', 'Job title', 'vocabulary', 1),
  ('15f17b10-830e-42f3-9fd2-d1148ac21f17', 'die Arbeit', 'work', 'What you do', 'vocabulary', 2),
  ('15f17b10-830e-42f3-9fd2-d1148ac21f17', 'das Büro', 'office', 'Where you work', 'vocabulary', 3),
  ('15f17b10-830e-42f3-9fd2-d1148ac21f17', 'der Chef', 'boss', 'Your supervisor', 'vocabulary', 4),
  ('15f17b10-830e-42f3-9fd2-d1148ac21f17', 'die Firma', 'company', 'Business', 'vocabulary', 5),
  ('15f17b10-830e-42f3-9fd2-d1148ac21f17', 'der Kollege', 'colleague', 'Work together', 'vocabulary', 6),
  ('15f17b10-830e-42f3-9fd2-d1148ac21f17', 'das Gehalt', 'salary', 'Monthly payment', 'vocabulary', 7),
  ('15f17b10-830e-42f3-9fd2-d1148ac21f17', 'die Bewerbung', 'application', 'For a job', 'vocabulary', 8);

INSERT INTO public.lesson_expressions (lesson_id, german, english_translation, arabic_translation, usage_context, formality, is_idiom, literal_translation, order_index) VALUES
  ('730be36e-9eb5-4ac7-8b05-05a56d7eff6d', 'Was sind Sie von Beruf?', 'What do you do for a living?', 'ما هي مهنتك؟', 'Used in Berufliche Kommunikation', 'formal', false, NULL, 1),
  ('730be36e-9eb5-4ac7-8b05-05a56d7eff6d', 'Ich arbeite als Ingenieur.', 'I work as an engineer.', 'أعمل كمهندس.', 'Used in Berufliche Kommunikation', 'neutral', false, NULL, 2),
  ('730be36e-9eb5-4ac7-8b05-05a56d7eff6d', 'Wo arbeiten Sie?', 'Where do you work?', 'أين تعمل؟', 'Used in Berufliche Kommunikation', 'formal', false, NULL, 3),
  ('730be36e-9eb5-4ac7-8b05-05a56d7eff6d', 'Ich bin selbstständig.', 'I am self-employed.', 'أنا مستقل.', 'Used in Berufliche Kommunikation', 'neutral', false, NULL, 4),
  ('730be36e-9eb5-4ac7-8b05-05a56d7eff6d', 'Ich bin Angestellte bei einer Firma.', 'I am an employee at a company.', 'أنا موظفة في شركة.', 'Used in Berufliche Kommunikation', 'neutral', false, NULL, 5),
  ('730be36e-9eb5-4ac7-8b05-05a56d7eff6d', 'Mein Büro ist im Zentrum.', 'My office is in the center.', 'مكتبي في المركز.', 'Used in Berufliche Kommunikation', 'neutral', false, NULL, 6),
  ('730be36e-9eb5-4ac7-8b05-05a56d7eff6d', 'Ich arbeite von 9 bis 17 Uhr.', 'I work from 9 to 5.', 'أعمل من 9 إلى 5.', 'Used in Berufliche Kommunikation', 'neutral', false, NULL, 7);

INSERT INTO public.lesson_flashcards (lesson_id, front, back, hint, category, order_index) VALUES
  ('730be36e-9eb5-4ac7-8b05-05a56d7eff6d', 'der Beruf', 'profession', 'Job title', 'vocabulary', 1),
  ('730be36e-9eb5-4ac7-8b05-05a56d7eff6d', 'die Arbeit', 'work', 'What you do', 'vocabulary', 2),
  ('730be36e-9eb5-4ac7-8b05-05a56d7eff6d', 'das Büro', 'office', 'Where you work', 'vocabulary', 3),
  ('730be36e-9eb5-4ac7-8b05-05a56d7eff6d', 'der Chef', 'boss', 'Your supervisor', 'vocabulary', 4),
  ('730be36e-9eb5-4ac7-8b05-05a56d7eff6d', 'die Firma', 'company', 'Business', 'vocabulary', 5),
  ('730be36e-9eb5-4ac7-8b05-05a56d7eff6d', 'der Kollege', 'colleague', 'Work together', 'vocabulary', 6),
  ('730be36e-9eb5-4ac7-8b05-05a56d7eff6d', 'das Gehalt', 'salary', 'Monthly payment', 'vocabulary', 7),
  ('730be36e-9eb5-4ac7-8b05-05a56d7eff6d', 'die Bewerbung', 'application', 'For a job', 'vocabulary', 8);

INSERT INTO public.lesson_expressions (lesson_id, german, english_translation, arabic_translation, usage_context, formality, is_idiom, literal_translation, order_index) VALUES
  ('533d8b60-787b-4752-aa19-ffb8baff396e', 'Ich wiederhole die Vokabeln.', 'I review the vocabulary.', 'أراجع المفردات.', 'Used in Wirtschaft und Politik', 'neutral', false, NULL, 1),
  ('533d8b60-787b-4752-aa19-ffb8baff396e', 'Kannst du das bitte wiederholen?', 'Can you please repeat that?', 'هل يمكنك تكرار ذلك من فضلك؟', 'Used in Wirtschaft und Politik', 'formal', false, NULL, 2),
  ('533d8b60-787b-4752-aa19-ffb8baff396e', 'Ich habe alles verstanden.', 'I understood everything.', 'لقد فهمت كل شيء.', 'Used in Wirtschaft und Politik', 'neutral', false, NULL, 3),
  ('533d8b60-787b-4752-aa19-ffb8baff396e', 'Das ist eine gute Übung.', 'That is a good exercise.', 'هذا تمرين جيد.', 'Used in Wirtschaft und Politik', 'neutral', false, NULL, 4),
  ('533d8b60-787b-4752-aa19-ffb8baff396e', 'Noch einmal, bitte!', 'Once more, please!', 'مرة أخرى من فضلك!', 'Used in Wirtschaft und Politik', 'formal', false, NULL, 5);

INSERT INTO public.lesson_flashcards (lesson_id, front, back, hint, category, order_index) VALUES
  ('533d8b60-787b-4752-aa19-ffb8baff396e', 'Guten Morgen', 'Good morning', 'Used before noon', 'expression', 1),
  ('533d8b60-787b-4752-aa19-ffb8baff396e', 'Guten Abend', 'Good evening', 'Used after 6 PM', 'expression', 2),
  ('533d8b60-787b-4752-aa19-ffb8baff396e', 'Tschüss', 'Bye (informal)', 'With friends', 'expression', 3),
  ('533d8b60-787b-4752-aa19-ffb8baff396e', 'Auf Wiedersehen', 'Goodbye (formal)', 'Formal situations', 'expression', 4),
  ('533d8b60-787b-4752-aa19-ffb8baff396e', 'Bis später', 'See you later', 'Soon again', 'expression', 5),
  ('533d8b60-787b-4752-aa19-ffb8baff396e', 'Willkommen', 'Welcome', 'First meeting', 'expression', 6),
  ('533d8b60-787b-4752-aa19-ffb8baff396e', 'Entschuldigung', 'Excuse me / Sorry', 'Apology or attention', 'expression', 7),
  ('533d8b60-787b-4752-aa19-ffb8baff396e', 'Vielen Dank', 'Thank you very much', 'Gratitude', 'expression', 8);